gsm	sample_key	set	institutional_diagnosis	methylation_class	atlas_disease	entity_kind	subtype_evidence	sample_type	site	manifestation
GSM4180453	REFERENCE_SAMPLE 1	reference	Control (muscle tissue)	methylation class control (muscle tissue)	Non-neoplastic control	benign	institutional_diagnosis	primary_tumor	Soft tissue, limbs, lower limbs, thigh	
GSM4180454	REFERENCE_SAMPLE 2	reference	Control (muscle tissue)	methylation class control (muscle tissue)	Non-neoplastic control	benign	institutional_diagnosis	primary_tumor	Soft tissue, limbs, upper limbs, forearm	
GSM4180455	REFERENCE_SAMPLE 3	reference	Control (muscle tissue)	methylation class control (muscle tissue)	Non-neoplastic control	benign	institutional_diagnosis	primary_tumor	Soft tissue, limbs, upper limbs, forearm	
GSM4180456	REFERENCE_SAMPLE 4	reference	Control (muscle tissue)	methylation class control (muscle tissue)	Non-neoplastic control	benign	institutional_diagnosis	primary_tumor	Soft tissue, limbs	
GSM4180457	REFERENCE_SAMPLE 5	reference	Control (muscle tissue)	methylation class control (muscle tissue)	Non-neoplastic control	benign	institutional_diagnosis	primary_tumor	Soft tissue, limbs, lower limbs, thigh	
GSM4180458	REFERENCE_SAMPLE 6	reference	Control (muscle tissue)	methylation class control (muscle tissue)	Non-neoplastic control	benign	institutional_diagnosis	primary_tumor	Soft tissue, limbs, lower limbs, thigh	
GSM4180459	REFERENCE_SAMPLE 7	reference	Control (muscle tissue)	methylation class control (muscle tissue)	Non-neoplastic control	benign	institutional_diagnosis	primary_tumor	Soft tissue, limbs, lower limbs, thigh	
GSM4180460	REFERENCE_SAMPLE 8	reference	Control (muscle tissue)	methylation class control (muscle tissue)	Non-neoplastic control	benign	institutional_diagnosis	primary_tumor	Soft tissue, limbs, lower limbs, leg	
GSM4180461	REFERENCE_SAMPLE 9	reference	Ewing´s sarcoma	methylation class Ewing´s sarcoma	Ewing	sarcoma	institutional_diagnosis	metastasis	Visceral, thorax, lung	Metastasis
GSM4180462	REFERENCE_SAMPLE 10	reference	Desmoid-type fibromatosis	methylation class desmoid-type fibromatosis	Desmoid	sarcoma	institutional_diagnosis	primary_tumor	Soft tissue, trunk, thorax	Primary
GSM4180463	REFERENCE_SAMPLE 11	reference	Malignant rhabdoid tumour	methylation class malignant rhabdoid tumour	Rhabdoid tumor/ATRT	sarcoma	institutional_diagnosis	primary_tumor	Soft tissue, head and neck	Primary
GSM4180464	REFERENCE_SAMPLE 12	reference	Chondrosarcoma (clear cell)	methylation class chondrosarcoma (clear cell)	Chondrosarcoma	sarcoma	institutional_diagnosis	primary_tumor	Bone, limbs, upper limbs, femur	Primary
GSM4180465	REFERENCE_SAMPLE 13	reference	Chondrosarcoma (clear cell)	methylation class chondrosarcoma (clear cell)	Chondrosarcoma	sarcoma	institutional_diagnosis	primary_tumor	Bone, limbs, lower limbs, tibia	Primary
GSM4180466	REFERENCE_SAMPLE 14	reference	Chondrosarcoma (clear cell)	methylation class chondrosarcoma (clear cell)	Chondrosarcoma	sarcoma	institutional_diagnosis	primary_tumor	Bone, limbs, upper limbs, femur	Primary
GSM4180467	REFERENCE_SAMPLE 15	reference	Chondrosarcoma (clear cell)	methylation class chondrosarcoma (clear cell)	Chondrosarcoma	sarcoma	institutional_diagnosis	primary_tumor	Bone, limbs, upper limbs, femur	Primary
GSM4180468	REFERENCE_SAMPLE 16	reference	Chondrosarcoma (clear cell)	methylation class chondrosarcoma (clear cell)	Chondrosarcoma	sarcoma	institutional_diagnosis	primary_tumor	Bone, limbs, upper limbs, femur	Primary
GSM4180469	REFERENCE_SAMPLE 17	reference	Chondrosarcoma (clear cell)	methylation class chondrosarcoma (clear cell)	Chondrosarcoma	sarcoma	institutional_diagnosis	primary_tumor	Bone, limbs, lower limbs, tibia	Primary
GSM4180470	REFERENCE_SAMPLE 18	reference	Chondrosarcoma (mesenchymal)	methylation class chondrosarcoma (mesenchymal)	Chondrosarcoma	sarcoma	institutional_diagnosis	primary_tumor	Bone, head and neck, mandible	Primary
GSM4180471	REFERENCE_SAMPLE 19	reference	Chondrosarcoma (mesenchymal)	methylation class chondrosarcoma (mesenchymal)	Chondrosarcoma	sarcoma	institutional_diagnosis	primary_tumor	Bone, spine	Primary
GSM4180472	REFERENCE_SAMPLE 20	reference	Chondrosarcoma (mesenchymal)	methylation class chondrosarcoma (mesenchymal)	Chondrosarcoma	sarcoma	institutional_diagnosis	primary_tumor	Bone, head and neck, orbit	Primary
GSM4180473	REFERENCE_SAMPLE 21	reference	Chondrosarcoma (mesenchymal)	methylation class chondrosarcoma (mesenchymal)	Chondrosarcoma	sarcoma	institutional_diagnosis	primary_tumor	Bone, spine	Primary
GSM4180474	REFERENCE_SAMPLE 22	reference	Chondroblastoma	methylation class chondroblastoma	GCTB/Chondroblastoma	sarcoma	institutional_diagnosis	primary_tumor	Bone, limbs, lower limbs, tibia	Primary
GSM4180475	REFERENCE_SAMPLE 23	reference	Chondroblastoma	methylation class chondroblastoma	GCTB/Chondroblastoma	sarcoma	institutional_diagnosis	primary_tumor	Bone, limbs, upper limbs, humerus	Primary
GSM4180476	REFERENCE_SAMPLE 24	reference	Chondroblastoma	methylation class chondroblastoma	GCTB/Chondroblastoma	sarcoma	institutional_diagnosis	primary_tumor	Bone, limbs, lower limbs, talus	Primary
GSM4180477	REFERENCE_SAMPLE 25	reference	Chondroblastoma	methylation class chondroblastoma	GCTB/Chondroblastoma	sarcoma	institutional_diagnosis	primary_tumor	Bone, limbs, lower limbs, talus	Primary
GSM4180478	REFERENCE_SAMPLE 26	reference	Chondroblastoma	methylation class chondroblastoma	GCTB/Chondroblastoma	sarcoma	institutional_diagnosis	primary_tumor	Bone, limbs, lower limbs, talus	Primary
GSM4180479	REFERENCE_SAMPLE 27	reference	Chondroblastoma	methylation class chondroblastoma	GCTB/Chondroblastoma	sarcoma	institutional_diagnosis	primary_tumor	Bone, limbs, lower limbs, femur	Primary
GSM4180480	REFERENCE_SAMPLE 28	reference	Chondroblastoma	methylation class chondroblastoma	GCTB/Chondroblastoma	sarcoma	institutional_diagnosis	primary_tumor	Bone, limbs, lower limbs, femur	Primary
GSM4180481	REFERENCE_SAMPLE 29	reference	Chondroblastoma	methylation class chondroblastoma	GCTB/Chondroblastoma	sarcoma	institutional_diagnosis	primary_tumor	Bone, limbs, lower limbs, femur	Primary
GSM4180482	REFERENCE_SAMPLE 30	reference	Chondroblastoma	methylation class chondroblastoma	GCTB/Chondroblastoma	sarcoma	institutional_diagnosis	primary_tumor	Bone, limbs, lower limbs, femur	Primary
GSM4180483	REFERENCE_SAMPLE 31	reference	Chondroblastoma	methylation class chondroblastoma	GCTB/Chondroblastoma	sarcoma	institutional_diagnosis	primary_tumor	Bone, limbs, upper limbs, scapula	Primary
GSM4180484	REFERENCE_SAMPLE 32	reference	Ewing´s sarcoma	methylation class Ewing´s sarcoma	Ewing	sarcoma	institutional_diagnosis	metastasis	Intracranial	Metastasis
GSM4180485	REFERENCE_SAMPLE 33	reference	Angiosarcoma	methylation class angiosarcoma	Angiosarcoma	sarcoma	institutional_diagnosis	primary_tumor	Soft tissue, trunk, thorax, mamma	Primary
GSM4180486	REFERENCE_SAMPLE 34	reference	Angiosarcoma	methylation class angiosarcoma	Angiosarcoma	sarcoma	institutional_diagnosis	metastasis	Soft tissue, limbs, upper limbs, axilla, lymph node	Metastasis
GSM4180487	REFERENCE_SAMPLE 35	reference	Angiosarcoma	methylation class angiosarcoma	Angiosarcoma	sarcoma	institutional_diagnosis	primary_tumor	Visceral, abdomen, omentum	Primary
GSM4180488	REFERENCE_SAMPLE 36	reference	Angiosarcoma	methylation class angiosarcoma	Angiosarcoma	sarcoma	institutional_diagnosis	primary_tumor	Soft tissue, trunk, thorax, mamma	Primary
GSM4180489	REFERENCE_SAMPLE 37	reference	Small blue round cell tumour with CIC alteration	methylation class small blue round cell tumour with CIC alteration	CIC-DUX4	sarcoma	institutional_diagnosis	primary_tumor	Soft tissue, trunk, abomen	Primary
GSM4180490	REFERENCE_SAMPLE 38	reference	Rhabdomyosarcoma (alveolar)	methylation class rhabdomyosarcoma (alveolar)	FP-RMS	sarcoma	methylation_class_alveolar	metastasis	Soft tissue, limbs, upper limbs, axilla	Metastasis
GSM4180491	REFERENCE_SAMPLE 39	reference	Infantile fibrosarcoma	methylation class infantile fibrosarcoma	Infantile fibrosarcoma	sarcoma	institutional_diagnosis	primary_tumor	Soft tissue, trunk, pelvis	Primary
GSM4180492	REFERENCE_SAMPLE 40	reference	Angiosarcoma	methylation class angiosarcoma	Angiosarcoma	sarcoma	institutional_diagnosis	primary_tumor	Soft tissue, trunk, thorax, mamma	Primary
GSM4180493	REFERENCE_SAMPLE 41	reference	Desmoplastic small round cell tumour	methylation class desmoplastic small round cell tumour	DSRCT	sarcoma	institutional_diagnosis	primary_tumor	Soft tissue, trunk, pelvis	Primary
GSM4180494	REFERENCE_SAMPLE 42	reference	Rhabdomyosarcoma (alveolar)	methylation class rhabdomyosarcoma (alveolar)	FP-RMS	sarcoma	methylation_class_alveolar	recurrence	Soft tissue, limbs, upper limbs, axilla	Recurrence
GSM4180495	REFERENCE_SAMPLE 43	reference	Mesenchymal chondrosarcoma	methylation class sarcoma (RMS-like)	Chondrosarcoma	sarcoma	institutional_diagnosis	primary_tumor	Intracranial	Primary
GSM4180496	REFERENCE_SAMPLE 44	reference	Malignant rhabdoid tumour	methylation class malignant rhabdoid tumour	Rhabdoid tumor/ATRT	sarcoma	institutional_diagnosis	primary_tumor	Visceral, abdomen, kidney	Primary
GSM4180497	REFERENCE_SAMPLE 45	reference	Rhabdomyosarcoma (alveolar)	methylation class rhabdomyosarcoma (alveolar)	FP-RMS	sarcoma	methylation_class_alveolar	metastasis	Soft tissue, head and neck, tracheal region	Metastasis
GSM4180498	REFERENCE_SAMPLE 46	reference	Schwannoma	methylation class schwannoma	Schwannoma	benign	institutional_diagnosis	primary_tumor	Soft tissue, spine, peripheral nerve	Primary
GSM4180499	REFERENCE_SAMPLE 47	reference	Rhabdomyosarcoma (alveolar)	methylation class rhabdomyosarcoma (alveolar)	FP-RMS	sarcoma	methylation_class_alveolar	metastasis	Visceral, thorax, lung	Metastasis
GSM4180500	REFERENCE_SAMPLE 48	reference	Desmoplastic small round cell tumour	methylation class desmoplastic small round cell tumour	DSRCT	sarcoma	institutional_diagnosis	metastasis	Soft tissue, trunk, pelvis, lymph node	Metastasis
GSM4180501	REFERENCE_SAMPLE 49	reference	Malignant tumour not otherwise specified	methylation class sarcoma (RMS-like)	Sarcoma NOS	sarcoma	institutional_diagnosis	primary_tumor	Intracranial	Primary
GSM4180502	REFERENCE_SAMPLE 50	reference	Ewing´s sarcoma	methylation class Ewing´s sarcoma	Ewing	sarcoma	institutional_diagnosis	metastasis	Visceral, thorax, lung	Metastasis
GSM4180503	REFERENCE_SAMPLE 51	reference	Chordoma	methylation class chordoma	Chordoma	sarcoma	institutional_diagnosis	primary_tumor	Bone, head and neck, skull base	Primary
GSM4180504	REFERENCE_SAMPLE 52	reference	Chordoma	methylation class chordoma	Chordoma	sarcoma	institutional_diagnosis	primary_tumor		Primary
GSM4180505	REFERENCE_SAMPLE 53	reference	Chordoma	methylation class chordoma	Chordoma	sarcoma	institutional_diagnosis	primary_tumor		Primary
GSM4180506	REFERENCE_SAMPLE 54	reference	Chondrosarcoma	methylation class chondrosarcoma (IDH group A)	Chondrosarcoma	sarcoma	institutional_diagnosis	primary_tumor	Bone, head and neck, skull base	Primary
GSM4180507	REFERENCE_SAMPLE 55	reference	Chordoma	methylation class chordoma	Chordoma	sarcoma	institutional_diagnosis	primary_tumor		Primary
GSM4180508	REFERENCE_SAMPLE 56	reference	Chordoma	methylation class chordoma	Chordoma	sarcoma	institutional_diagnosis	primary_tumor		Primary
GSM4180509	REFERENCE_SAMPLE 57	reference	Chordoma	methylation class chordoma	Chordoma	sarcoma	institutional_diagnosis	primary_tumor		Primary
GSM4180510	REFERENCE_SAMPLE 58	reference	Chordoma	methylation class chordoma	Chordoma	sarcoma	institutional_diagnosis	primary_tumor		Primary
GSM4180511	REFERENCE_SAMPLE 59	reference	Chordoma	methylation class chordoma	Chordoma	sarcoma	institutional_diagnosis	primary_tumor		Primary
GSM4180512	REFERENCE_SAMPLE 60	reference	Chordoma	methylation class chordoma	Chordoma	sarcoma	institutional_diagnosis	primary_tumor		Primary
GSM4180513	REFERENCE_SAMPLE 61	reference	Chordoma	methylation class chordoma	Chordoma	sarcoma	institutional_diagnosis	primary_tumor		Primary
GSM4180514	REFERENCE_SAMPLE 62	reference	Chordoma	methylation class chordoma	Chordoma	sarcoma	institutional_diagnosis	primary_tumor		Primary
GSM4180515	REFERENCE_SAMPLE 63	reference	Chordoma	methylation class chordoma	Chordoma	sarcoma	institutional_diagnosis	primary_tumor		Primary
GSM4180516	REFERENCE_SAMPLE 64	reference	Chordoma	methylation class chordoma	Chordoma	sarcoma	institutional_diagnosis	primary_tumor		Primary
GSM4180517	REFERENCE_SAMPLE 65	reference	Chordoma	methylation class chordoma	Chordoma	sarcoma	institutional_diagnosis	primary_tumor		Primary
GSM4180518	REFERENCE_SAMPLE 66	reference	Chordoma	methylation class chordoma	Chordoma	sarcoma	institutional_diagnosis	primary_tumor		Primary
GSM4180519	REFERENCE_SAMPLE 67	reference	Chordoma	methylation class chordoma	Chordoma	sarcoma	institutional_diagnosis	primary_tumor		Primary
GSM4180520	REFERENCE_SAMPLE 68	reference	Chordoma	methylation class chordoma	Chordoma	sarcoma	institutional_diagnosis	primary_tumor		Primary
GSM4180521	REFERENCE_SAMPLE 69	reference	Chordoma	methylation class chordoma	Chordoma	sarcoma	institutional_diagnosis	primary_tumor	Bone, head and neck, skull base	Primary
GSM4180522	REFERENCE_SAMPLE 70	reference	Chordoma	methylation class chordoma	Chordoma	sarcoma	institutional_diagnosis	primary_tumor	Bone, head and neck, skull base	Primary
GSM4180523	REFERENCE_SAMPLE 71	reference	Chordoma	methylation class chordoma	Chordoma	sarcoma	institutional_diagnosis	primary_tumor		Primary
GSM4180524	REFERENCE_SAMPLE 72	reference	Chondrosarcoma	methylation class chondrosarcoma (IDH group A)	Chondrosarcoma	sarcoma	institutional_diagnosis	primary_tumor		Primary
GSM4180525	REFERENCE_SAMPLE 73	reference	Chordoma	methylation class chordoma	Chordoma	sarcoma	institutional_diagnosis	primary_tumor	Bone, head and neck, skull base	Primary
GSM4180526	REFERENCE_SAMPLE 74	reference	Chordoma	methylation class chordoma	Chordoma	sarcoma	institutional_diagnosis	primary_tumor		Primary
GSM4180527	REFERENCE_SAMPLE 75	reference	Chordoma	methylation class chordoma	Chordoma	sarcoma	institutional_diagnosis	primary_tumor		Primary
GSM4180528	REFERENCE_SAMPLE 76	reference	Chondrosarcoma	methylation class chondrosarcoma (IDH group A)	Chondrosarcoma	sarcoma	institutional_diagnosis	primary_tumor		Primary
GSM4180529	REFERENCE_SAMPLE 77	reference	Chondrosarcoma	methylation class chondrosarcoma (IDH group A)	Chondrosarcoma	sarcoma	institutional_diagnosis	primary_tumor		Primary
GSM4180530	REFERENCE_SAMPLE 78	reference	Chondrosarcoma	methylation class chondrosarcoma (IDH group A)	Chondrosarcoma	sarcoma	institutional_diagnosis	primary_tumor		Primary
GSM4180531	REFERENCE_SAMPLE 79	reference	Chondrosarcoma	methylation class chondrosarcoma (IDH group A)	Chondrosarcoma	sarcoma	institutional_diagnosis	primary_tumor	Bone, head and neck, skull base	Primary
GSM4180532	REFERENCE_SAMPLE 80	reference	Chondrosarcoma	methylation class chondrosarcoma (IDH group A)	Chondrosarcoma	sarcoma	institutional_diagnosis	primary_tumor		Primary
GSM4180533	REFERENCE_SAMPLE 81	reference	Chondrosarcoma	methylation class chondrosarcoma (IDH group A)	Chondrosarcoma	sarcoma	institutional_diagnosis	primary_tumor		Primary
GSM4180534	REFERENCE_SAMPLE 82	reference	Chondrosarcoma (clear cell)	methylation class chondrosarcoma (clear cell)	Chondrosarcoma	sarcoma	institutional_diagnosis	primary_tumor	Bone, head and neck, skull base	Primary
GSM4180535	REFERENCE_SAMPLE 83	reference	Chondrosarcoma	methylation class chondrosarcoma (IDH group B)	Chondrosarcoma	sarcoma	institutional_diagnosis	primary_tumor		Primary
GSM4180536	REFERENCE_SAMPLE 84	reference	Chondrosarcoma	methylation class chondrosarcoma (IDH group A)	Chondrosarcoma	sarcoma	institutional_diagnosis	primary_tumor	Bone, head and neck, skull base	Primary
GSM4180537	REFERENCE_SAMPLE 85	reference	Chondrosarcoma	methylation class chondrosarcoma (IDH group A)	Chondrosarcoma	sarcoma	institutional_diagnosis	primary_tumor		Primary
GSM4180538	REFERENCE_SAMPLE 86	reference	Chondrosarcoma	methylation class chondrosarcoma (IDH group A)	Chondrosarcoma	sarcoma	institutional_diagnosis	primary_tumor		Primary
GSM4180539	REFERENCE_SAMPLE 87	reference	Chondrosarcoma	methylation class chondrosarcoma (IDH group A)	Chondrosarcoma	sarcoma	institutional_diagnosis	primary_tumor		Primary
GSM4180540	REFERENCE_SAMPLE 88	reference	Chondrosarcoma	methylation class chondrosarcoma (IDH group A)	Chondrosarcoma	sarcoma	institutional_diagnosis	primary_tumor		Primary
GSM4180541	REFERENCE_SAMPLE 89	reference	Chordoma	methylation class chordoma	Chordoma	sarcoma	institutional_diagnosis	primary_tumor		Primary
GSM4180542	REFERENCE_SAMPLE 90	reference	Rhabdomyosarcoma (embryonal)	methylation class rhabdomyosarcoma (embryonal)	FN-RMS	sarcoma	methylation_class_embryonal	recurrence	Soft tissue, trunk, abomen	Recurrence
GSM4180543	REFERENCE_SAMPLE 91	reference	Squamous cell carcinoma (cutaneous)	methylation class squamous cell carcinoma (cutaneous)	Squamous cell carcinoma	nonsarcoma	institutional_diagnosis	primary_tumor	Skin, forehead	Primary
GSM4180544	REFERENCE_SAMPLE 92	reference	Squamous cell carcinoma (cutaneous)	methylation class squamous cell carcinoma (cutaneous)	Squamous cell carcinoma	nonsarcoma	institutional_diagnosis	primary_tumor	Skin, nose	Primary
GSM4180545	REFERENCE_SAMPLE 93	reference	Squamous cell carcinoma (cutaneous)	methylation class squamous cell carcinoma (cutaneous)	Squamous cell carcinoma	nonsarcoma	institutional_diagnosis	primary_tumor	Skin, trunk	Primary
GSM4180546	REFERENCE_SAMPLE 94	reference	Squamous cell carcinoma (cutaneous)	methylation class squamous cell carcinoma (cutaneous)	Squamous cell carcinoma	nonsarcoma	institutional_diagnosis	primary_tumor	Skin, neck	Primary
GSM4180547	REFERENCE_SAMPLE 95	reference	Squamous cell carcinoma (cutaneous)	methylation class squamous cell carcinoma (cutaneous)	Squamous cell carcinoma	nonsarcoma	institutional_diagnosis	primary_tumor	Skin, hand	Primary
GSM4180548	REFERENCE_SAMPLE 96	reference	Squamous cell carcinoma (cutaneous)	methylation class squamous cell carcinoma (cutaneous)	Squamous cell carcinoma	nonsarcoma	institutional_diagnosis	primary_tumor	Skin, temple	Primary
GSM4180549	REFERENCE_SAMPLE 97	reference	Squamous cell carcinoma (cutaneous)	methylation class squamous cell carcinoma (cutaneous)	Squamous cell carcinoma	nonsarcoma	institutional_diagnosis	primary_tumor	Skin, hand	Primary
GSM4180550	REFERENCE_SAMPLE 98	reference	Squamous cell carcinoma (cutaneous)	methylation class squamous cell carcinoma (cutaneous)	Squamous cell carcinoma	nonsarcoma	institutional_diagnosis	primary_tumor	Skin, forehead	Primary
GSM4180551	REFERENCE_SAMPLE 99	reference	Endometrial stromal sarcoma (low-grade)	methylation class endometrial stromal sarcoma (low grade)	Endometrial stromal sarcoma	sarcoma	institutional_diagnosis	primary_tumor	Visceral, pelvis, uterus	Primary
GSM4180552	REFERENCE_SAMPLE 100	reference	Endometrial stromal sarcoma (low-grade)	methylation class endometrial stromal sarcoma (low grade)	Endometrial stromal sarcoma	sarcoma	institutional_diagnosis	primary_tumor	Visceral, pelvis, uterus	Primary
GSM4180553	REFERENCE_SAMPLE 101	reference	Endometrial stromal sarcoma (low-grade)	methylation class endometrial stromal sarcoma (low grade)	Endometrial stromal sarcoma	sarcoma	institutional_diagnosis	primary_tumor	Visceral, pelvis, uterus	Primary
GSM4180554	REFERENCE_SAMPLE 102	reference	Endometrial stromal sarcoma (low-grade)	methylation class endometrial stromal sarcoma (low grade)	Endometrial stromal sarcoma	sarcoma	institutional_diagnosis	primary_tumor	Visceral, pelvis, uterus	Primary
GSM4180555	REFERENCE_SAMPLE 103	reference	Endometrial stromal sarcoma (low-grade)	methylation class endometrial stromal sarcoma (low grade)	Endometrial stromal sarcoma	sarcoma	institutional_diagnosis	primary_tumor	Visceral, pelvis, uterus	Primary
GSM4180556	REFERENCE_SAMPLE 104	reference	Endometrial stromal sarcoma (low-grade)	methylation class endometrial stromal sarcoma (low grade)	Endometrial stromal sarcoma	sarcoma	institutional_diagnosis	primary_tumor	Visceral, pelvis, uterus	Primary
GSM4180557	REFERENCE_SAMPLE 105	reference	Endometrial stromal sarcoma (low-grade)	methylation class endometrial stromal sarcoma (low grade)	Endometrial stromal sarcoma	sarcoma	institutional_diagnosis	primary_tumor	Visceral, pelvis, uterus	Primary
GSM4180558	REFERENCE_SAMPLE 106	reference	Rhabdomyosarcoma (alveolar)	methylation class rhabdomyosarcoma (alveolar)	FP-RMS	sarcoma	methylation_class_alveolar	metastasis	Soft tissue, trunk, abdomen, lymph node	Metastasis
GSM4180559	REFERENCE_SAMPLE 107	reference	Osteosarcoma (high-grade)	methylation class osteosarcoma (high grade)	Osteosarcoma	sarcoma	institutional_diagnosis	metastasis	Visceral, thorax, lung	Metastasis
GSM4180560	REFERENCE_SAMPLE 108	reference	Osteosarcoma (high-grade)	methylation class osteosarcoma (high grade)	Osteosarcoma	sarcoma	institutional_diagnosis	metastasis	Visceral, thorax, lung	Metastasis
GSM4180561	REFERENCE_SAMPLE 109	reference	Osteoblastoma	methylation class osteoblastoma	Osteoblastoma	benign	institutional_diagnosis	primary_tumor	Bone, spine	Primary
GSM4180562	REFERENCE_SAMPLE 110	reference	Osteoblastoma	methylation class osteoblastoma	Osteoblastoma	benign	institutional_diagnosis	primary_tumor	Bone, spine	Primary
GSM4180563	REFERENCE_SAMPLE 111	reference	Osteoblastoma	methylation class osteoblastoma	Osteoblastoma	benign	institutional_diagnosis	primary_tumor	Bone, spine	Primary
GSM4180564	REFERENCE_SAMPLE 112	reference	Osteoblastoma	methylation class osteoblastoma	Osteoblastoma	benign	institutional_diagnosis	primary_tumor	Bone, head and neck, mandible	Primary
GSM4180565	REFERENCE_SAMPLE 113	reference	Osteoblastoma	methylation class osteoblastoma	Osteoblastoma	benign	institutional_diagnosis	primary_tumor	Bone, head and neck, mandible	Primary
GSM4180566	REFERENCE_SAMPLE 114	reference	Osteoblastoma	methylation class osteoblastoma	Osteoblastoma	benign	institutional_diagnosis	primary_tumor	Bone, head and neck, mandible	Primary
GSM4180567	REFERENCE_SAMPLE 115	reference	Synovial sarcoma	methylation class synovial sarcoma	Synovial sarcoma	sarcoma	institutional_diagnosis	recurrence	Soft tissue, trunk, thorax, thracic wall	Recurrence
GSM4180568	REFERENCE_SAMPLE 116	reference	Leiomyosarcoma	methylation class leiomyosarcoma	Leiomyosarcoma	sarcoma	institutional_diagnosis	primary_tumor	Soft tissue, trunk, abdomen, inferior vena cava	Primary
GSM4180569	REFERENCE_SAMPLE 117	reference	Leiomyosarcoma	methylation class leiomyosarcoma	Leiomyosarcoma	sarcoma	institutional_diagnosis	primary_tumor	Soft tissue, limbs, lower limbs, thigh	Primary
GSM4180570	REFERENCE_SAMPLE 118	reference	Leiomyosarcoma	methylation class leiomyosarcoma	Leiomyosarcoma	sarcoma	institutional_diagnosis	primary_tumor	Soft tissue, trunk, retroperitoneum	Primary
GSM4180571	REFERENCE_SAMPLE 119	reference	Leiomyosarcoma	methylation class leiomyosarcoma	Leiomyosarcoma	sarcoma	institutional_diagnosis	primary_tumor	Soft tissue, trunk, retroperitoneum	Primary
GSM4180572	REFERENCE_SAMPLE 120	reference	Leiomyosarcoma	methylation class leiomyosarcoma	Leiomyosarcoma	sarcoma	institutional_diagnosis	primary_tumor	Soft tissue, trunk, retroperitoneum	Primary
GSM4180573	REFERENCE_SAMPLE 121	reference	Gastroinstestinal stromal tumour	methylation class gastrointestinal stromal tumour	GIST	sarcoma	institutional_diagnosis	primary_tumor	Visceral, abdomen, stomach	Primary
GSM4180574	REFERENCE_SAMPLE 122	reference	Gastroinstestinal stromal tumour	methylation class gastrointestinal stromal tumour	GIST	sarcoma	institutional_diagnosis	primary_tumor	Visceral, abdomen, stomach	Primary
GSM4180575	REFERENCE_SAMPLE 123	reference	Gastroinstestinal stromal tumour	methylation class gastrointestinal stromal tumour	GIST	sarcoma	institutional_diagnosis	primary_tumor	Visceral, abdomen, stomach	Primary
GSM4180576	REFERENCE_SAMPLE 124	reference	Gastroinstestinal stromal tumour	methylation class gastrointestinal stromal tumour	GIST	sarcoma	institutional_diagnosis	primary_tumor	Visceral, abdomen, stomach	Primary
GSM4180577	REFERENCE_SAMPLE 125	reference	Gastroinstestinal stromal tumour	methylation class gastrointestinal stromal tumour	GIST	sarcoma	institutional_diagnosis	primary_tumor	Visceral, abdomen, stomach	Primary
GSM4180578	REFERENCE_SAMPLE 126	reference	Gastroinstestinal stromal tumour	methylation class gastrointestinal stromal tumour	GIST	sarcoma	institutional_diagnosis	primary_tumor	Visceral, abdomen, stomach	Primary
GSM4180579	REFERENCE_SAMPLE 127	reference	Gastroinstestinal stromal tumour	methylation class gastrointestinal stromal tumour	GIST	sarcoma	institutional_diagnosis	primary_tumor	Visceral, abdomen, omentum	Primary
GSM4180580	REFERENCE_SAMPLE 128	reference	Gastroinstestinal stromal tumour	methylation class gastrointestinal stromal tumour	GIST	sarcoma	institutional_diagnosis	primary_tumor	Visceral, abdomen, stomach	Primary
GSM4180581	REFERENCE_SAMPLE 129	reference	Gastroinstestinal stromal tumour	methylation class gastrointestinal stromal tumour	GIST	sarcoma	institutional_diagnosis	primary_tumor	Visceral, abdomen, small intestine	Primary
GSM4180582	REFERENCE_SAMPLE 130	reference	Gastroinstestinal stromal tumour	methylation class gastrointestinal stromal tumour	GIST	sarcoma	institutional_diagnosis	primary_tumor	Visceral, abdomen, stomach	Primary
GSM4180583	REFERENCE_SAMPLE 131	reference	Gastroinstestinal stromal tumour	methylation class gastrointestinal stromal tumour	GIST	sarcoma	institutional_diagnosis	primary_tumor	Visceral, abdomen, small intestine	Primary
GSM4180584	REFERENCE_SAMPLE 132	reference	Gastroinstestinal stromal tumour	methylation class gastrointestinal stromal tumour	GIST	sarcoma	institutional_diagnosis	primary_tumor	Visceral, abdomen, small intestine	Primary
GSM4180585	REFERENCE_SAMPLE 133	reference	Gastroinstestinal stromal tumour	methylation class gastrointestinal stromal tumour	GIST	sarcoma	institutional_diagnosis	primary_tumor	Visceral, abdomen, small intestine	Primary
GSM4180586	REFERENCE_SAMPLE 134	reference	Gastroinstestinal stromal tumour	methylation class gastrointestinal stromal tumour	GIST	sarcoma	institutional_diagnosis	primary_tumor	Visceral, abdomen, stomach	Primary
GSM4180587	REFERENCE_SAMPLE 135	reference	Gastroinstestinal stromal tumour	methylation class gastrointestinal stromal tumour	GIST	sarcoma	institutional_diagnosis	primary_tumor	Visceral, abdomen, stomach	Primary
GSM4180588	REFERENCE_SAMPLE 136	reference	Gastroinstestinal stromal tumour	methylation class gastrointestinal stromal tumour	GIST	sarcoma	institutional_diagnosis	primary_tumor	Visceral, abdomen, stomach	Primary
GSM4180589	REFERENCE_SAMPLE 137	reference	Gastroinstestinal stromal tumour	methylation class gastrointestinal stromal tumour	GIST	sarcoma	institutional_diagnosis	primary_tumor	Visceral, abdomen, small intestine	Primary
GSM4180590	REFERENCE_SAMPLE 138	reference	Gastroinstestinal stromal tumour	methylation class gastrointestinal stromal tumour	GIST	sarcoma	institutional_diagnosis	primary_tumor	Visceral, abdomen, stomach	Primary
GSM4180591	REFERENCE_SAMPLE 139	reference	Gastroinstestinal stromal tumour	methylation class gastrointestinal stromal tumour	GIST	sarcoma	institutional_diagnosis	primary_tumor	Visceral, abdomen, stomach	Primary
GSM4180592	REFERENCE_SAMPLE 140	reference	Gastroinstestinal stromal tumour	methylation class gastrointestinal stromal tumour	GIST	sarcoma	institutional_diagnosis	primary_tumor	Visceral, abdomen, small intestine	Primary
GSM4180593	REFERENCE_SAMPLE 141	reference	Gastroinstestinal stromal tumour	methylation class gastrointestinal stromal tumour	GIST	sarcoma	institutional_diagnosis	primary_tumor	Visceral, abdomen, stomach	Primary
GSM4180594	REFERENCE_SAMPLE 142	reference	Gastroinstestinal stromal tumour	methylation class gastrointestinal stromal tumour	GIST	sarcoma	institutional_diagnosis	primary_tumor	Visceral, abdomen, small intestine	Primary
GSM4180595	REFERENCE_SAMPLE 143	reference	Gastroinstestinal stromal tumour	methylation class gastrointestinal stromal tumour	GIST	sarcoma	institutional_diagnosis	primary_tumor	Visceral, abdomen, stomach	Primary
GSM4180596	REFERENCE_SAMPLE 144	reference	Gastroinstestinal stromal tumour	methylation class gastrointestinal stromal tumour	GIST	sarcoma	institutional_diagnosis	primary_tumor	Visceral, abdomen, stomach	Primary
GSM4180597	REFERENCE_SAMPLE 145	reference	Gastroinstestinal stromal tumour	methylation class gastrointestinal stromal tumour	GIST	sarcoma	institutional_diagnosis	primary_tumor	Visceral, abdomen, stomach	Primary
GSM4180598	REFERENCE_SAMPLE 146	reference	Gastroinstestinal stromal tumour	methylation class gastrointestinal stromal tumour	GIST	sarcoma	institutional_diagnosis	primary_tumor	Visceral, abdomen, stomach	Primary
GSM4180599	REFERENCE_SAMPLE 147	reference	Gastroinstestinal stromal tumour	methylation class gastrointestinal stromal tumour	GIST	sarcoma	institutional_diagnosis	primary_tumor	Visceral, abdomen, stomach	Primary
GSM4180600	REFERENCE_SAMPLE 148	reference	Gastroinstestinal stromal tumour	methylation class gastrointestinal stromal tumour	GIST	sarcoma	institutional_diagnosis	primary_tumor	Visceral, abdomen, stomach	Primary
GSM4180601	REFERENCE_SAMPLE 149	reference	Gastroinstestinal stromal tumour	methylation class gastrointestinal stromal tumour	GIST	sarcoma	institutional_diagnosis	primary_tumor	Visceral, abdomen, stomach	Primary
GSM4180602	REFERENCE_SAMPLE 150	reference	Gastroinstestinal stromal tumour	methylation class gastrointestinal stromal tumour	GIST	sarcoma	institutional_diagnosis	primary_tumor	Visceral, abdomen, stomach	Primary
GSM4180603	REFERENCE_SAMPLE 151	reference	Chondrosarcoma	methylation class chondrosarcoma (IDH group A)	Chondrosarcoma	sarcoma	institutional_diagnosis	primary_tumor	Bone, head and neck, skull base	Primary
GSM4180604	REFERENCE_SAMPLE 152	reference	Solitary fibrous tumour	methylation class solitary fibrous tumour	Solitary fibrous tumour	sarcoma	institutional_diagnosis	primary_tumor	Intracranial	Primary
GSM4180605	REFERENCE_SAMPLE 153	reference	Solitary fibrous tumour	methylation class solitary fibrous tumour	Solitary fibrous tumour	sarcoma	institutional_diagnosis	primary_tumor	Intracranial	Primary
GSM4180606	REFERENCE_SAMPLE 154	reference	Solitary fibrous tumour	methylation class solitary fibrous tumour	Solitary fibrous tumour	sarcoma	institutional_diagnosis	primary_tumor	Intracranial	Primary
GSM4180607	REFERENCE_SAMPLE 155	reference	Solitary fibrous tumour	methylation class solitary fibrous tumour	Solitary fibrous tumour	sarcoma	institutional_diagnosis	primary_tumor	Intracranial	Primary
GSM4180608	REFERENCE_SAMPLE 156	reference	Solitary fibrous tumour	methylation class solitary fibrous tumour	Solitary fibrous tumour	sarcoma	institutional_diagnosis	primary_tumor	Intracranial	Primary
GSM4180609	REFERENCE_SAMPLE 157	reference	Solitary fibrous tumour	methylation class solitary fibrous tumour	Solitary fibrous tumour	sarcoma	institutional_diagnosis	primary_tumor	Intracranial	Primary
GSM4180610	REFERENCE_SAMPLE 158	reference	Solitary fibrous tumour	methylation class solitary fibrous tumour	Solitary fibrous tumour	sarcoma	institutional_diagnosis	primary_tumor	Intracranial	Primary
GSM4180611	REFERENCE_SAMPLE 159	reference	Solitary fibrous tumour	methylation class solitary fibrous tumour	Solitary fibrous tumour	sarcoma	institutional_diagnosis	primary_tumor	Intracranial	Primary
GSM4180612	REFERENCE_SAMPLE 160	reference	Solitary fibrous tumour	methylation class solitary fibrous tumour	Solitary fibrous tumour	sarcoma	institutional_diagnosis	primary_tumor	Intracranial	Primary
GSM4180613	REFERENCE_SAMPLE 161	reference	Solitary fibrous tumour	methylation class solitary fibrous tumour	Solitary fibrous tumour	sarcoma	institutional_diagnosis	primary_tumor	Intracranial	Primary
GSM4180614	REFERENCE_SAMPLE 162	reference	Solitary fibrous tumour	methylation class solitary fibrous tumour	Solitary fibrous tumour	sarcoma	institutional_diagnosis	primary_tumor	Intracranial	Primary
GSM4180615	REFERENCE_SAMPLE 163	reference	Solitary fibrous tumour	methylation class solitary fibrous tumour	Solitary fibrous tumour	sarcoma	institutional_diagnosis	primary_tumor	Intracranial	Primary
GSM4180616	REFERENCE_SAMPLE 164	reference	Rhabdomyosarcoma (alveolar)	methylation class rhabdomyosarcoma (alveolar)	FP-RMS	sarcoma	methylation_class_alveolar	recurrence	Soft tissue, trunk, abomen	Recurrence
GSM4180617	REFERENCE_SAMPLE 165	reference	Schwannoma	methylation class schwannoma	Schwannoma	benign	institutional_diagnosis	recurrence	Soft tissue, trunk, buttock, peripheral nerve	Recurrence
GSM4180618	REFERENCE_SAMPLE 166	reference	Solitary fibrous tumour	methylation class solitary fibrous tumour	Solitary fibrous tumour	sarcoma	institutional_diagnosis	recurrence	Soft tissue, head and neck, orbit	Recurrence
GSM4180619	REFERENCE_SAMPLE 167	reference	Atypical fibroxanthoma	methylation class atypical fibroxanthoma / pleomorphic dermal sarcoma	AFX/PDS	sarcoma	institutional_diagnosis	primary_tumor	Skin, neck	Primary
GSM4180620	REFERENCE_SAMPLE 168	reference	Atypical fibroxanthoma	methylation class atypical fibroxanthoma / pleomorphic dermal sarcoma	AFX/PDS	sarcoma	institutional_diagnosis	primary_tumor	Skin, head	Primary
GSM4180621	REFERENCE_SAMPLE 169	reference	Atypical fibroxanthoma	methylation class atypical fibroxanthoma / pleomorphic dermal sarcoma	AFX/PDS	sarcoma	institutional_diagnosis	primary_tumor	Skin, head	Primary
GSM4180622	REFERENCE_SAMPLE 170	reference	Pleomorphic dermal sarcoma	methylation class atypical fibroxanthoma / pleomorphic dermal sarcoma	AFX/PDS	sarcoma	institutional_diagnosis	primary_tumor	Skin, head	Primary
GSM4180623	REFERENCE_SAMPLE 171	reference	Pleomorphic dermal sarcoma	methylation class atypical fibroxanthoma / pleomorphic dermal sarcoma	AFX/PDS	sarcoma	institutional_diagnosis	primary_tumor	Skin	Primary
GSM4180624	REFERENCE_SAMPLE 172	reference	Pleomorphic dermal sarcoma	methylation class atypical fibroxanthoma / pleomorphic dermal sarcoma	AFX/PDS	sarcoma	institutional_diagnosis	primary_tumor	Skin, head	Primary
GSM4180625	REFERENCE_SAMPLE 173	reference	Pleomorphic dermal sarcoma	methylation class atypical fibroxanthoma / pleomorphic dermal sarcoma	AFX/PDS	sarcoma	institutional_diagnosis	recurrence	Skin, head	Recurrence
GSM4180626	REFERENCE_SAMPLE 174	reference	Pleomorphic dermal sarcoma	methylation class atypical fibroxanthoma / pleomorphic dermal sarcoma	AFX/PDS	sarcoma	institutional_diagnosis	primary_tumor	Skin, head	Primary
GSM4180627	REFERENCE_SAMPLE 175	reference	Pleomorphic dermal sarcoma	methylation class atypical fibroxanthoma / pleomorphic dermal sarcoma	AFX/PDS	sarcoma	institutional_diagnosis	primary_tumor	Skin, head	Primary
GSM4180628	REFERENCE_SAMPLE 176	reference	Pleomorphic dermal sarcoma	methylation class atypical fibroxanthoma / pleomorphic dermal sarcoma	AFX/PDS	sarcoma	institutional_diagnosis	primary_tumor	Skin, head	Primary
GSM4180629	REFERENCE_SAMPLE 177	reference	Pleomorphic dermal sarcoma	methylation class atypical fibroxanthoma / pleomorphic dermal sarcoma	AFX/PDS	sarcoma	institutional_diagnosis	primary_tumor	Skin, head	Primary
GSM4180630	REFERENCE_SAMPLE 178	reference	Rhabdomyosarcoma (alveolar)	methylation class rhabdomyosarcoma (alveolar)	FP-RMS	sarcoma	methylation_class_alveolar	recurrence	Soft tissue, limbs, lower limbs, gluteal region	Recurrence
GSM4180631	REFERENCE_SAMPLE 179	reference	Synovial sarcoma	methylation class synovial sarcoma	Synovial sarcoma	sarcoma	institutional_diagnosis	recurrence	Intracranial	Recurrence
GSM4180632	REFERENCE_SAMPLE 180	reference	Rhabdomyosarcoma (alveolar)	methylation class rhabdomyosarcoma (alveolar)	FP-RMS	sarcoma	methylation_class_alveolar	metastasis	Soft tissue, limbs, lower limbs, leg	Metastasis
GSM4180633	REFERENCE_SAMPLE 181	reference	Clear cell sarcoma (kidney)	methylation class clear cell sarcoma of the kidney	CCSK	sarcoma	institutional_diagnosis	primary_tumor	Visceral, abdomen, kidney	Primary
GSM4180634	REFERENCE_SAMPLE 182	reference	Clear cell sarcoma (kidney)	methylation class clear cell sarcoma of the kidney	CCSK	sarcoma	institutional_diagnosis	primary_tumor	Visceral, abdomen, kidney	Primary
GSM4180635	REFERENCE_SAMPLE 183	reference	Small blue round cell tumour with BCOR alteration	methylation class small blue round cell tumour with BCOR alteration	BCOR-sarcoma	sarcoma	institutional_diagnosis	metastasis	Visceral, thorax, lung	Metastasis
GSM4180636	REFERENCE_SAMPLE 184	reference	Synovial sarcoma	methylation class synovial sarcoma	Synovial sarcoma	sarcoma	institutional_diagnosis	metastasis	Visceral, thorax, lung	Metastasis
GSM4180637	REFERENCE_SAMPLE 185	reference	Leiomyosarcoma	methylation class leiomyosarcoma	Leiomyosarcoma	sarcoma	institutional_diagnosis	primary_tumor	Soft tissue, limbs, lower limbs, thigh	Primary
GSM4180638	REFERENCE_SAMPLE 186	reference	Leiomyosarcoma	methylation class leiomyosarcoma	Leiomyosarcoma	sarcoma	institutional_diagnosis	primary_tumor	Soft tissue, trunk, abdomen, inferior vena cava	Primary
GSM4180639	REFERENCE_SAMPLE 187	reference	Desmoplastic small round cell tumour	methylation class desmoplastic small round cell tumour	DSRCT	sarcoma	institutional_diagnosis	primary_tumor	Soft tissue, trunk, retroperitoneum	Primary
GSM4180640	REFERENCE_SAMPLE 188	reference	Epithelioid sarcoma	methylation class epithelioid sarcoma	Epithelioid sarcoma	sarcoma	institutional_diagnosis	primary_tumor	Soft tissue, limbs, lower limbs, leg	Primary
GSM4180641	REFERENCE_SAMPLE 189	reference	Desmoplastic small round cell tumour	methylation class desmoplastic small round cell tumour	DSRCT	sarcoma	institutional_diagnosis	primary_tumor	Soft tissue, trunk, retroperitoneum	Primary
GSM4180642	REFERENCE_SAMPLE 190	reference	Desmoplastic small round cell tumour	methylation class desmoplastic small round cell tumour	DSRCT	sarcoma	institutional_diagnosis	primary_tumor		Primary
GSM4180643	REFERENCE_SAMPLE 191	reference	Desmoplastic small round cell tumour	methylation class desmoplastic small round cell tumour	DSRCT	sarcoma	institutional_diagnosis	primary_tumor	Soft tissue, trunk, abdomen	Primary
GSM4180644	REFERENCE_SAMPLE 192	reference	Desmoplastic small round cell tumour	methylation class desmoplastic small round cell tumour	DSRCT	sarcoma	institutional_diagnosis	primary_tumor		Primary
GSM4180645	REFERENCE_SAMPLE 193	reference	Desmoplastic small round cell tumour	methylation class desmoplastic small round cell tumour	DSRCT	sarcoma	institutional_diagnosis	primary_tumor	Soft tissue, trunk, abdomen	Primary
GSM4180646	REFERENCE_SAMPLE 194	reference	Desmoplastic small round cell tumour	methylation class desmoplastic small round cell tumour	DSRCT	sarcoma	institutional_diagnosis	primary_tumor	Soft tissue, trunk, abdomen	Primary
GSM4180647	REFERENCE_SAMPLE 195	reference	Desmoplastic small round cell tumour	methylation class desmoplastic small round cell tumour	DSRCT	sarcoma	institutional_diagnosis	primary_tumor	Soft tissue, trunk, abdomen	Primary
GSM4180648	REFERENCE_SAMPLE 196	reference	Desmoplastic small round cell tumour	methylation class desmoplastic small round cell tumour	DSRCT	sarcoma	institutional_diagnosis	primary_tumor	Soft tissue, trunk, abdomen	Primary
GSM4180649	REFERENCE_SAMPLE 197	reference	Desmoplastic small round cell tumour	methylation class desmoplastic small round cell tumour	DSRCT	sarcoma	institutional_diagnosis	primary_tumor	Soft tissue, trunk, abdomen	Primary
GSM4180650	REFERENCE_SAMPLE 198	reference	Desmoplastic small round cell tumour	methylation class desmoplastic small round cell tumour	DSRCT	sarcoma	institutional_diagnosis	primary_tumor	Soft tissue, trunk, abdomen	Primary
GSM4180651	REFERENCE_SAMPLE 199	reference	Desmoplastic small round cell tumour	methylation class desmoplastic small round cell tumour	DSRCT	sarcoma	institutional_diagnosis	primary_tumor		Primary
GSM4180652	REFERENCE_SAMPLE 200	reference	Desmoplastic small round cell tumour	methylation class desmoplastic small round cell tumour	DSRCT	sarcoma	institutional_diagnosis	primary_tumor	Soft tissue, trunk, abdomen	Primary
GSM4180653	REFERENCE_SAMPLE 201	reference	Desmoplastic small round cell tumour	methylation class desmoplastic small round cell tumour	DSRCT	sarcoma	institutional_diagnosis	primary_tumor	Soft tissue, head and neck, parotid gland	Primary
GSM4180654	REFERENCE_SAMPLE 202	reference	Myositis ossificans	methylation class myositis ossificans	Myositis ossificans/proliferans	benign	institutional_diagnosis	primary_tumor	Soft tissue, limbs, lower limbs	Primary
GSM4180655	REFERENCE_SAMPLE 203	reference	Myositis ossificans	methylation class myositis ossificans	Myositis ossificans/proliferans	benign	institutional_diagnosis	primary_tumor		Primary
GSM4180656	REFERENCE_SAMPLE 204	reference	Myositis ossificans	methylation class myositis ossificans	Myositis ossificans/proliferans	benign	institutional_diagnosis	primary_tumor	Soft tisse, trunk	Primary
GSM4180657	REFERENCE_SAMPLE 205	reference	Myositis ossificans	methylation class myositis ossificans	Myositis ossificans/proliferans	benign	institutional_diagnosis	primary_tumor	Soft tissue, trunk, thorax, costae	Primary
GSM4180658	REFERENCE_SAMPLE 206	reference	Myositis ossificans	methylation class myositis ossificans	Myositis ossificans/proliferans	benign	institutional_diagnosis	primary_tumor	Soft tissue, limbs, lower limbs	Primary
GSM4180659	REFERENCE_SAMPLE 207	reference	Myositis ossificans	methylation class myositis ossificans	Myositis ossificans/proliferans	benign	institutional_diagnosis	primary_tumor	Soft tissue, limbs, lower limbs	Primary
GSM4180660	REFERENCE_SAMPLE 208	reference	Myositis ossificans	methylation class myositis ossificans	Myositis ossificans/proliferans	benign	institutional_diagnosis	primary_tumor	Soft tissue, trunk, buttock	Primary
GSM4180661	REFERENCE_SAMPLE 209	reference	Malignant rhabdoid tumour	methylation class malignant rhabdoid tumour	Rhabdoid tumor/ATRT	sarcoma	institutional_diagnosis	primary_tumor	Soft tissue, limbs, lower limbs	Primary
GSM4180662	REFERENCE_SAMPLE 210	reference	Malignant rhabdoid tumour	methylation class malignant rhabdoid tumour	Rhabdoid tumor/ATRT	sarcoma	institutional_diagnosis	primary_tumor	Soft tissue, trunk, abdomen	Primary
GSM4180663	REFERENCE_SAMPLE 211	reference	Malignant rhabdoid tumour	methylation class malignant rhabdoid tumour	Rhabdoid tumor/ATRT	sarcoma	institutional_diagnosis	primary_tumor		Primary
GSM4180664	REFERENCE_SAMPLE 212	reference	Malignant rhabdoid tumour	methylation class malignant rhabdoid tumour	Rhabdoid tumor/ATRT	sarcoma	institutional_diagnosis	primary_tumor		Primary
GSM4180665	REFERENCE_SAMPLE 213	reference	Malignant rhabdoid tumour	methylation class malignant rhabdoid tumour	Rhabdoid tumor/ATRT	sarcoma	institutional_diagnosis	primary_tumor		Primary
GSM4180666	REFERENCE_SAMPLE 214	reference	Malignant rhabdoid tumour	methylation class malignant rhabdoid tumour	Rhabdoid tumor/ATRT	sarcoma	institutional_diagnosis	primary_tumor	Visceral, abdomen, liver	Primary
GSM4180667	REFERENCE_SAMPLE 215	reference	Malignant rhabdoid tumour	methylation class malignant rhabdoid tumour	Rhabdoid tumor/ATRT	sarcoma	institutional_diagnosis	primary_tumor	Visceral, abdomen, liver	Primary
GSM4180668	REFERENCE_SAMPLE 216	reference	Malignant rhabdoid tumour	methylation class malignant rhabdoid tumour	Rhabdoid tumor/ATRT	sarcoma	institutional_diagnosis	primary_tumor	Soft tissue, abdomen	Primary
GSM4180669	REFERENCE_SAMPLE 217	reference	Malignant rhabdoid tumour	methylation class malignant rhabdoid tumour	Rhabdoid tumor/ATRT	sarcoma	institutional_diagnosis	primary_tumor	Soft tissue	Primary
GSM4180670	REFERENCE_SAMPLE 218	reference	Malignant rhabdoid tumour	methylation class malignant rhabdoid tumour	Rhabdoid tumor/ATRT	sarcoma	institutional_diagnosis	primary_tumor	Soft tissue, head and neck	Primary
GSM4180671	REFERENCE_SAMPLE 219	reference	Malignant rhabdoid tumour	methylation class malignant rhabdoid tumour	Rhabdoid tumor/ATRT	sarcoma	institutional_diagnosis	primary_tumor	Soft tissue, head and neck	Primary
GSM4180672	REFERENCE_SAMPLE 220	reference	Osteosarcoma (high-grade)	methylation class osteosarcoma (high grade)	Osteosarcoma	sarcoma	institutional_diagnosis	metastasis	Visceral, thorax, lung	Metastasis
GSM4180673	REFERENCE_SAMPLE 221	reference	Rhabdomyosarcoma (embryonal)	methylation class rhabdomyosarcoma (embryonal)	FN-RMS	sarcoma	methylation_class_embryonal	metastasis	Visceral, thorax, lung	Metastasis
GSM4180674	REFERENCE_SAMPLE 222	reference	Epithelioid haemangioendothelioma	methylation class epithelioid haemangioendothelioma	EHE	sarcoma	institutional_diagnosis	primary_tumor	Soft tissue, head and neck, tonsil	Primary
GSM4180675	REFERENCE_SAMPLE 223	reference	Inflammatory myofibroblastic tumour	methylation class inflammatory myofibroblastic tumour	IMT	sarcoma	institutional_diagnosis	primary_tumor	Soft tissue, trunk, abdomen	Primary
GSM4180676	REFERENCE_SAMPLE 224	reference	Inflammatory myofibroblastic tumour	methylation class inflammatory myofibroblastic tumour	IMT	sarcoma	institutional_diagnosis	primary_tumor	Soft tissue, trunk, abdomen	Primary
GSM4180677	REFERENCE_SAMPLE 225	reference	Inflammatory myofibroblastic tumour	methylation class inflammatory myofibroblastic tumour	IMT	sarcoma	institutional_diagnosis	primary_tumor	Visceral, abdomen, ileum	Primary
GSM4180678	REFERENCE_SAMPLE 226	reference	Inflammatory myofibroblastic tumour	methylation class inflammatory myofibroblastic tumour	IMT	sarcoma	institutional_diagnosis	primary_tumor	Soft tissue, trunk, abdomen	Primary
GSM4180679	REFERENCE_SAMPLE 227	reference	Inflammatory myofibroblastic tumour	methylation class inflammatory myofibroblastic tumour	IMT	sarcoma	institutional_diagnosis	primary_tumor	Visceral, thorax, pleura	Primary
GSM4180680	REFERENCE_SAMPLE 228	reference	Inflammatory myofibroblastic tumour	methylation class inflammatory myofibroblastic tumour	IMT	sarcoma	institutional_diagnosis	primary_tumor	Visceral, thorax, pleura	Primary
GSM4180681	REFERENCE_SAMPLE 229	reference	Rhabdomyosarcoma (alveolar)	methylation class rhabdomyosarcoma (alveolar)	FP-RMS	sarcoma	methylation_class_alveolar	recurrence	Soft tissue, limbs, upper limbs, hand	Recurrence
GSM4180682	REFERENCE_SAMPLE 230	reference	Epithelioid haemangioendothelioma	methylation class epithelioid haemangioendothelioma	EHE	sarcoma	institutional_diagnosis	primary_tumor	Soft tissue, limbs, lower limbs, groin	Primary
GSM4180683	REFERENCE_SAMPLE 231	reference	Epithelioid haemangioendothelioma	methylation class epithelioid haemangioendothelioma	EHE	sarcoma	institutional_diagnosis	primary_tumor	Soft tissue, trunk, thorax, costae	Primary
GSM4180684	REFERENCE_SAMPLE 232	reference	Epithelioid haemangioendothelioma	methylation class epithelioid haemangioendothelioma	EHE	sarcoma	institutional_diagnosis	primary_tumor	Soft tissue, trunk, pelvis, paratesticular	Primary
GSM4180685	REFERENCE_SAMPLE 233	reference	Epithelioid haemangioendothelioma	methylation class epithelioid haemangioendothelioma	EHE	sarcoma	institutional_diagnosis	primary_tumor	Soft tissue, limbs, upper limbs, forearm	Primary
GSM4180686	REFERENCE_SAMPLE 234	reference	Epithelioid haemangioendothelioma	methylation class epithelioid haemangioendothelioma	EHE	sarcoma	institutional_diagnosis	primary_tumor	Soft tissue, head and neck, occipital	Primary
GSM4180687	REFERENCE_SAMPLE 235	reference	Epithelioid sarcoma, classic	methylation class epithelioid sarcoma	Epithelioid sarcoma	sarcoma	institutional_diagnosis	primary_tumor	Soft tissue, limbs, upper limbs, hand	Primary
GSM4180688	REFERENCE_SAMPLE 236	reference	Epithelioid sarcoma	methylation class epithelioid sarcoma	Epithelioid sarcoma	sarcoma	institutional_diagnosis	metastasis	Visceral, thorax, lung	Metastasis
GSM4180689	REFERENCE_SAMPLE 237	reference	Epithelioid sarcoma, classic	methylation class epithelioid sarcoma	Epithelioid sarcoma	sarcoma	institutional_diagnosis	primary_tumor	Soft tissue, limbs, upper limbs, forearm	Primary
GSM4180690	REFERENCE_SAMPLE 238	reference	Epithelioid sarcoma, classic	methylation class epithelioid sarcoma	Epithelioid sarcoma	sarcoma	institutional_diagnosis	primary_tumor	Soft tissue, trunk, pelvic girdle	Primary
GSM4180691	REFERENCE_SAMPLE 239	reference	Epithelioid sarcoma, classic	methylation class epithelioid sarcoma	Epithelioid sarcoma	sarcoma	institutional_diagnosis	primary_tumor	Soft tissue, limbs, upper limbs, cubital fossa	Primary
GSM4180692	REFERENCE_SAMPLE 240	reference	Malignant rhabdoid tumour	methylation class malignant rhabdoid tumour	Rhabdoid tumor/ATRT	sarcoma	institutional_diagnosis	primary_tumor	Soft tissue, limbs, lower limbs, thigh	Primary
GSM4180693	REFERENCE_SAMPLE 241	reference	Small blue round cell tumour with BCOR alteration	methylation class small blue round cell tumour with BCOR alteration	BCOR-sarcoma	sarcoma	institutional_diagnosis	primary_tumor	Soft tissue, trunk, abdomen	Primary
GSM4180694	REFERENCE_SAMPLE 242	reference	Ewing´s sarcoma	methylation class Ewing´s sarcoma	Ewing	sarcoma	institutional_diagnosis	primary_tumor	Soft tissue, head and neck, temporal	Primary
GSM4180695	REFERENCE_SAMPLE 243	reference	Rhabdomyosarcoma (alveolar)	methylation class rhabdomyosarcoma (alveolar)	FP-RMS	sarcoma	methylation_class_alveolar	metastasis	Soft tissue, limbs, upper limbs, arm	Metastasis
GSM4180696	REFERENCE_SAMPLE 244	reference	Solitary fibrous tumour	methylation class solitary fibrous tumour	Solitary fibrous tumour	sarcoma	institutional_diagnosis	metastasis	Soft tissue, trunk, pelvis	Metastasis
GSM4180697	REFERENCE_SAMPLE 245	reference	Rhabdomyosarcoma (alveolar)	methylation class rhabdomyosarcoma (alveolar)	FP-RMS	sarcoma	methylation_class_alveolar	primary_tumor	Soft tissue, trunk, pelvis, bladder wall	Primary
GSM4180698	REFERENCE_SAMPLE 246	reference	Clear cell sarcoma (kidney)	methylation class clear cell sarcoma of the kidney	CCSK	sarcoma	institutional_diagnosis	primary_tumor	Visceral, abdomen, kidney	Primary
GSM4180699	REFERENCE_SAMPLE 247	reference	Clear cell sarcoma (kidney)	methylation class clear cell sarcoma of the kidney	CCSK	sarcoma	institutional_diagnosis	primary_tumor	Visceral, abdomen, kidney	Primary
GSM4180700	REFERENCE_SAMPLE 248	reference	Clear cell sarcoma (kidney)	methylation class clear cell sarcoma of the kidney	CCSK	sarcoma	institutional_diagnosis	primary_tumor	Visceral, abdomen, kidney	Primary
GSM4180701	REFERENCE_SAMPLE 249	reference	Clear cell sarcoma (kidney)	methylation class clear cell sarcoma of the kidney	CCSK	sarcoma	institutional_diagnosis	primary_tumor	Visceral, abdomen, kidney	Primary
GSM4180702	REFERENCE_SAMPLE 250	reference	Clear cell sarcoma (kidney)	methylation class clear cell sarcoma of the kidney	CCSK	sarcoma	institutional_diagnosis	primary_tumor	Visceral, abdomen, kidney	Primary
GSM4180703	REFERENCE_SAMPLE 251	reference	Clear cell sarcoma (kidney)	methylation class clear cell sarcoma of the kidney	CCSK	sarcoma	institutional_diagnosis	primary_tumor	Visceral, abdomen, kidney	Primary
GSM4180704	REFERENCE_SAMPLE 252	reference	Clear cell sarcoma (kidney)	methylation class clear cell sarcoma of the kidney	CCSK	sarcoma	institutional_diagnosis	primary_tumor	Visceral, abdomen, kidney	Primary
GSM4180705	REFERENCE_SAMPLE 253	reference	Clear cell sarcoma (kidney)	methylation class clear cell sarcoma of the kidney	CCSK	sarcoma	institutional_diagnosis	primary_tumor	Visceral, abdomen, kidney	Primary
GSM4180706	REFERENCE_SAMPLE 254	reference	Clear cell sarcoma (kidney)	methylation class clear cell sarcoma of the kidney	CCSK	sarcoma	institutional_diagnosis	primary_tumor	Visceral, abdomen, kidney	Primary
GSM4180707	REFERENCE_SAMPLE 255	reference	Inflammatory myofibroblastic tumour	methylation class inflammatory myofibroblastic tumour	IMT	sarcoma	institutional_diagnosis	primary_tumor	Visceral, thorax, lung	Primary
GSM4180708	REFERENCE_SAMPLE 256	reference	Angiosarcoma	methylation class angiosarcoma	Angiosarcoma	sarcoma	institutional_diagnosis	primary_tumor	Skin, head	Primary
GSM4180709	REFERENCE_SAMPLE 257	reference	Angiosarcoma	methylation class angiosarcoma	Angiosarcoma	sarcoma	institutional_diagnosis	primary_tumor	Bone, limbs, lower limbs, femur	Primary
GSM4180710	REFERENCE_SAMPLE 258	reference	Rhabdomyosarcoma (alveolar)	methylation class rhabdomyosarcoma (alveolar)	FP-RMS	sarcoma	methylation_class_alveolar	primary_tumor	Soft tissue, head and neck, nasopharynx	Primary
GSM4180711	REFERENCE_SAMPLE 259	reference	Extraskeletal myxoid chondrosarcoma	methylation class extraskeletal myxoid chondrosarcoma	EMC	sarcoma	institutional_diagnosis	primary_tumor	Soft tissue, trunk, pelvis	Primary
GSM4180712	REFERENCE_SAMPLE 260	reference	Infantile fibrosarcoma	methylation class infantile fibrosarcoma	Infantile fibrosarcoma	sarcoma	institutional_diagnosis	primary_tumor	Soft tissue, trunk, paraspinal	Primary
GSM4180713	REFERENCE_SAMPLE 261	reference	Leiomyosarcoma	methylation class leiomyosarcoma	Leiomyosarcoma	sarcoma	institutional_diagnosis	primary_tumor	Soft tissue, trunk, paraspinal	Primary
GSM4180714	REFERENCE_SAMPLE 262	reference	Chondrosarcoma	methylation class chondrosarcoma (IDH group A)	Chondrosarcoma	sarcoma	institutional_diagnosis	primary_tumor	Bone, head and neck, skull base	Primary
GSM4180715	REFERENCE_SAMPLE 263	reference	Chondrosarcoma	methylation class chondrosarcoma (group B)	Chondrosarcoma	sarcoma	institutional_diagnosis	recurrence	Bone, spine	Recurrence
GSM4180716	REFERENCE_SAMPLE 264	reference	Sarcoma not otherwise specified	methylation class sarcoma (RMS-like)	Sarcoma NOS	sarcoma	institutional_diagnosis	recurrence	Intracranial	Recurrence
GSM4180717	REFERENCE_SAMPLE 265	reference	Chondrosarcoma	methylation class chondrosarcoma (IDH group B)	Chondrosarcoma	sarcoma	institutional_diagnosis	primary_tumor	Bone, limbs, lower limbs, femur	Primary
GSM4180718	REFERENCE_SAMPLE 266	reference	Rhabdomyosarcoma (embryonal)	methylation class rhabdomyosarcoma (embryonal)	FN-RMS	sarcoma	methylation_class_embryonal	recurrence	Intracranial	Recurrence
GSM4180719	REFERENCE_SAMPLE 267	reference	Chondrosarcoma	methylation class chondrosarcoma (group A)	Chondrosarcoma	sarcoma	institutional_diagnosis	primary_tumor	Bone, thorax, sternum	Primary
GSM4180720	REFERENCE_SAMPLE 268	reference	Chondrosarcoma	methylation class chondrosarcoma (group B)	Chondrosarcoma	sarcoma	institutional_diagnosis	primary_tumor	Bone, spine	
GSM4180721	REFERENCE_SAMPLE 269	reference	Chondrosarcoma	methylation class chondrosarcoma (IDH group B)	Chondrosarcoma	sarcoma	institutional_diagnosis	primary_tumor	Bone, limbs, lower limbs, fibula	Primary
GSM4180722	REFERENCE_SAMPLE 270	reference	Chondrosarcoma	methylation class chondrosarcoma (IDH group A)	Chondrosarcoma	sarcoma	institutional_diagnosis	primary_tumor	Bone, pelvis	Primary
GSM4180723	REFERENCE_SAMPLE 271	reference	Chondrosarcoma	methylation class chondrosarcoma (IDH group B)	Chondrosarcoma	sarcoma	institutional_diagnosis	primary_tumor	Bone, limbs, lower limbs, femur	Primary
GSM4180724	REFERENCE_SAMPLE 272	reference	Chondrosarcoma	methylation class chondrosarcoma (IDH group B)	Chondrosarcoma	sarcoma	institutional_diagnosis	primary_tumor	Bone, limbs, lower limbs, tibia	Primary
GSM4180725	REFERENCE_SAMPLE 273	reference	Chondrosarcoma	methylation class chondrosarcoma (IDH group B)	Chondrosarcoma	sarcoma	institutional_diagnosis	primary_tumor	Bone, limbs, upper limbs, humerus	Primary
GSM4180726	REFERENCE_SAMPLE 274	reference	Chondrosarcoma	methylation class chondrosarcoma (IDH group B)	Chondrosarcoma	sarcoma	institutional_diagnosis	primary_tumor	Bone, limbs, lower limbs, femur	Primary
GSM4180727	REFERENCE_SAMPLE 275	reference	Chondrosarcoma	methylation class chondrosarcoma (group A)	Chondrosarcoma	sarcoma	institutional_diagnosis	primary_tumor	Bone, thorax, sternum	Primary
GSM4180728	REFERENCE_SAMPLE 276	reference	Chondrosarcoma	methylation class chondrosarcoma (IDH group B)	Chondrosarcoma	sarcoma	institutional_diagnosis	recurrence	Bone, limbs, upper limbs, ulna	Recurrence
GSM4180729	REFERENCE_SAMPLE 277	reference	Chondrosarcoma	methylation class chondrosarcoma (IDH group B)	Chondrosarcoma	sarcoma	institutional_diagnosis	primary_tumor	Bone, limbs, upper limbs, humerus	Primary
GSM4180730	REFERENCE_SAMPLE 278	reference	Chondrosarcoma	methylation class chondrosarcoma (IDH group B)	Chondrosarcoma	sarcoma	institutional_diagnosis	primary_tumor	Bone, limbs, lower limbs, femur	Primary
GSM4180731	REFERENCE_SAMPLE 279	reference	Chondrosarcoma	methylation class chondrosarcoma (group A)	Chondrosarcoma	sarcoma	institutional_diagnosis	primary_tumor	Bone, head and neck, nasal septum	Primary
GSM4180732	REFERENCE_SAMPLE 280	reference	Chondrosarcoma	methylation class chondrosarcoma (group B)	Chondrosarcoma	sarcoma	institutional_diagnosis	primary_tumor	Bone, limbs, lower limbs, femur	Primary
GSM4180733	REFERENCE_SAMPLE 281	reference	Rhabdomyosarcoma (alveolar)	methylation class rhabdomyosarcoma (alveolar)	FP-RMS	sarcoma	methylation_class_alveolar	recurrence	Soft tissue, trunk, thorax, mamma	Recurrence
GSM4180734	REFERENCE_SAMPLE 282	reference	Chondrosarcoma (mesenchymal)	methylation class chondrosarcoma (mesenchymal)	Chondrosarcoma	sarcoma	institutional_diagnosis	recurrence	Intracranial	Recurrence
GSM4180735	REFERENCE_SAMPLE 283	reference	Chondrosarcoma	methylation class chondrosarcoma (IDH group B)	Chondrosarcoma	sarcoma	institutional_diagnosis	primary_tumor	Bone, limbs, lower limbs, femur	Primary
GSM4180736	REFERENCE_SAMPLE 284	reference	Chondrosarcoma	methylation class chondrosarcoma (group A)	Chondrosarcoma	sarcoma	institutional_diagnosis	primary_tumor	Bone, head and neck, neck, larynx	Primary
GSM4180737	REFERENCE_SAMPLE 285	reference	Chondrosarcoma	methylation class chondrosarcoma (group A)	Chondrosarcoma	sarcoma	institutional_diagnosis	primary_tumor	Bone, head and neck, neck, larynx	Primary
GSM4180738	REFERENCE_SAMPLE 286	reference	Chondrosarcoma	methylation class chondrosarcoma (IDH group B)	Chondrosarcoma	sarcoma	institutional_diagnosis	primary_tumor	Bone, head and neck, neck, larynx	Primary
GSM4180739	REFERENCE_SAMPLE 287	reference	Chondrosarcoma	methylation class chondrosarcoma (IDH group B)	Chondrosarcoma	sarcoma	institutional_diagnosis	primary_tumor	Bone, limbs, lower limbs, tibia	Primary
GSM4180740	REFERENCE_SAMPLE 288	reference	Lipoma	methylation class lipoma	Lipoma/lipoblastomatosis	benign	institutional_diagnosis	primary_tumor		Primary
GSM4180741	REFERENCE_SAMPLE 289	reference	Control (reactive tissue)	methylation class control (reactive tissue)	Non-neoplastic control	benign	institutional_diagnosis	primary_tumor	Soft tissue, trunk, paraspinal	
GSM4180742	REFERENCE_SAMPLE 290	reference	Control (reactive tissue)	methylation class control (reactive tissue)	Non-neoplastic control	benign	institutional_diagnosis	primary_tumor	Soft tissue, trunk, paraspinal	
GSM4180743	REFERENCE_SAMPLE 291	reference	Control (reactive tissue)	methylation class control (reactive tissue)	Non-neoplastic control	benign	institutional_diagnosis	primary_tumor	Soft tissue, trunk, paraspinal	
GSM4180744	REFERENCE_SAMPLE 292	reference	Lipoma	methylation class lipoma	Lipoma/lipoblastomatosis	benign	institutional_diagnosis	primary_tumor	Soft tissue, trunk, back, subcutaneous	Primary
GSM4180745	REFERENCE_SAMPLE 293	reference	Small blue round cell tumour with CIC alteration	methylation class small blue round cell tumour with CIC alteration	CIC-DUX4	sarcoma	institutional_diagnosis	primary_tumor	Soft tissue, head and neck	Primary
GSM4180746	REFERENCE_SAMPLE 294	reference	Ewing´s sarcoma	methylation class Ewing´s sarcoma	Ewing	sarcoma	institutional_diagnosis	metastasis	Soft tissue, limbs, upper limbs	Metastasis
GSM4180747	REFERENCE_SAMPLE 295	reference	Ewing´s sarcoma	methylation class Ewing´s sarcoma	Ewing	sarcoma	institutional_diagnosis	metastasis	Intracranial	Metastasis
GSM4180748	REFERENCE_SAMPLE 296	reference	Ewing´s sarcoma	methylation class Ewing´s sarcoma	Ewing	sarcoma	institutional_diagnosis	primary_tumor		Primary
GSM4180749	REFERENCE_SAMPLE 297	reference	Glioblastoma	methylation class sarcoma (RMS-like)	Glioblastoma	nonsarcoma	institutional_diagnosis	primary_tumor	Intracranial	Primary
GSM4180750	REFERENCE_SAMPLE 298	reference	Synovial sarcoma	methylation class synovial sarcoma	Synovial sarcoma	sarcoma	institutional_diagnosis	recurrence	Soft tissue, limbs, upper limbs, axilla	Recurrence
GSM4180751	REFERENCE_SAMPLE 299	reference	Control (reactive tissue)	methylation class control (reactive tissue)	Non-neoplastic control	benign	institutional_diagnosis	primary_tumor	Soft tissue, trunk, paraspinal	
GSM4180752	REFERENCE_SAMPLE 300	reference	Myxoid liposarcoma	methylation class myxoid liposarcoma	Liposarcoma-myxoid	sarcoma	institutional_diagnosis	primary_tumor		Primary
GSM4180753	REFERENCE_SAMPLE 301	reference	Rhabdomyosarcoma (alveolar)	methylation class rhabdomyosarcoma (alveolar)	FP-RMS	sarcoma	methylation_class_alveolar	metastasis	Intracranial	Metastasis
GSM4180754	REFERENCE_SAMPLE 302	reference	Desmoplastic small round cell tumour	methylation class desmoplastic small round cell tumour	DSRCT	sarcoma	institutional_diagnosis	primary_tumor	Soft tissue, trunk, pelvis	Primary
GSM4180755	REFERENCE_SAMPLE 303	reference	Rhabdomyosarcoma (alveolar)	methylation class rhabdomyosarcoma (alveolar)	FP-RMS	sarcoma	methylation_class_alveolar	recurrence	Soft tissue, trunk, buttock	Recurrence
GSM4180756	REFERENCE_SAMPLE 304	reference	Rhabdomyosarcoma (embryonal)	methylation class rhabdomyosarcoma (embryonal)	FN-RMS	sarcoma	methylation_class_embryonal	primary_tumor	Soft tissue,trunk,  pelvis, bladder wall	Primary
GSM4180757	REFERENCE_SAMPLE 305	reference	Rhabdomyosarcoma (embryonal)	methylation class rhabdomyosarcoma (embryonal)	FN-RMS	sarcoma	methylation_class_embryonal	metastasis	Soft tissue, head and neck, orbit	Metastasis
GSM4180758	REFERENCE_SAMPLE 306	reference	Rhabdomyosarcoma (embryonal)	methylation class rhabdomyosarcoma (embryonal)	FN-RMS	sarcoma	methylation_class_embryonal	recurrence	Visceral, pelvis, uterus	Recurrence
GSM4180759	REFERENCE_SAMPLE 307	reference	Rhabdomyosarcoma (alveolar)	methylation class rhabdomyosarcoma (alveolar)	FP-RMS	sarcoma	methylation_class_alveolar	primary_tumor	Visceral, thorax, pleura	Primary
GSM4180760	REFERENCE_SAMPLE 308	reference	Rhabdomyosarcoma (alveolar)	methylation class rhabdomyosarcoma (alveolar)	FP-RMS	sarcoma	methylation_class_alveolar	primary_tumor	Soft tissue, trunk, retroperitoneum	Primary
GSM4180761	REFERENCE_SAMPLE 309	reference	Rhabdomyosarcoma (alveolar)	methylation class rhabdomyosarcoma (alveolar)	FP-RMS	sarcoma	methylation_class_alveolar	recurrence	Lymph node	Recurrence
GSM4180762	REFERENCE_SAMPLE 310	reference	Rhabdomyosarcoma (alveolar)	methylation class rhabdomyosarcoma (alveolar)	FP-RMS	sarcoma	methylation_class_alveolar	metastasis	Soft tissue, limbs	Metastasis
GSM4180763	REFERENCE_SAMPLE 311	reference	Rhabdomyosarcoma (alveolar)	methylation class rhabdomyosarcoma (alveolar)	FP-RMS	sarcoma	methylation_class_alveolar	primary_tumor	Soft tissue, limbs	Primary
GSM4180764	REFERENCE_SAMPLE 312	reference	Synovial sarcoma	methylation class synovial sarcoma	Synovial sarcoma	sarcoma	institutional_diagnosis	primary_tumor	Soft tissue, limbs, lower limbs, thigh	
GSM4180765	REFERENCE_SAMPLE 313	reference	Myxoid liposarcoma	methylation class myxoid liposarcoma	Liposarcoma-myxoid	sarcoma	institutional_diagnosis	primary_tumor	Soft tissue, trunk, retroperitoneum	
GSM4180766	REFERENCE_SAMPLE 314	reference	Small blue round cell tumour with BCOR alteration	methylation class small blue round cell tumour with BCOR alteration	BCOR-sarcoma	sarcoma	institutional_diagnosis	primary_tumor	Bone, limbs, lower limbs, femur	Primary
GSM4180767	REFERENCE_SAMPLE 315	reference	Synovial sarcoma	methylation class synovial sarcoma	Synovial sarcoma	sarcoma	institutional_diagnosis	primary_tumor	Soft tissue, limbs, lower limbs, thigh	Primary
GSM4180768	REFERENCE_SAMPLE 316	reference	Small blue round cell tumour with CIC alteration	methylation class small blue round cell tumour with CIC alteration	CIC-DUX4	sarcoma	institutional_diagnosis	primary_tumor	Soft tissue, limbs, upper limbs, axilla	Primary
GSM4180769	REFERENCE_SAMPLE 317	reference	Ewing´s sarcoma	methylation class Ewing´s sarcoma	Ewing	sarcoma	institutional_diagnosis	primary_tumor		Primary
GSM4180770	REFERENCE_SAMPLE 318	reference	Ewing´s sarcoma	methylation class Ewing´s sarcoma	Ewing	sarcoma	institutional_diagnosis	primary_tumor		Primary
GSM4180771	REFERENCE_SAMPLE 319	reference	Ewing´s sarcoma	methylation class Ewing´s sarcoma	Ewing	sarcoma	institutional_diagnosis	primary_tumor	Soft tissue, trunk, pevic girdle	Primary
GSM4180772	REFERENCE_SAMPLE 320	reference	Ewing´s sarcoma	methylation class Ewing´s sarcoma	Ewing	sarcoma	institutional_diagnosis	primary_tumor		Primary
GSM4180773	REFERENCE_SAMPLE 321	reference	Sarcoma not otherwise specified	methylation class sarcoma (RMS-like)	Sarcoma NOS	sarcoma	institutional_diagnosis	primary_tumor	Intracranial, supratentorial	Primary
GSM4180774	REFERENCE_SAMPLE 322	reference	Infantile fibrosarcoma	methylation class infantile fibrosarcoma	Infantile fibrosarcoma	sarcoma	institutional_diagnosis	primary_tumor	Soft tissue, limbs, lower limbs, foot	Primary
GSM4180775	REFERENCE_SAMPLE 323	reference	Infantile fibrosarcoma	methylation class infantile fibrosarcoma	Infantile fibrosarcoma	sarcoma	institutional_diagnosis	primary_tumor	Soft tissue, trunk, abdomen	Primary
GSM4180776	REFERENCE_SAMPLE 324	reference	Infantile fibrosarcoma	methylation class infantile fibrosarcoma	Infantile fibrosarcoma	sarcoma	institutional_diagnosis	primary_tumor	Soft tissue, head and neck, neck	Primary
GSM4180777	REFERENCE_SAMPLE 325	reference	Infantile fibrosarcoma	methylation class infantile fibrosarcoma	Infantile fibrosarcoma	sarcoma	institutional_diagnosis	primary_tumor	Soft tissue, limbs, lower limbs, foot	Primary
GSM4180778	REFERENCE_SAMPLE 326	reference	Infantile fibrosarcoma	methylation class infantile fibrosarcoma	Infantile fibrosarcoma	sarcoma	institutional_diagnosis	primary_tumor		Primary
GSM4180779	REFERENCE_SAMPLE 327	reference	Infantile fibrosarcoma	methylation class infantile fibrosarcoma	Infantile fibrosarcoma	sarcoma	institutional_diagnosis	primary_tumor	Soft tissue, limbs, lower limbs, leg	Primary
GSM4180780	REFERENCE_SAMPLE 328	reference	Infantile fibrosarcoma	methylation class infantile fibrosarcoma	Infantile fibrosarcoma	sarcoma	institutional_diagnosis	primary_tumor	Soft tissue, trunk, abdomen	Primary
GSM4180781	REFERENCE_SAMPLE 329	reference	Infantile fibrosarcoma	methylation class infantile fibrosarcoma	Infantile fibrosarcoma	sarcoma	institutional_diagnosis	primary_tumor	Soft tissue, limbs, upper limbs, forearm	Primary
GSM4180782	REFERENCE_SAMPLE 330	reference	Infantile fibrosarcoma	methylation class infantile fibrosarcoma	Infantile fibrosarcoma	sarcoma	institutional_diagnosis	primary_tumor	Visceral, abdomen, colon	Primary
GSM4180783	REFERENCE_SAMPLE 331	reference	Infantile fibrosarcoma	methylation class infantile fibrosarcoma	Infantile fibrosarcoma	sarcoma	institutional_diagnosis	primary_tumor	Soft tissue, limbs, upper limbs, forearm	Primary
GSM4180784	REFERENCE_SAMPLE 332	reference	Nodular fasciitis	methylation class nodular fasciitis	Nodular fasciitis	benign	institutional_diagnosis	primary_tumor	Soft tissue, trunk, thorax, thoracic wall, subcutis	Primary
GSM4180785	REFERENCE_SAMPLE 333	reference	Nodular fasciitis	methylation class nodular fasciitis	Nodular fasciitis	benign	institutional_diagnosis	primary_tumor	Soft tissue, head and neck, subcutis	Primary
GSM4180786	REFERENCE_SAMPLE 334	reference	Nodular fasciitis	methylation class nodular fasciitis	Nodular fasciitis	benign	institutional_diagnosis	primary_tumor	Soft tissue, limbs, upper limbs, subcutis	Primary
GSM4180787	REFERENCE_SAMPLE 335	reference	Nodular fasciitis	methylation class nodular fasciitis	Nodular fasciitis	benign	institutional_diagnosis	primary_tumor	Soft tissue, limbs, upper limbs, subcutis	Primary
GSM4180788	REFERENCE_SAMPLE 336	reference	Nodular fasciitis	methylation class nodular fasciitis	Nodular fasciitis	benign	institutional_diagnosis	primary_tumor	Soft tissue, trunk, pelvis, subcutis	Primary
GSM4180789	REFERENCE_SAMPLE 337	reference	Nodular fasciitis	methylation class nodular fasciitis	Nodular fasciitis	benign	institutional_diagnosis	primary_tumor	Soft tissue, head and neck, subcutis	Primary
GSM4180790	REFERENCE_SAMPLE 338	reference	Nodular fasciitis	methylation class nodular fasciitis	Nodular fasciitis	benign	institutional_diagnosis	primary_tumor	Soft tissue, head and neck, subcutis	Primary
GSM4180791	REFERENCE_SAMPLE 339	reference	Infantile fibrosarcoma	methylation class infantile fibrosarcoma	Infantile fibrosarcoma	sarcoma	institutional_diagnosis	primary_tumor	Soft tissue, trunk, thorax, costae	Primary
GSM4180792	REFERENCE_SAMPLE 340	reference	Angiomatoid fibrous histiocytoma	methylation class angiomatoid fibrous histiocytoma	Angiomatoid fibrous histiocytoma	sarcoma	institutional_diagnosis	primary_tumor	Skin	Primary
GSM4180793	REFERENCE_SAMPLE 341	reference	Angiomatoid fibrous histiocytoma	methylation class angiomatoid fibrous histiocytoma	Angiomatoid fibrous histiocytoma	sarcoma	institutional_diagnosis	primary_tumor		Primary
GSM4180794	REFERENCE_SAMPLE 342	reference	Dermatofibrosarcoma protuberans	methylation class dermatofibrosarcoma protuberans	DFSP	sarcoma	institutional_diagnosis	primary_tumor	Soft tissue, limbs, lower limbs, subcutis	Primary
GSM4180795	REFERENCE_SAMPLE 343	reference	Dermatofibrosarcoma protuberans	methylation class dermatofibrosarcoma protuberans	DFSP	sarcoma	institutional_diagnosis	primary_tumor	Soft tissue, limbs, upper limbs, subcutis	Primary
GSM4180796	REFERENCE_SAMPLE 344	reference	Dermatofibrosarcoma protuberans	methylation class dermatofibrosarcoma protuberans	DFSP	sarcoma	institutional_diagnosis	primary_tumor		Primary
GSM4180797	REFERENCE_SAMPLE 345	reference	Dermatofibrosarcoma protuberans	methylation class dermatofibrosarcoma protuberans	DFSP	sarcoma	institutional_diagnosis	primary_tumor		Primary
GSM4180798	REFERENCE_SAMPLE 346	reference	Dermatofibrosarcoma protuberans	methylation class dermatofibrosarcoma protuberans	DFSP	sarcoma	institutional_diagnosis	primary_tumor	Skin	Primary
GSM4180799	REFERENCE_SAMPLE 347	reference	Dermatofibrosarcoma protuberans	methylation class dermatofibrosarcoma protuberans	DFSP	sarcoma	institutional_diagnosis	primary_tumor	Skin	Primary
GSM4180800	REFERENCE_SAMPLE 348	reference	Dermatofibrosarcoma protuberans	methylation class dermatofibrosarcoma protuberans	DFSP	sarcoma	institutional_diagnosis	primary_tumor	Skin	Primary
GSM4180801	REFERENCE_SAMPLE 349	reference	Dermatofibrosarcoma protuberans	methylation class dermatofibrosarcoma protuberans	DFSP	sarcoma	institutional_diagnosis	primary_tumor	Soft tissue, limbs, upper limbs, shoulder girdle, subcutis	Primary
GSM4180802	REFERENCE_SAMPLE 350	reference	Dermatofibrosarcoma protuberans	methylation class dermatofibrosarcoma protuberans	DFSP	sarcoma	institutional_diagnosis	primary_tumor	Skin	Primary
GSM4180803	REFERENCE_SAMPLE 351	reference	Alveolar soft part sarcoma	methylation class alveolar soft part sarcoma	ASPS	sarcoma	institutional_diagnosis	primary_tumor	Soft tissue, limbs, upper limbs, shoulder girdle	Primary
GSM4180804	REFERENCE_SAMPLE 352	reference	Alveolar soft part sarcoma	methylation class alveolar soft part sarcoma	ASPS	sarcoma	institutional_diagnosis	primary_tumor	Soft tissue, limbs, upper limbs, arm	Primary
GSM4180805	REFERENCE_SAMPLE 353	reference	Alveolar soft part sarcoma	methylation class alveolar soft part sarcoma	ASPS	sarcoma	institutional_diagnosis	primary_tumor	Soft tissue, limbs, lower limbs, leg	Primary
GSM4180806	REFERENCE_SAMPLE 354	reference	Alveolar soft part sarcoma	methylation class alveolar soft part sarcoma	ASPS	sarcoma	institutional_diagnosis	primary_tumor	Soft tissue, limbs, lower limbs, leg	Primary
GSM4180807	REFERENCE_SAMPLE 355	reference	Alveolar soft part sarcoma	methylation class alveolar soft part sarcoma	ASPS	sarcoma	institutional_diagnosis	primary_tumor	Soft tissue, head and neck, oral cavity	Primary
GSM4180808	REFERENCE_SAMPLE 356	reference	Alveolar soft part sarcoma	methylation class alveolar soft part sarcoma	ASPS	sarcoma	institutional_diagnosis	primary_tumor	Soft tissue, head and neck, oral cavity	Primary
GSM4180809	REFERENCE_SAMPLE 357	reference	Alveolar soft part sarcoma	methylation class alveolar soft part sarcoma	ASPS	sarcoma	institutional_diagnosis	primary_tumor		Primary
GSM4180810	REFERENCE_SAMPLE 358	reference	Alveolar soft part sarcoma	methylation class alveolar soft part sarcoma	ASPS	sarcoma	institutional_diagnosis	primary_tumor	Soft tissue, limbs, lower limbs, leg	Primary
GSM4180811	REFERENCE_SAMPLE 359	reference	Alveolar soft part sarcoma	methylation class alveolar soft part sarcoma	ASPS	sarcoma	institutional_diagnosis	primary_tumor	Soft tissue, trunk, abdomen	Primary
GSM4180812	REFERENCE_SAMPLE 360	reference	Angiomatoid fibrous histiocytoma	methylation class angiomatoid fibrous histiocytoma	Angiomatoid fibrous histiocytoma	sarcoma	institutional_diagnosis	primary_tumor	Soft tissue, trunk	Primary
GSM4180813	REFERENCE_SAMPLE 361	reference	Angiomatoid fibrous histiocytoma	methylation class angiomatoid fibrous histiocytoma	Angiomatoid fibrous histiocytoma	sarcoma	institutional_diagnosis	primary_tumor		Primary
GSM4180814	REFERENCE_SAMPLE 362	reference	Angiomatoid fibrous histiocytoma	methylation class angiomatoid fibrous histiocytoma	Angiomatoid fibrous histiocytoma	sarcoma	institutional_diagnosis	primary_tumor	Soft tissue, limbs, lower limbs, leg	Primary
GSM4180815	REFERENCE_SAMPLE 363	reference	Angiomatoid fibrous histiocytoma	methylation class angiomatoid fibrous histiocytoma	Angiomatoid fibrous histiocytoma	sarcoma	institutional_diagnosis	primary_tumor		Primary
GSM4180816	REFERENCE_SAMPLE 364	reference	Angiomatoid fibrous histiocytoma	methylation class angiomatoid fibrous histiocytoma	Angiomatoid fibrous histiocytoma	sarcoma	institutional_diagnosis	primary_tumor	Soft tissue, limbs, lower limbs, leg	Primary
GSM4180817	REFERENCE_SAMPLE 365	reference	Lipoma	methylation class lipoma	Lipoma/lipoblastomatosis	benign	institutional_diagnosis	primary_tumor		Primary
GSM4180818	REFERENCE_SAMPLE 366	reference	Osteosarcoma (high-grade)	methylation class osteosarcoma (high grade)	Osteosarcoma	sarcoma	institutional_diagnosis	primary_tumor	Bone, limbs, lower limbs, femur	Primary
GSM4180819	REFERENCE_SAMPLE 367	reference	Osteosarcoma (high-grade)	methylation class osteosarcoma (high grade)	Osteosarcoma	sarcoma	institutional_diagnosis	primary_tumor	Bone, limbs, lower limbs, femur	Primary
GSM4180820	REFERENCE_SAMPLE 368	reference	Osteosarcoma (high-grade)	methylation class osteosarcoma (high grade)	Osteosarcoma	sarcoma	institutional_diagnosis	primary_tumor	Bone, limbs, upper limbs, humerus	Primary
GSM4180821	REFERENCE_SAMPLE 369	reference	Osteosarcoma (high-grade)	methylation class osteosarcoma (high grade)	Osteosarcoma	sarcoma	institutional_diagnosis	primary_tumor	Bone, limbs, lower limbs, femur	Primary
GSM4180822	REFERENCE_SAMPLE 370	reference	Osteosarcoma (high-grade)	methylation class osteosarcoma (high grade)	Osteosarcoma	sarcoma	institutional_diagnosis	recurrence	Bone, limbs, lower limbs, femur	Recurrence
GSM4180823	REFERENCE_SAMPLE 371	reference	Osteosarcoma (high-grade)	methylation class osteosarcoma (high grade)	Osteosarcoma	sarcoma	institutional_diagnosis	primary_tumor	Bone, limbs, lower limbs, femur	Primary
GSM4180824	REFERENCE_SAMPLE 372	reference	Osteosarcoma (high-grade)	methylation class osteosarcoma (high grade)	Osteosarcoma	sarcoma	institutional_diagnosis	primary_tumor	Bone, head and neck, jugal bone	Primary
GSM4180825	REFERENCE_SAMPLE 373	reference	Osteosarcoma (high-grade)	methylation class osteosarcoma (high grade)	Osteosarcoma	sarcoma	institutional_diagnosis	primary_tumor	Bone, thorax, costae	Primary
GSM4180826	REFERENCE_SAMPLE 374	reference	Osteosarcoma (high-grade)	methylation class osteosarcoma (high grade)	Osteosarcoma	sarcoma	institutional_diagnosis	primary_tumor	Bone, limbs, lower limbs, femur	Primary
GSM4180827	REFERENCE_SAMPLE 375	reference	Osteosarcoma (high-grade)	methylation class osteosarcoma (high grade)	Osteosarcoma	sarcoma	institutional_diagnosis	primary_tumor	Bone, limbs, lower limbs, femur	Primary
GSM4180828	REFERENCE_SAMPLE 376	reference	Osteosarcoma (high-grade)	methylation class osteosarcoma (high grade)	Osteosarcoma	sarcoma	institutional_diagnosis	primary_tumor	Bone, limbs, lower limbs, femur	Primary
GSM4180829	REFERENCE_SAMPLE 377	reference	Osteosarcoma (high-grade)	methylation class osteosarcoma (high grade)	Osteosarcoma	sarcoma	institutional_diagnosis	primary_tumor	Bone, limbs, lower limbs, tibia	Primary
GSM4180830	REFERENCE_SAMPLE 378	reference	Osteosarcoma (high-grade)	methylation class osteosarcoma (high grade)	Osteosarcoma	sarcoma	institutional_diagnosis	primary_tumor	Bone, limbs, lower limbs, tibia	Primary
GSM4180831	REFERENCE_SAMPLE 379	reference	Osteosarcoma (high-grade)	methylation class osteosarcoma (high grade)	Osteosarcoma	sarcoma	institutional_diagnosis	primary_tumor	Bone, limbs, lower limbs, fibula	Primary
GSM4180832	REFERENCE_SAMPLE 380	reference	Rhabdomyosarcoma (embryonal)	methylation class rhabdomyosarcoma (embryonal)	FN-RMS	sarcoma	methylation_class_embryonal	recurrence	Soft tissue, trunk, abdomen	Recurrence
GSM4180833	REFERENCE_SAMPLE 381	reference	Malignant rhabdoid tumour	methylation class malignant rhabdoid tumour	Rhabdoid tumor/ATRT	sarcoma	institutional_diagnosis	primary_tumor	Soft tissue, trunk, pelvis	Primary
GSM4180834	REFERENCE_SAMPLE 382	reference	Ewing´s sarcoma	methylation class Ewing´s sarcoma	Ewing	sarcoma	institutional_diagnosis	primary_tumor	Bone, pelvis	Primary
GSM4180835	REFERENCE_SAMPLE 383	reference	Ewing´s sarcoma	methylation class Ewing´s sarcoma	Ewing	sarcoma	institutional_diagnosis	primary_tumor	Bone, limbs, lower limbs, foot	Primary
GSM4180836	REFERENCE_SAMPLE 384	reference	Rhabdomyosarcoma (embryonal)	methylation class rhabdomyosarcoma (embryonal)	FN-RMS	sarcoma	methylation_class_embryonal	recurrence	Soft tissue, head and neck, oral cavity	Recurrence
GSM4180837	REFERENCE_SAMPLE 385	reference	Rhabdomyosarcoma (alveolar)	methylation class rhabdomyosarcoma (alveolar)	FP-RMS	sarcoma	methylation_class_alveolar	recurrence	Soft tissue, trunk, pelvis, genital	Recurrence
GSM4180838	REFERENCE_SAMPLE 386	reference	Fibrous dysplasia	methylation class fibrous dysplasia	Fibrous dysplasia	benign	institutional_diagnosis	primary_tumor	Bone, head and neck, skull	Primary
GSM4180839	REFERENCE_SAMPLE 387	reference	Chordoma	methylation class chordoma	Chordoma	sarcoma	institutional_diagnosis	primary_tumor	Bone, head and neck, skull base	
GSM4180840	REFERENCE_SAMPLE 388	reference	Myositis proliferans	methylation class myositis proliferans	Myositis ossificans/proliferans	benign	institutional_diagnosis	primary_tumor	Soft tissue, limbs, upper limbs, musculus brachialis	Primary
GSM4180841	REFERENCE_SAMPLE 389	reference	Myositis ossificans	methylation class myositis ossificans	Myositis ossificans/proliferans	benign	institutional_diagnosis	primary_tumor	Soft tissue, limbs, upper limbs, shoulder girdle	Primary
GSM4180842	REFERENCE_SAMPLE 390	reference	Myositis proliferans	methylation class myositis proliferans	Myositis ossificans/proliferans	benign	institutional_diagnosis	primary_tumor	Soft tissue, limbs, upper limbs, musculus biceps brachii	Primary
GSM4180843	REFERENCE_SAMPLE 391	reference	Leiomyosarcoma	methylation class leiomyosarcoma	Leiomyosarcoma	sarcoma	institutional_diagnosis	primary_tumor	Soft tissue, subcutis	Primary
GSM4180844	REFERENCE_SAMPLE 392	reference	Myositis proliferans	methylation class myositis proliferans	Myositis ossificans/proliferans	benign	institutional_diagnosis	primary_tumor	Soft tissue, limbs, lower limbs, thigh, muscle	Primary
GSM4180845	REFERENCE_SAMPLE 393	reference	Myositis proliferans	methylation class myositis proliferans	Myositis ossificans/proliferans	benign	institutional_diagnosis	primary_tumor	Soft tissue, limbs, lower limbs, thigh, muscle	Primary
GSM4180846	REFERENCE_SAMPLE 394	reference	Myositis proliferans	methylation class myositis proliferans	Myositis ossificans/proliferans	benign	institutional_diagnosis	primary_tumor	Soft tissue, limbs, upper limbs, arm, muscle	Primary
GSM4180847	REFERENCE_SAMPLE 395	reference	Myositis proliferans	methylation class myositis proliferans	Myositis ossificans/proliferans	benign	institutional_diagnosis	primary_tumor	Soft tissue, limbs, lower limbs, thigh, muscle	Primary
GSM4180848	REFERENCE_SAMPLE 396	reference	Myositis proliferans	methylation class myositis proliferans	Myositis ossificans/proliferans	benign	institutional_diagnosis	primary_tumor	Soft tissue, limbs, lower limbs, thigh, muscle	Primary
GSM4180849	REFERENCE_SAMPLE 397	reference	Leiomyosarcoma	methylation class leiomyosarcoma	Leiomyosarcoma	sarcoma	institutional_diagnosis	primary_tumor	Soft tissue, trunk, back	Primary
GSM4180850	REFERENCE_SAMPLE 398	reference	Ossifying fibromyxoid tumour	methylation class ossifying fibromyxoid tumour	Ossifying fibromyxoid tumour	sarcoma	institutional_diagnosis	primary_tumor	Soft tissue, trunk, back	Primary
GSM4180851	REFERENCE_SAMPLE 399	reference	Osteosarcoma (high-grade)	methylation class osteosarcoma (high grade)	Osteosarcoma	sarcoma	institutional_diagnosis	metastasis	Visceral, thorax, lung	Metastasis
GSM4180852	REFERENCE_SAMPLE 400	reference	Epithelioid sarcoma	methylation class epithelioid sarcoma	Epithelioid sarcoma	sarcoma	institutional_diagnosis	primary_tumor	Soft tissue, limbs, upper limbs, finger	Primary
GSM4180853	REFERENCE_SAMPLE 401	reference	Epithelioid sarcoma	methylation class epithelioid sarcoma	Epithelioid sarcoma	sarcoma	institutional_diagnosis	primary_tumor	Soft tissue, limbs, upper limbs, forearm	Primary
GSM4180854	REFERENCE_SAMPLE 402	reference	Epithelioid sarcoma	methylation class epithelioid sarcoma	Epithelioid sarcoma	sarcoma	institutional_diagnosis	primary_tumor	Soft tissue, limbs, lower limbs, thigh	Primary
GSM4180855	REFERENCE_SAMPLE 403	reference	Ossifying fibromyxoid tumour	methylation class ossifying fibromyxoid tumour	Ossifying fibromyxoid tumour	sarcoma	institutional_diagnosis	primary_tumor	Soft tissue, limbs, lower limbs, leg, subcutis	Primary
GSM4180856	REFERENCE_SAMPLE 404	reference	Ossifying fibromyxoid tumour	methylation class ossifying fibromyxoid tumour	Ossifying fibromyxoid tumour	sarcoma	institutional_diagnosis	primary_tumor	Soft tissue, limbs, upper limbs, shoulder, subcutis	Primary
GSM4180857	REFERENCE_SAMPLE 405	reference	Ossifying fibromyxoid tumour	methylation class ossifying fibromyxoid tumour	Ossifying fibromyxoid tumour	sarcoma	institutional_diagnosis	primary_tumor	Soft tissue, limbs, upper limbs, shoulder	Primary
GSM4180858	REFERENCE_SAMPLE 406	reference	Ossifying fibromyxoid tumour	methylation class ossifying fibromyxoid tumour	Ossifying fibromyxoid tumour	sarcoma	institutional_diagnosis	primary_tumor	Soft tissue, limbs, upper limbs, axilla	Primary
GSM4180859	REFERENCE_SAMPLE 407	reference	Ossifying fibromyxoid tumour	methylation class ossifying fibromyxoid tumour	Ossifying fibromyxoid tumour	sarcoma	institutional_diagnosis	primary_tumor	Soft tissue, trunk, thorax, mamma	Primary
GSM4180860	REFERENCE_SAMPLE 408	reference	Ossifying fibromyxoid tumour	methylation class ossifying fibromyxoid tumour	Ossifying fibromyxoid tumour	sarcoma	institutional_diagnosis	primary_tumor	Soft tissue, limbs, lower limbs, thigh	Primary
GSM4180861	REFERENCE_SAMPLE 409	reference	Ossifying fibromyxoid tumour	methylation class ossifying fibromyxoid tumour	Ossifying fibromyxoid tumour	sarcoma	institutional_diagnosis	primary_tumor	Soft tissue, trunk, abdominal wall	Primary
GSM4180862	REFERENCE_SAMPLE 410	reference	Ossifying fibromyxoid tumour	methylation class ossifying fibromyxoid tumour	Ossifying fibromyxoid tumour	sarcoma	institutional_diagnosis	primary_tumor	Soft tissue, limbs, lower limbs, thigh, subcutis	Primary
GSM4180863	REFERENCE_SAMPLE 411	reference	Ossifying fibromyxoid tumour	methylation class ossifying fibromyxoid tumour	Ossifying fibromyxoid tumour	sarcoma	institutional_diagnosis	primary_tumor	Soft tissue, limbs, upper limbs, hand, carpal tunnel	Primary
GSM4180864	REFERENCE_SAMPLE 412	reference	Ossifying fibromyxoid tumour	methylation class ossifying fibromyxoid tumour	Ossifying fibromyxoid tumour	sarcoma	institutional_diagnosis	primary_tumor	Skin	Primary
GSM4180865	REFERENCE_SAMPLE 413	reference	Ossifying fibromyxoid tumour	methylation class ossifying fibromyxoid tumour	Ossifying fibromyxoid tumour	sarcoma	institutional_diagnosis	primary_tumor	Soft tissue, trunk, pelvis, gluteal	Primary
GSM4180866	REFERENCE_SAMPLE 414	reference	Ossifying fibromyxoid tumour	methylation class ossifying fibromyxoid tumour	Ossifying fibromyxoid tumour	sarcoma	institutional_diagnosis	primary_tumor	Soft tissue, trunk, thorax, costae	Primary
GSM4180867	REFERENCE_SAMPLE 415	reference	Undifferentiated pleomorphic sarcoma	methylation class undifferentiated sarcoma	UPS/MFH	sarcoma	institutional_diagnosis	primary_tumor	Soft tissue, limbs, lower limbs, thigh	Primary
GSM4180868	REFERENCE_SAMPLE 416	reference	Fibrous dysplasia	methylation class fibrous dysplasia	Fibrous dysplasia	benign	institutional_diagnosis	primary_tumor	Bone, thorax, costae	Primary
GSM4180869	REFERENCE_SAMPLE 417	reference	Chondrosarcoma	methylation class chondrosarcoma (IDH group A)	Chondrosarcoma	sarcoma	institutional_diagnosis	primary_tumor	Bone, head and neck, skull base	Primary
GSM4180870	REFERENCE_SAMPLE 418	reference	Chordoma	methylation class chordoma	Chordoma	sarcoma	institutional_diagnosis	primary_tumor	Bone, pelvis	Primary
GSM4180871	REFERENCE_SAMPLE 419	reference	Chondrosarcoma	methylation class chondrosarcoma (group B)	Chondrosarcoma	sarcoma	institutional_diagnosis	primary_tumor	Bone, thorax, costae	Primary
GSM4180872	REFERENCE_SAMPLE 420	reference	Chondrosarcoma (mesenchymal)	methylation class chondrosarcoma (mesenchymal)	Chondrosarcoma	sarcoma	institutional_diagnosis	primary_tumor	Soft tissue, trunk, thorax, paraspinal	Primary
GSM4180873	REFERENCE_SAMPLE 421	reference	Chondrosarcoma	methylation class chondrosarcoma (group A)	Chondrosarcoma	sarcoma	institutional_diagnosis	recurrence	Bone, thorax, costae	Recurrence
GSM4180874	REFERENCE_SAMPLE 422	reference	Extraskeletal myxoid chondrosarcoma	methylation class extraskeletal myxoid chondrosarcoma	EMC	sarcoma	institutional_diagnosis	primary_tumor	Soft tissue, limbs, upper limbs, shoulder girdle	Primary
GSM4180875	REFERENCE_SAMPLE 423	reference	Chondrosarcoma	methylation class chondrosarcoma (group B)	Chondrosarcoma	sarcoma	institutional_diagnosis	primary_tumor	Bone, thorax, costae	Primary
GSM4180876	REFERENCE_SAMPLE 424	reference	Chondrosarcoma	methylation class chondrosarcoma (group B)	Chondrosarcoma	sarcoma	institutional_diagnosis	primary_tumor	Bone, thorax, sternum	Primary
GSM4180877	REFERENCE_SAMPLE 425	reference	Desmoplastic small round cell tumour	methylation class desmoplastic small round cell tumour	DSRCT	sarcoma	institutional_diagnosis	primary_tumor	Soft tissue, trunk, retroperitoneum	Primary
GSM4180878	REFERENCE_SAMPLE 426	reference	Desmoplastic small round cell tumour	methylation class desmoplastic small round cell tumour	DSRCT	sarcoma	institutional_diagnosis	primary_tumor	Soft tissue, trunk, abdomen	Primary
GSM4180879	REFERENCE_SAMPLE 427	reference	Desmoplastic small round cell tumour	methylation class desmoplastic small round cell tumour	DSRCT	sarcoma	institutional_diagnosis	primary_tumor	Soft tissue, trunk, abdomen	Primary
GSM4180880	REFERENCE_SAMPLE 428	reference	Rhabdomyosarcoma (alveolar)	methylation class rhabdomyosarcoma (alveolar)	FP-RMS	sarcoma	methylation_class_alveolar	recurrence	Soft tissue, limbs, lower limbs, groin, lymph node	Recurrence
GSM4180881	REFERENCE_SAMPLE 429	reference	Rhabdomyosarcoma (alveolar)	methylation class rhabdomyosarcoma (alveolar)	FP-RMS	sarcoma	methylation_class_alveolar	primary_tumor	Soft tissue, limbs	Primary
GSM4180882	REFERENCE_SAMPLE 430	reference	Epithelioid sarcoma	methylation class epithelioid sarcoma	Epithelioid sarcoma	sarcoma	institutional_diagnosis	primary_tumor	Soft tissue, limbs, upper limbs, forearm	Primary
GSM4180883	REFERENCE_SAMPLE 431	reference	Epithelioid sarcoma	methylation class epithelioid sarcoma	Epithelioid sarcoma	sarcoma	institutional_diagnosis	primary_tumor	Soft tissue, limbs, upper limbs, finger	Primary
GSM4180884	REFERENCE_SAMPLE 432	reference	Epithelioid sarcoma	methylation class epithelioid sarcoma	Epithelioid sarcoma	sarcoma	institutional_diagnosis	primary_tumor	Soft tissue, limbs, lower limbs, leg	Primary
GSM4180885	REFERENCE_SAMPLE 433	reference	Epithelioid sarcoma	methylation class epithelioid sarcoma	Epithelioid sarcoma	sarcoma	institutional_diagnosis	primary_tumor	Soft tissue, trunk, pelvis, genital site	Primary
GSM4180886	REFERENCE_SAMPLE 434	reference	Epithelioid sarcoma	methylation class epithelioid sarcoma	Epithelioid sarcoma	sarcoma	institutional_diagnosis	primary_tumor	Soft tissue, limbs, upper limbs, finger	Primary
GSM4180887	REFERENCE_SAMPLE 435	reference	Epithelioid sarcoma	methylation class epithelioid sarcoma	Epithelioid sarcoma	sarcoma	institutional_diagnosis	primary_tumor	Soft tissue, limbs, upper limbs, hand	Primary
GSM4180888	REFERENCE_SAMPLE 436	reference	Fibrous dysplasia	methylation class fibrous dysplasia	Fibrous dysplasia	benign	institutional_diagnosis	primary_tumor	Bone, limbs, lower limbs, femur	Primary
GSM4180889	REFERENCE_SAMPLE 437	reference	Fibrous dysplasia	methylation class fibrous dysplasia	Fibrous dysplasia	benign	institutional_diagnosis	primary_tumor	Bone, limbs, lower limbs, tibia	Primary
GSM4180890	REFERENCE_SAMPLE 438	reference	Fibrous dysplasia	methylation class fibrous dysplasia	Fibrous dysplasia	benign	institutional_diagnosis	primary_tumor	Bone, spine	Primary
GSM4180891	REFERENCE_SAMPLE 439	reference	Alveolar soft part sarcoma	methylation class alveolar soft part sarcoma	ASPS	sarcoma	institutional_diagnosis	primary_tumor	Soft tissue, limbs, lower limbs, leg	Primary
GSM4180892	REFERENCE_SAMPLE 440	reference	Chondrosarcoma (mesenchymal)	methylation class chondrosarcoma (mesenchymal)	Chondrosarcoma	sarcoma	institutional_diagnosis	recurrence		Recurrence
GSM4180893	REFERENCE_SAMPLE 441	reference	Rhabdomyosarcoma (embryonal)	methylation class rhabdomyosarcoma (embryonal)	FN-RMS	sarcoma	methylation_class_embryonal	recurrence		Recurrence
GSM4180894	REFERENCE_SAMPLE 442	reference	Rhabdomyosarcoma (embryonal)	methylation class rhabdomyosarcoma (embryonal)	FN-RMS	sarcoma	methylation_class_embryonal	recurrence		Recurrence
GSM4180895	REFERENCE_SAMPLE 443	reference	Desmoplastic small round cell tumour	methylation class desmoplastic small round cell tumour	DSRCT	sarcoma	institutional_diagnosis	primary_tumor	Soft tissue, trunk, thorax	Primary
GSM4180896	REFERENCE_SAMPLE 444	reference	Osteosarcoma (high-grade)	methylation class osteosarcoma (high grade)	Osteosarcoma	sarcoma	institutional_diagnosis	metastasis	Visceral, thorax, lung	Metastasis
GSM4180897	REFERENCE_SAMPLE 445	reference	Rhabdomyosarcoma (embryonal)	methylation class rhabdomyosarcoma (embryonal)	FN-RMS	sarcoma	methylation_class_embryonal	recurrence	Soft tissue, trunk, pelvis, bladder wall	Recurrence
GSM4180898	REFERENCE_SAMPLE 446	reference	Primitive neuroectodermal tumour	methylation class sarcoma (RMS-like)	Ewing	sarcoma	institutional_diagnosis	primary_tumor	Intracranial	Primary
GSM4180899	REFERENCE_SAMPLE 447	reference	Solitary fibrous tumour	methylation class solitary fibrous tumour	Solitary fibrous tumour	sarcoma	institutional_diagnosis	primary_tumor	Soft tissue, head and neck, leptomeninx	Primary
GSM4180900	REFERENCE_SAMPLE 448	reference	Malignant peripheral nerve sheath tumour	methylation class sarcoma (MPNST-like)	MPNST	sarcoma	institutional_diagnosis	primary_tumor	Soft tissue, trunk, paraspinal	Primary
GSM4180901	REFERENCE_SAMPLE 449	reference	Angiosarcoma	methylation class angiosarcoma	Angiosarcoma	sarcoma	institutional_diagnosis	primary_tumor	Skin, head	Primary
GSM4180902	REFERENCE_SAMPLE 450	reference	Gastroinstestinal stromal tumour	methylation class gastrointestinal stromal tumour	GIST	sarcoma	institutional_diagnosis	primary_tumor	Visceral, abdomen, small intestine	Primary
GSM4180903	REFERENCE_SAMPLE 451	reference	Alveolar soft part sarcoma	methylation class alveolar soft part sarcoma	ASPS	sarcoma	institutional_diagnosis	primary_tumor	Soft tissue, limbs, lower limbs, thigh	Primary
GSM4180904	REFERENCE_SAMPLE 452	reference	Gastroinstestinal stromal tumour	methylation class gastrointestinal stromal tumour	GIST	sarcoma	institutional_diagnosis	primary_tumor	Visceral, pelvis, vagina	Primary
GSM4180905	REFERENCE_SAMPLE 453	reference	Undifferentiated pleomorphic sarcoma	methylation class leiomyosarcoma	UPS/MFH	sarcoma	institutional_diagnosis	primary_tumor	Soft tissue, trunk, abdomen	Primary
GSM4180906	REFERENCE_SAMPLE 454	reference	Undifferentiated pleomorphic sarcoma	methylation class leiomyosarcoma	UPS/MFH	sarcoma	institutional_diagnosis	primary_tumor		Primary
GSM4180907	REFERENCE_SAMPLE 455	reference	Undifferentiated sarcoma	methylation class undifferentiated sarcoma	Sarcoma NOS	sarcoma	institutional_diagnosis	primary_tumor	Soft tissue, limbs, lower limbs, thigh	Primary
GSM4180908	REFERENCE_SAMPLE 456	reference	Fibrous dysplasia	methylation class fibrous dysplasia	Fibrous dysplasia	benign	institutional_diagnosis	primary_tumor	Bone, head and neck, skull	Primary
GSM4180909	REFERENCE_SAMPLE 457	reference	Control (reactive tissue)	methylation class control (reactive tissue)	Non-neoplastic control	benign	institutional_diagnosis	primary_tumor	Soft tissue, trunk, paraspinal	
GSM4180910	REFERENCE_SAMPLE 458	reference	Control (reactive tissue)	methylation class control (reactive tissue)	Non-neoplastic control	benign	institutional_diagnosis	primary_tumor	Soft tissue, trunk, paraspinal	
GSM4180911	REFERENCE_SAMPLE 459	reference	Control (reactive tissue)	methylation class control (reactive tissue)	Non-neoplastic control	benign	institutional_diagnosis	primary_tumor	Soft tissue, trunk, paraspinal	
GSM4180912	REFERENCE_SAMPLE 460	reference	Control (reactive tissue)	methylation class control (reactive tissue)	Non-neoplastic control	benign	institutional_diagnosis	primary_tumor	Soft tissue, trunk, paraspinal	
GSM4180913	REFERENCE_SAMPLE 461	reference	Control (reactive tissue)	methylation class control (reactive tissue)	Non-neoplastic control	benign	institutional_diagnosis	primary_tumor	Soft tissue, trunk, paraspinal	
GSM4180914	REFERENCE_SAMPLE 462	reference	Control (reactive tissue)	methylation class control (reactive tissue)	Non-neoplastic control	benign	institutional_diagnosis	primary_tumor	Soft tissue, trunk, paraspinal	
GSM4180915	REFERENCE_SAMPLE 463	reference	Ewing´s sarcoma	methylation class Ewing´s sarcoma	Ewing	sarcoma	institutional_diagnosis	recurrence	Bone, limbs, upper limbs, forearm	Recurrence
GSM4180916	REFERENCE_SAMPLE 464	reference	Ewing´s sarcoma	methylation class Ewing´s sarcoma	Ewing	sarcoma	institutional_diagnosis	metastasis	Bone, spine	Metastasis
GSM4180917	REFERENCE_SAMPLE 465	reference	Chordoma (de-differentiated)	methylation class chordoma (dedifferentiated)	Chordoma	sarcoma	institutional_diagnosis	primary_tumor	Bone, head and neck, skull base	Primary
GSM4180918	REFERENCE_SAMPLE 466	reference	Rhabdomyosarcoma (embryonal)	methylation class rhabdomyosarcoma (embryonal)	FN-RMS	sarcoma	methylation_class_embryonal	recurrence	Soft tissue, trunk, abdomen	Recurrence
GSM4180919	REFERENCE_SAMPLE 467	reference	Lipoma	methylation class lipoma	Lipoma/lipoblastomatosis	benign	institutional_diagnosis	primary_tumor	Soft tissue, trunk, back, subcutaneous	Primary
GSM4180920	REFERENCE_SAMPLE 468	reference	Lipoma	methylation class lipoma	Lipoma/lipoblastomatosis	benign	institutional_diagnosis	primary_tumor	Soft tissue, trunk, paraspinal	Primary
GSM4180921	REFERENCE_SAMPLE 469	reference	Lipoma	methylation class lipoma	Lipoma/lipoblastomatosis	benign	institutional_diagnosis	primary_tumor	Soft tissue, trunk, back, subcutaneous	Primary
GSM4180922	REFERENCE_SAMPLE 470	reference	Lipoma	methylation class lipoma	Lipoma/lipoblastomatosis	benign	institutional_diagnosis	primary_tumor	Soft tissue, trunk, back, subcutaneous	Primary
GSM4180923	REFERENCE_SAMPLE 471	reference	Lipoma	methylation class lipoma	Lipoma/lipoblastomatosis	benign	institutional_diagnosis	primary_tumor	Soft tissue, trunk, back, subcutaneous	Primary
GSM4180924	REFERENCE_SAMPLE 472	reference	Lipoma	methylation class lipoma	Lipoma/lipoblastomatosis	benign	institutional_diagnosis	primary_tumor	Soft tissue, trunk, back, subcutaneous	Primary
GSM4180925	REFERENCE_SAMPLE 473	reference	Gastroinstestinal stromal tumour	methylation class gastrointestinal stromal tumour	GIST	sarcoma	institutional_diagnosis	primary_tumor		Primary
GSM4180926	REFERENCE_SAMPLE 474	reference	Gastroinstestinal stromal tumour	methylation class gastrointestinal stromal tumour	GIST	sarcoma	institutional_diagnosis	primary_tumor		Primary
GSM4180927	REFERENCE_SAMPLE 475	reference	Gastroinstestinal stromal tumour	methylation class gastrointestinal stromal tumour	GIST	sarcoma	institutional_diagnosis	primary_tumor	Visceral, abdomen, stomach	Primary
GSM4180928	REFERENCE_SAMPLE 476	reference	Gastroinstestinal stromal tumour	methylation class gastrointestinal stromal tumour	GIST	sarcoma	institutional_diagnosis	recurrence	Visceral, pelvis, uterus	Recurrence
GSM4180929	REFERENCE_SAMPLE 477	reference	Gastroinstestinal stromal tumour	methylation class gastrointestinal stromal tumour	GIST	sarcoma	institutional_diagnosis	primary_tumor	Visceral, abdomen	Primary
GSM4180930	REFERENCE_SAMPLE 478	reference	Gastroinstestinal stromal tumour	methylation class gastrointestinal stromal tumour	GIST	sarcoma	institutional_diagnosis	primary_tumor	Visceral, abdomen, stomach	Primary
GSM4180931	REFERENCE_SAMPLE 479	reference	Small blue round cell tumour with BCOR alteration	methylation class small blue round cell tumour with BCOR alteration	BCOR-sarcoma	sarcoma	institutional_diagnosis	metastasis	Soft tissue, trunk, thorax, pleura	Metastasis
GSM4180932	REFERENCE_SAMPLE 480	reference	Malignant rhabdoid tumour	methylation class malignant rhabdoid tumour	Rhabdoid tumor/ATRT	sarcoma	institutional_diagnosis	primary_tumor	Visceral, abdomen, kidney	Primary
GSM4180933	REFERENCE_SAMPLE 481	reference	Small blue round cell tumour with BCOR alteration	methylation class small blue round cell tumour with BCOR alteration	BCOR-sarcoma	sarcoma	institutional_diagnosis	primary_tumor	Soft tissue, trunk, thoracic wall	Primary
GSM4180934	REFERENCE_SAMPLE 482	reference	Small blue round cell tumour with BCOR alteration	methylation class small blue round cell tumour with BCOR alteration	BCOR-sarcoma	sarcoma	institutional_diagnosis	primary_tumor	Bone, limbs, lower limbs, femur	Primary
GSM4180935	REFERENCE_SAMPLE 483	reference	Synovial sarcoma	methylation class synovial sarcoma	Synovial sarcoma	sarcoma	institutional_diagnosis	primary_tumor	Soft tissue, limbs, upper limbs, arm	Primary
GSM4180936	REFERENCE_SAMPLE 484	reference	Osteosarcoma (high-grade)	methylation class osteosarcoma (high grade)	Osteosarcoma	sarcoma	institutional_diagnosis	primary_tumor	Bone, limbs, lower limbs, femur	Primary
GSM4180937	REFERENCE_SAMPLE 485	reference	Osteosarcoma (high-grade)	methylation class osteosarcoma (high grade)	Osteosarcoma	sarcoma	institutional_diagnosis	primary_tumor		Primary
GSM4180938	REFERENCE_SAMPLE 486	reference	Osteosarcoma (high-grade)	methylation class osteosarcoma (high grade)	Osteosarcoma	sarcoma	institutional_diagnosis	primary_tumor	Bone, limbs, lower limbs, tibia	Primary
GSM4180939	REFERENCE_SAMPLE 487	reference	Osteosarcoma (high-grade)	methylation class osteosarcoma (high grade)	Osteosarcoma	sarcoma	institutional_diagnosis	primary_tumor	Bone, limbs, upper limbs, humerus	Primary
GSM4180940	REFERENCE_SAMPLE 488	reference	Osteosarcoma (high-grade)	methylation class osteosarcoma (high grade)	Osteosarcoma	sarcoma	institutional_diagnosis	primary_tumor	Bone, limbs, lower limbs, knee	Primary
GSM4180941	REFERENCE_SAMPLE 489	reference	Angiosarcoma	methylation class angiosarcoma	Angiosarcoma	sarcoma	institutional_diagnosis	primary_tumor	Skin, head	Primary
GSM4180942	REFERENCE_SAMPLE 490	reference	Rhabdomyosarcoma (alveolar)	methylation class rhabdomyosarcoma (alveolar)	FP-RMS	sarcoma	methylation_class_alveolar	primary_tumor	Soft tissue, limbs, lower limbs, foot	Primary
GSM4180943	REFERENCE_SAMPLE 491	reference	Rhabdomyosarcoma (embryonal)	methylation class rhabdomyosarcoma (embryonal)	FN-RMS	sarcoma	methylation_class_embryonal	primary_tumor	Soft tissue, trunk, pelvis, genital	Primary
GSM4180944	REFERENCE_SAMPLE 492	reference	Rhabdomyosarcoma (embryonal)	methylation class rhabdomyosarcoma (embryonal)	FN-RMS	sarcoma	methylation_class_embryonal	primary_tumor	Soft tissue, trunk, pelvis, genital	Primary
GSM4180945	REFERENCE_SAMPLE 493	reference	Rhabdomyosarcoma (embryonal)	methylation class rhabdomyosarcoma (embryonal)	FN-RMS	sarcoma	methylation_class_embryonal	primary_tumor	Soft tissue, trunk, pelvis, genital	Primary
GSM4180946	REFERENCE_SAMPLE 494	reference	Rhabdomyosarcoma (embryonal)	methylation class rhabdomyosarcoma (embryonal)	FN-RMS	sarcoma	methylation_class_embryonal	primary_tumor	Soft tissue, trunk, pelvis	Primary
GSM4180947	REFERENCE_SAMPLE 495	reference	Rhabdomyosarcoma (embryonal)	methylation class rhabdomyosarcoma (embryonal)	FN-RMS	sarcoma	methylation_class_embryonal	primary_tumor	Soft tissue, trunk, pelvis, genital	Primary
GSM4180948	REFERENCE_SAMPLE 496	reference	Rhabdomyosarcoma (embryonal)	methylation class rhabdomyosarcoma (embryonal)	FN-RMS	sarcoma	methylation_class_embryonal	primary_tumor	Soft tissue, trunk, pelvis, genital	Primary
GSM4180949	REFERENCE_SAMPLE 497	reference	Rhabdomyosarcoma (embryonal)	methylation class rhabdomyosarcoma (embryonal)	FN-RMS	sarcoma	methylation_class_embryonal	primary_tumor	Soft tissue, trunk, pelvis, genital	Primary
GSM4180950	REFERENCE_SAMPLE 498	reference	Rhabdomyosarcoma (embryonal)	methylation class rhabdomyosarcoma (embryonal)	FN-RMS	sarcoma	methylation_class_embryonal	primary_tumor	Soft tissue, trunk, pelvis, genital	Primary
GSM4180951	REFERENCE_SAMPLE 499	reference	Dermatofibrosarcoma protuberans	methylation class dermatofibrosarcoma protuberans	DFSP	sarcoma	institutional_diagnosis	primary_tumor	Skin, head	Primary
GSM4180952	REFERENCE_SAMPLE 500	reference	Dermatofibrosarcoma protuberans	methylation class dermatofibrosarcoma protuberans	DFSP	sarcoma	institutional_diagnosis	primary_tumor	Soft tissue, trunk, abdomen, subcutis	Primary
GSM4180953	REFERENCE_SAMPLE 501	reference	Dermatofibrosarcoma protuberans	methylation class dermatofibrosarcoma protuberans	DFSP	sarcoma	institutional_diagnosis	primary_tumor	Soft tissue, limbs, upper limbs, shoulder girdle	Primary
GSM4180954	REFERENCE_SAMPLE 502	reference	Dermatofibrosarcoma protuberans	methylation class dermatofibrosarcoma protuberans	DFSP	sarcoma	institutional_diagnosis	primary_tumor	Soft tissue, trunk, abdomen, subcutis	Primary
GSM4180955	REFERENCE_SAMPLE 503	reference	Dermatofibrosarcoma protuberans	methylation class dermatofibrosarcoma protuberans	DFSP	sarcoma	institutional_diagnosis	primary_tumor	Soft tissue, limbs, lower limbs, subcutis	Primary
GSM4180956	REFERENCE_SAMPLE 504	reference	Dermatofibrosarcoma protuberans	methylation class dermatofibrosarcoma protuberans	DFSP	sarcoma	institutional_diagnosis	primary_tumor	Soft tissue, limbs, lower limbs, subcutis	Primary
GSM4180957	REFERENCE_SAMPLE 505	reference	Dermatofibrosarcoma protuberans	methylation class dermatofibrosarcoma protuberans	DFSP	sarcoma	institutional_diagnosis	primary_tumor	Skin, abdomen	Primary
GSM4180958	REFERENCE_SAMPLE 506	reference	Dermatofibrosarcoma protuberans	methylation class dermatofibrosarcoma protuberans	DFSP	sarcoma	institutional_diagnosis	primary_tumor		Primary
GSM4180959	REFERENCE_SAMPLE 507	reference	Dermatofibrosarcoma protuberans	methylation class dermatofibrosarcoma protuberans	DFSP	sarcoma	institutional_diagnosis	primary_tumor	Soft tissue, limbs, lower limbs, subcutis	Primary
GSM4180960	REFERENCE_SAMPLE 508	reference	Dermatofibrosarcoma protuberans	methylation class dermatofibrosarcoma protuberans	DFSP	sarcoma	institutional_diagnosis	primary_tumor	Skin, abdomen	Primary
GSM4180961	REFERENCE_SAMPLE 509	reference	Dermatofibrosarcoma protuberans	methylation class dermatofibrosarcoma protuberans	DFSP	sarcoma	institutional_diagnosis	primary_tumor	Soft tissue, head and neck, head, subcutis	Primary
GSM4180962	REFERENCE_SAMPLE 510	reference	Dermatofibrosarcoma protuberans	methylation class dermatofibrosarcoma protuberans	DFSP	sarcoma	institutional_diagnosis	primary_tumor	Soft tissue, trunk, thorax, subcutis	Primary
GSM4180963	REFERENCE_SAMPLE 511	reference	Dermatofibrosarcoma protuberans	methylation class dermatofibrosarcoma protuberans	DFSP	sarcoma	institutional_diagnosis	primary_tumor	Soft tissue, limbs, lower limbs, subcutis	Primary
GSM4180964	REFERENCE_SAMPLE 512	reference	Dermatofibrosarcoma protuberans	methylation class dermatofibrosarcoma protuberans	DFSP	sarcoma	institutional_diagnosis	primary_tumor	Soft tissue, limbs, lower limbs, subcutis	Primary
GSM4180965	REFERENCE_SAMPLE 513	reference	Dermatofibrosarcoma protuberans	methylation class dermatofibrosarcoma protuberans	DFSP	sarcoma	institutional_diagnosis	primary_tumor	Soft tissue, trunk, abdomen, subcutis	Primary
GSM4180966	REFERENCE_SAMPLE 514	reference	Dermatofibrosarcoma protuberans	methylation class dermatofibrosarcoma protuberans	DFSP	sarcoma	institutional_diagnosis	primary_tumor	Soft tissue, trunk, abdomen, subcutis	Primary
GSM4180967	REFERENCE_SAMPLE 515	reference	Dermatofibrosarcoma protuberans	methylation class dermatofibrosarcoma protuberans	DFSP	sarcoma	institutional_diagnosis	primary_tumor	Soft tissue, limbs, upper limbs, subcutis	Primary
GSM4180968	REFERENCE_SAMPLE 516	reference	Dermatofibrosarcoma protuberans	methylation class dermatofibrosarcoma protuberans	DFSP	sarcoma	institutional_diagnosis	recurrence	Soft tissue, limbs, upper limbs, subcutis	Recurrence
GSM4180969	REFERENCE_SAMPLE 517	reference	Dermatofibrosarcoma protuberans	methylation class dermatofibrosarcoma protuberans	DFSP	sarcoma	institutional_diagnosis	primary_tumor	Soft tissue, trunk, abdomen, subcutis	Primary
GSM4180970	REFERENCE_SAMPLE 518	reference	Dermatofibrosarcoma protuberans	methylation class dermatofibrosarcoma protuberans	DFSP	sarcoma	institutional_diagnosis	primary_tumor	Skin	Primary
GSM4180971	REFERENCE_SAMPLE 519	reference	Dermatofibrosarcoma protuberans	methylation class dermatofibrosarcoma protuberans	DFSP	sarcoma	institutional_diagnosis	recurrence	Soft tissue, limbs, upper limbs, subcutis	Recurrence
GSM4180972	REFERENCE_SAMPLE 520	reference	Dermatofibrosarcoma protuberans	methylation class dermatofibrosarcoma protuberans	DFSP	sarcoma	institutional_diagnosis	primary_tumor	Soft tissue, limbs, lower limbs, subcutis	Primary
GSM4180973	REFERENCE_SAMPLE 521	reference	Dermatofibrosarcoma protuberans	methylation class dermatofibrosarcoma protuberans	DFSP	sarcoma	institutional_diagnosis	primary_tumor	Soft tissue, limbs, lower limbs, subcutis	Primary
GSM4180974	REFERENCE_SAMPLE 522	reference	Dermatofibrosarcoma protuberans	methylation class dermatofibrosarcoma protuberans	DFSP	sarcoma	institutional_diagnosis	primary_tumor	Skin	Primary
GSM4180975	REFERENCE_SAMPLE 523	reference	Small blue round cell tumour with CIC alteration	methylation class small blue round cell tumour with CIC alteration	CIC-DUX4	sarcoma	institutional_diagnosis	primary_tumor	Soft tissue, limbs, lower limbs, ankle	
GSM4180976	REFERENCE_SAMPLE 524	reference	Small blue round cell tumour with CIC alteration	methylation class small blue round cell tumour with CIC alteration	CIC-DUX4	sarcoma	institutional_diagnosis	primary_tumor	Soft tissue, head and neck, mandible	
GSM4180977	REFERENCE_SAMPLE 525	reference	Small blue round cell tumour with CIC alteration	methylation class small blue round cell tumour with CIC alteration	CIC-DUX4	sarcoma	institutional_diagnosis	metastasis	Soft tissue, limbs, upper limbs, arm	Metastasis
GSM4180978	REFERENCE_SAMPLE 526	reference	Small blue round cell tumour with CIC alteration	methylation class small blue round cell tumour with CIC alteration	CIC-DUX4	sarcoma	institutional_diagnosis	primary_tumor	Soft tissue, limbs, upper limbs, shoulder girdle	
GSM4180979	REFERENCE_SAMPLE 527	reference	Rhabdomyosarcoma (embryonal)	methylation class rhabdomyosarcoma (embryonal)	FN-RMS	sarcoma	methylation_class_embryonal	recurrence	Soft tissue, trunk, abdomen	Recurrence
GSM4180980	REFERENCE_SAMPLE 528	reference	Desmoplastic small round cell tumour	methylation class desmoplastic small round cell tumour	DSRCT	sarcoma	institutional_diagnosis	recurrence	Soft tissue, trunk, abdomen	Recurrence
GSM4180981	REFERENCE_SAMPLE 529	reference	Chordoma	methylation class chordoma	Chordoma	sarcoma	institutional_diagnosis	primary_tumor	Bone, head and neck, skull base	Primary
GSM4180982	REFERENCE_SAMPLE 530	reference	Chordoma	methylation class chordoma	Chordoma	sarcoma	institutional_diagnosis	recurrence	Bone, head and neck, skull base	Recurrence
GSM4180983	REFERENCE_SAMPLE 531	reference	Giant cell tumour of bone	methylation class giant cell tumour of bone	GCTB/Chondroblastoma	sarcoma	institutional_diagnosis	primary_tumor	Bone, limbs, lower limbs, tibia	Primary
GSM4180984	REFERENCE_SAMPLE 532	reference	Chordoma	methylation class chordoma	Chordoma	sarcoma	institutional_diagnosis	primary_tumor	Bone, head and neck, skull base	Primary
GSM4180985	REFERENCE_SAMPLE 533	reference	Chordoma	methylation class chordoma	Chordoma	sarcoma	institutional_diagnosis	primary_tumor	Bone, head and neck, skull base	Primary
GSM4180986	REFERENCE_SAMPLE 534	reference	Chordoma	methylation class chordoma	Chordoma	sarcoma	institutional_diagnosis	primary_tumor	Bone, head and neck, skull base	Primary
GSM4180987	REFERENCE_SAMPLE 535	reference	Chordoma	methylation class chordoma	Chordoma	sarcoma	institutional_diagnosis	primary_tumor	Bone, head and neck, skull base	Primary
GSM4180988	REFERENCE_SAMPLE 536	reference	Chordoma	methylation class chordoma	Chordoma	sarcoma	institutional_diagnosis	primary_tumor	Bone, head and neck, skull base	Primary
GSM4180989	REFERENCE_SAMPLE 537	reference	Chordoma	methylation class chordoma	Chordoma	sarcoma	institutional_diagnosis	primary_tumor	Bone, head and neck, skull base	Primary
GSM4180990	REFERENCE_SAMPLE 538	reference	Chordoma	methylation class chordoma	Chordoma	sarcoma	institutional_diagnosis	primary_tumor	Bone, head and neck, skull base	Primary
GSM4180991	REFERENCE_SAMPLE 539	reference	Chordoma	methylation class chordoma	Chordoma	sarcoma	institutional_diagnosis	primary_tumor	Bone, head and neck, skull base	Primary
GSM4180992	REFERENCE_SAMPLE 540	reference	Chordoma	methylation class chordoma	Chordoma	sarcoma	institutional_diagnosis	primary_tumor	Bone, head and neck, skull base	Primary
GSM4180993	REFERENCE_SAMPLE 541	reference	Chordoma	methylation class chordoma	Chordoma	sarcoma	institutional_diagnosis	primary_tumor	Bone, head and neck, skull base	Primary
GSM4180994	REFERENCE_SAMPLE 542	reference	Chondrosarcoma	methylation class chondrosarcoma (IDH group A)	Chondrosarcoma	sarcoma	institutional_diagnosis	primary_tumor	Bone, head and neck, skull base	Primary
GSM4180995	REFERENCE_SAMPLE 543	reference	Chordoma	methylation class chordoma	Chordoma	sarcoma	institutional_diagnosis	primary_tumor	Bone, head and neck, skull base	Primary
GSM4180996	REFERENCE_SAMPLE 544	reference	Chordoma	methylation class chordoma	Chordoma	sarcoma	institutional_diagnosis	primary_tumor	Bone, head and neck, skull base	Primary
GSM4180997	REFERENCE_SAMPLE 545	reference	Chordoma	methylation class chordoma	Chordoma	sarcoma	institutional_diagnosis	primary_tumor	Bone, head and neck, skull base	Primary
GSM4180998	REFERENCE_SAMPLE 546	reference	Chordoma	methylation class chordoma	Chordoma	sarcoma	institutional_diagnosis	primary_tumor	Bone, head and neck, skull base	Primary
GSM4180999	REFERENCE_SAMPLE 547	reference	Chondrosarcoma	methylation class chondrosarcoma (IDH group A)	Chondrosarcoma	sarcoma	institutional_diagnosis	primary_tumor	Bone, head and neck, skull base	Primary
GSM4181000	REFERENCE_SAMPLE 548	reference	Chordoma	methylation class chordoma	Chordoma	sarcoma	institutional_diagnosis	primary_tumor	Bone, head and neck, skull base	Primary
GSM4181001	REFERENCE_SAMPLE 549	reference	Chondrosarcoma	methylation class chondrosarcoma (IDH group A)	Chondrosarcoma	sarcoma	institutional_diagnosis	primary_tumor	Bone, head and neck, skull base	Primary
GSM4181002	REFERENCE_SAMPLE 550	reference	Chordoma	methylation class chordoma	Chordoma	sarcoma	institutional_diagnosis	primary_tumor	Bone, head and neck, skull base	Primary
GSM4181003	REFERENCE_SAMPLE 551	reference	Chordoma	methylation class chordoma	Chordoma	sarcoma	institutional_diagnosis	primary_tumor	Bone, head and neck, skull base	Primary
GSM4181004	REFERENCE_SAMPLE 552	reference	Malignant peripheral nerve sheath tumour	methylation class malignant peripheral nerve sheath tumour	MPNST	sarcoma	institutional_diagnosis	primary_tumor	Soft tissue, trunk, pelvis, presacral nerve	Primary
GSM4181005	REFERENCE_SAMPLE 553	reference	Ewing´s sarcoma	methylation class Ewing´s sarcoma	Ewing	sarcoma	institutional_diagnosis	primary_tumor	Bone, head and neck, head	Primary
GSM4181006	REFERENCE_SAMPLE 554	reference	Giant cell tumour of bone	methylation class giant cell tumour of bone	GCTB/Chondroblastoma	sarcoma	institutional_diagnosis	primary_tumor	Bone, limbs, upper limbs, humerus	Primary
GSM4181007	REFERENCE_SAMPLE 555	reference	Ewing´s sarcoma	methylation class Ewing´s sarcoma	Ewing	sarcoma	institutional_diagnosis	primary_tumor	Bone, pelvis	
GSM4181008	REFERENCE_SAMPLE 556	reference	Ewing´s sarcoma	methylation class Ewing´s sarcoma	Ewing	sarcoma	institutional_diagnosis	primary_tumor	Bone, pelvis	Primary
GSM4181009	REFERENCE_SAMPLE 557	reference	Ewing´s sarcoma	methylation class Ewing´s sarcoma	Ewing	sarcoma	institutional_diagnosis	primary_tumor	Bone, limbs, lower limbs, tibia	Primary
GSM4181010	REFERENCE_SAMPLE 558	reference	Ewing´s sarcoma	methylation class Ewing´s sarcoma	Ewing	sarcoma	institutional_diagnosis	primary_tumor	Bone, limbs, lower limbs, femur	Primary
GSM4181011	REFERENCE_SAMPLE 559	reference	Small blue round cell tumour with CIC alteration	methylation class small blue round cell tumour with CIC alteration	CIC-DUX4	sarcoma	institutional_diagnosis	metastasis	Soft tissue, limbs, upper limbs, axilla	Metastasis
GSM4181012	REFERENCE_SAMPLE 560	reference	Small blue round cell tumour with CIC alteration	methylation class small blue round cell tumour with CIC alteration	CIC-DUX4	sarcoma	institutional_diagnosis	primary_tumor	Soft tissue, limbs, lower limbs, leg	Primary
GSM4181013	REFERENCE_SAMPLE 561	reference	Giant cell tumour of bone	methylation class giant cell tumour of bone	GCTB/Chondroblastoma	sarcoma	institutional_diagnosis	primary_tumor	Bone, limbs, upper limbs, humerus	Primary
GSM4181014	REFERENCE_SAMPLE 562	reference	Giant cell tumour of bone	methylation class giant cell tumour of bone	GCTB/Chondroblastoma	sarcoma	institutional_diagnosis	primary_tumor	Bone, limbs, lower limbs, femur	Primary
GSM4181015	REFERENCE_SAMPLE 563	reference	Malignant peripheral nerve sheath tumour	methylation class malignant peripheral nerve sheath tumour	MPNST	sarcoma	institutional_diagnosis	recurrence	Soft tissue, trunk, thorax	Recurrence
GSM4181016	REFERENCE_SAMPLE 564	reference	Desmoplastic small round cell tumour	methylation class desmoplastic small round cell tumour	DSRCT	sarcoma	institutional_diagnosis	metastasis	Soft tissue, trunk, abdomen	Metastasis
GSM4181017	REFERENCE_SAMPLE 565	reference	Chondrosarcoma	methylation class chondrosarcoma (IDH group A)	Chondrosarcoma	sarcoma	institutional_diagnosis	primary_tumor	Bone, head and neck, skull base	Primary
GSM4181018	REFERENCE_SAMPLE 566	reference	Giant cell tumour of bone	methylation class giant cell tumour of bone	GCTB/Chondroblastoma	sarcoma	institutional_diagnosis	primary_tumor	Bone, limbs, upper limbs, radius	Primary
GSM4181019	REFERENCE_SAMPLE 567	reference	Giant cell tumour of bone	methylation class giant cell tumour of bone	GCTB/Chondroblastoma	sarcoma	institutional_diagnosis	primary_tumor	Bone, limbs, upper limbs, radius	Primary
GSM4181020	REFERENCE_SAMPLE 568	reference	Giant cell tumour of bone	methylation class giant cell tumour of bone	GCTB/Chondroblastoma	sarcoma	institutional_diagnosis	primary_tumor	Bone, limbs, lower limbs, femur	Primary
GSM4181021	REFERENCE_SAMPLE 569	reference	Sarcoma not otherwise specified	methylation class sarcoma (RMS-like)	Sarcoma NOS	sarcoma	institutional_diagnosis	primary_tumor	Intracranial	Primary
GSM4181022	REFERENCE_SAMPLE 570	reference	Giant cell tumour of bone	methylation class giant cell tumour of bone	GCTB/Chondroblastoma	sarcoma	institutional_diagnosis	primary_tumor	Bone, limbs, upper limbs, radius	Primary
GSM4181023	REFERENCE_SAMPLE 571	reference	Fibrous dysplasia	methylation class fibrous dysplasia	Fibrous dysplasia	benign	institutional_diagnosis	primary_tumor	Bone, limbs, lower limbs, femur	Primary
GSM4181024	REFERENCE_SAMPLE 572	reference	Fibrous dysplasia	methylation class fibrous dysplasia	Fibrous dysplasia	benign	institutional_diagnosis	primary_tumor	Bone, thorax, costae	Primary
GSM4181025	REFERENCE_SAMPLE 573	reference	Fibrous dysplasia	methylation class fibrous dysplasia	Fibrous dysplasia	benign	institutional_diagnosis	primary_tumor	Bone, limbs, lower limbs, femur	Primary
GSM4181026	REFERENCE_SAMPLE 574	reference	Fibrous dysplasia	methylation class fibrous dysplasia	Fibrous dysplasia	benign	institutional_diagnosis	primary_tumor	Bone, limbs, lower limbs, fibula	Primary
GSM4181027	REFERENCE_SAMPLE 575	reference	Alveolar soft part sarcoma	methylation class alveolar soft part sarcoma	ASPS	sarcoma	institutional_diagnosis	primary_tumor	Soft tissue, limbs, upper limbs, shoulder girdle	Primary
GSM4181028	REFERENCE_SAMPLE 576	reference	Osteosarcoma (high-grade)	methylation class osteosarcoma (high grade)	Osteosarcoma	sarcoma	institutional_diagnosis	primary_tumor	Bone, limbs, lower limbs, femur	Primary
GSM4181029	REFERENCE_SAMPLE 577	reference	Osteoblastoma	methylation class osteoblastoma	Osteoblastoma	benign	institutional_diagnosis	primary_tumor	Bone, thorax, costae	Primary
GSM4181030	REFERENCE_SAMPLE 578	reference	Osteosarcoma (high-grade)	methylation class osteosarcoma (high grade)	Osteosarcoma	sarcoma	institutional_diagnosis	primary_tumor		Primary
GSM4181031	REFERENCE_SAMPLE 579	reference	Giant cell tumour of bone	methylation class giant cell tumour of bone	GCTB/Chondroblastoma	sarcoma	institutional_diagnosis	primary_tumor	Bone, limbs, upper limbs, humerus	Primary
GSM4181032	REFERENCE_SAMPLE 580	reference	Ewing´s sarcoma	methylation class Ewing´s sarcoma	Ewing	sarcoma	institutional_diagnosis	primary_tumor	Bone, spine	Primary
GSM4181033	REFERENCE_SAMPLE 581	reference	Undifferentiated pleomorphic sarcoma	methylation class undifferentiated sarcoma	UPS/MFH	sarcoma	institutional_diagnosis	primary_tumor	Soft tissue, limbs, lower limbs, thigh	Primary
GSM4181034	REFERENCE_SAMPLE 582	reference	Undifferentiated pleomorphic sarcoma	methylation class undifferentiated sarcoma	UPS/MFH	sarcoma	institutional_diagnosis	primary_tumor	Soft tissue, trunk, thoracic wall	Primary
GSM4181035	REFERENCE_SAMPLE 583	reference	Undifferentiated pleomorphic sarcoma	methylation class undifferentiated sarcoma	UPS/MFH	sarcoma	institutional_diagnosis	primary_tumor	Soft tissue, limbs, lower limbs, pelvic girdle	Primary
GSM4181036	REFERENCE_SAMPLE 584	reference	Rhabdomyosarcoma (alveolar)	methylation class rhabdomyosarcoma (alveolar)	FP-RMS	sarcoma	methylation_class_alveolar	metastasis	Soft tissue, trunk, pelvis, genital	Metastasis
GSM4181037	REFERENCE_SAMPLE 585	reference	Rhabdomyosarcoma (embryonal)	methylation class rhabdomyosarcoma (embryonal)	FN-RMS	sarcoma	methylation_class_embryonal	primary_tumor	Soft tissue, trunk, pelvis, genital	Primary
GSM4181038	REFERENCE_SAMPLE 586	reference	Chordoma (de-differentiated)	methylation class chordoma (dedifferentiated)	Chordoma	sarcoma	institutional_diagnosis	primary_tumor		Primary
GSM4181039	REFERENCE_SAMPLE 587	reference	Chordoma (de-differentiated)	methylation class chordoma (dedifferentiated)	Chordoma	sarcoma	institutional_diagnosis	primary_tumor		Primary
GSM4181040	REFERENCE_SAMPLE 588	reference	Chordoma (de-differentiated)	methylation class chordoma (dedifferentiated)	Chordoma	sarcoma	institutional_diagnosis	primary_tumor		Primary
GSM4181041	REFERENCE_SAMPLE 589	reference	Rhabdomyosarcoma (embryonal)	methylation class rhabdomyosarcoma (embryonal)	FN-RMS	sarcoma	methylation_class_embryonal	recurrence	Soft tissue, head and neck, orbit	Recurrence
GSM4181042	REFERENCE_SAMPLE 590	reference	Desmoid-type fibromatosis	methylation class desmoid-type fibromatosis	Desmoid	sarcoma	institutional_diagnosis	primary_tumor	Soft tissue, trunk, pelvis	Primary
GSM4181043	REFERENCE_SAMPLE 591	reference	Desmoid-type fibromatosis	methylation class desmoid-type fibromatosis	Desmoid	sarcoma	institutional_diagnosis	primary_tumor	Soft tissue, trunk, retroperitoneum	Primary
GSM4181044	REFERENCE_SAMPLE 592	reference	Desmoid-type fibromatosis	methylation class desmoid-type fibromatosis	Desmoid	sarcoma	institutional_diagnosis	primary_tumor	Soft tissue, head and neck, neck	Primary
GSM4181045	REFERENCE_SAMPLE 593	reference	Desmoid-type fibromatosis	methylation class desmoid-type fibromatosis	Desmoid	sarcoma	institutional_diagnosis	primary_tumor	Soft tissue, trunk, thorax	Primary
GSM4181046	REFERENCE_SAMPLE 594	reference	Rhabdomyosarcoma (alveolar)	methylation class rhabdomyosarcoma (alveolar)	FP-RMS	sarcoma	methylation_class_alveolar	metastasis	Soft tissue, limbs, upper limbs, shoulder girdle, lymph node	Metastasis
GSM4181047	REFERENCE_SAMPLE 595	reference	Desmoplastic small round cell tumour	methylation class desmoplastic small round cell tumour	DSRCT	sarcoma	institutional_diagnosis	primary_tumor	Soft tissue, trunk, retroperitoneum	Primary
GSM4181048	REFERENCE_SAMPLE 596	reference	Small blue round cell tumour with BCOR alteration	methylation class small blue round cell tumour with BCOR alteration	BCOR-sarcoma	sarcoma	institutional_diagnosis	primary_tumor	Soft tissue, trunk, thorax, presternal region	Primary
GSM4181049	REFERENCE_SAMPLE 597	reference	Myxoid liposarcoma	methylation class myxoid liposarcoma	Liposarcoma-myxoid	sarcoma	institutional_diagnosis	metastasis	Soft tissue, trunk, paraspinal	Metastasis
GSM4181050	REFERENCE_SAMPLE 598	reference	Osteosarcoma (high-grade)	methylation class osteosarcoma (high grade)	Osteosarcoma	sarcoma	institutional_diagnosis	recurrence	Bone, head and neck, maxilla	Recurrence
GSM4181051	REFERENCE_SAMPLE 599	reference	Rhabdomyosarcoma (alveolar)	methylation class rhabdomyosarcoma (alveolar)	FP-RMS	sarcoma	methylation_class_alveolar	recurrence	Soft tissue, limbs, lower limbs, groin	Recurrence
GSM4181052	REFERENCE_SAMPLE 600	reference	Solitary fibrous tumour	methylation class solitary fibrous tumour	Solitary fibrous tumour	sarcoma	institutional_diagnosis	primary_tumor	Soft tissue, head and neck, leptomeninx	Primary
GSM4181053	REFERENCE_SAMPLE 601	reference	Rhabdomyosarcoma (alveolar)	methylation class rhabdomyosarcoma (alveolar)	FP-RMS	sarcoma	methylation_class_alveolar	metastasis	Soft tissue, limbs, lower limbs, thigh	Metastasis
GSM4181054	REFERENCE_SAMPLE 602	reference	Ewing´s sarcoma	methylation class Ewing´s sarcoma	Ewing	sarcoma	institutional_diagnosis	primary_tumor	Bone, spine	Primary
GSM4181055	REFERENCE_SAMPLE 603	reference	Rhabdomyosarcoma (alveolar)	methylation class rhabdomyosarcoma (alveolar)	FP-RMS	sarcoma	methylation_class_alveolar	primary_tumor	Soft tissue, trunk, pelvis, genital	Primary
GSM4181056	REFERENCE_SAMPLE 604	reference	Ewing´s sarcoma	methylation class Ewing´s sarcoma	Ewing	sarcoma	institutional_diagnosis	primary_tumor		Primary
GSM4181057	REFERENCE_SAMPLE 605	reference	Ewing´s sarcoma	methylation class Ewing´s sarcoma	Ewing	sarcoma	institutional_diagnosis	primary_tumor		Primary
GSM4181058	REFERENCE_SAMPLE 606	reference	Ewing´s sarcoma	methylation class Ewing´s sarcoma	Ewing	sarcoma	institutional_diagnosis	primary_tumor		Primary
GSM4181059	REFERENCE_SAMPLE 607	reference	Ewing´s sarcoma	methylation class Ewing´s sarcoma	Ewing	sarcoma	institutional_diagnosis	primary_tumor	Soft tissue, trunk, abdominal wall	Primary
GSM4181060	REFERENCE_SAMPLE 608	reference	Ewing´s sarcoma	methylation class Ewing´s sarcoma	Ewing	sarcoma	institutional_diagnosis	primary_tumor		Primary
GSM4181061	REFERENCE_SAMPLE 609	reference	Ewing´s sarcoma	methylation class Ewing´s sarcoma	Ewing	sarcoma	institutional_diagnosis	primary_tumor	Bone, limbs, lower limbs, femur	Primary
GSM4181062	REFERENCE_SAMPLE 610	reference	Ewing´s sarcoma	methylation class Ewing´s sarcoma	Ewing	sarcoma	institutional_diagnosis	primary_tumor	Bone, limbs, lower limbs, tibia	Primary
GSM4181063	REFERENCE_SAMPLE 611	reference	Ewing´s sarcoma	methylation class Ewing´s sarcoma	Ewing	sarcoma	institutional_diagnosis	primary_tumor		Primary
GSM4181064	REFERENCE_SAMPLE 612	reference	Synovial sarcoma	methylation class synovial sarcoma	Synovial sarcoma	sarcoma	institutional_diagnosis	primary_tumor	Soft tissue, spine	Primary
GSM4181065	REFERENCE_SAMPLE 613	reference	Osteosarcoma (high-grade)	methylation class osteosarcoma (high grade)	Osteosarcoma	sarcoma	institutional_diagnosis	primary_tumor	Bone, pelvis	Primary
GSM4181066	REFERENCE_SAMPLE 614	reference	Osteosarcoma (high-grade)	methylation class osteosarcoma (high grade)	Osteosarcoma	sarcoma	institutional_diagnosis	primary_tumor	Bone, limbs, lower limbs, femur	Primary
GSM4181067	REFERENCE_SAMPLE 615	reference	Desmoid-type fibromatosis	methylation class desmoid-type fibromatosis	Desmoid	sarcoma	institutional_diagnosis	primary_tumor	Soft tissue, trunk, abdomen	Primary
GSM4181068	REFERENCE_SAMPLE 616	reference	Desmoid-type fibromatosis	methylation class desmoid-type fibromatosis	Desmoid	sarcoma	institutional_diagnosis	primary_tumor	Soft tissue, trunk, pelvis	Primary
GSM4181069	REFERENCE_SAMPLE 617	reference	Desmoid-type fibromatosis	methylation class desmoid-type fibromatosis	Desmoid	sarcoma	institutional_diagnosis	primary_tumor	Soft tissue, trunk, retroperitoneum	
GSM4181070	REFERENCE_SAMPLE 618	reference	Osteosarcoma (high-grade)	methylation class osteosarcoma (high grade)	Osteosarcoma	sarcoma	institutional_diagnosis	primary_tumor	Bone, limbs, lower limbs, femur	Primary
GSM4181071	REFERENCE_SAMPLE 619	reference	Desmoid-type fibromatosis	methylation class desmoid-type fibromatosis	Desmoid	sarcoma	institutional_diagnosis	primary_tumor		Primary
GSM4181072	REFERENCE_SAMPLE 620	reference	Desmoid-type fibromatosis	methylation class desmoid-type fibromatosis	Desmoid	sarcoma	institutional_diagnosis	primary_tumor	Soft tissue, trunk, abdominal wall	Primary
GSM4181073	REFERENCE_SAMPLE 621	reference	Desmoid-type fibromatosis	methylation class desmoid-type fibromatosis	Desmoid	sarcoma	institutional_diagnosis	primary_tumor	Soft tissue, trunk, thoracic wall	Primary
GSM4181074	REFERENCE_SAMPLE 622	reference	Desmoid-type fibromatosis	methylation class desmoid-type fibromatosis	Desmoid	sarcoma	institutional_diagnosis	primary_tumor		Primary
GSM4181075	REFERENCE_SAMPLE 623	reference	Osteosarcoma (high-grade)	methylation class osteosarcoma (high grade)	Osteosarcoma	sarcoma	institutional_diagnosis	primary_tumor	Bone, limbs, lower limbs, tibia	Primary
GSM4181076	REFERENCE_SAMPLE 624	reference	Ewing´s sarcoma	methylation class Ewing´s sarcoma	Ewing	sarcoma	institutional_diagnosis	primary_tumor	Bone, limbs, lower limbs, tibia	Primary
GSM4181077	REFERENCE_SAMPLE 625	reference	Osteosarcoma (high-grade)	methylation class osteosarcoma (high grade)	Osteosarcoma	sarcoma	institutional_diagnosis	primary_tumor	Bone, limbs, upper limbs, clavicula	Primary
GSM4181078	REFERENCE_SAMPLE 626	reference	Dermatofibrosarcoma protuberans	methylation class dermatofibrosarcoma protuberans	DFSP	sarcoma	institutional_diagnosis	primary_tumor	Soft tissue, limbs, upper limbs, subcutis	Primary
GSM4181079	REFERENCE_SAMPLE 627	reference	Ewing´s sarcoma	methylation class Ewing´s sarcoma	Ewing	sarcoma	institutional_diagnosis	primary_tumor	Bone, spine	Primary
GSM4181080	REFERENCE_SAMPLE 628	reference	Ewing´s sarcoma	methylation class Ewing´s sarcoma	Ewing	sarcoma	institutional_diagnosis	primary_tumor	Bone, spine	Primary
GSM4181081	REFERENCE_SAMPLE 629	reference	Small blue round cell tumour with CIC alteration	methylation class small blue round cell tumour with CIC alteration	CIC-DUX4	sarcoma	institutional_diagnosis	primary_tumor		Primary
GSM4181082	REFERENCE_SAMPLE 630	reference	Osteosarcoma (high-grade)	methylation class osteosarcoma (high grade)	Osteosarcoma	sarcoma	institutional_diagnosis	primary_tumor	Bone, limbs, upper limbs, shoulder	Primary
GSM4181083	REFERENCE_SAMPLE 631	reference	Osteosarcoma (high-grade)	methylation class osteosarcoma (high grade)	Osteosarcoma	sarcoma	institutional_diagnosis	primary_tumor		Primary
GSM4181084	REFERENCE_SAMPLE 632	reference	Dermatofibrosarcoma protuberans	methylation class dermatofibrosarcoma protuberans	DFSP	sarcoma	institutional_diagnosis	primary_tumor	Soft tissue, limbs, upper limbs, subcutis	Primary
GSM4181085	REFERENCE_SAMPLE 633	reference	Rhabdomyosarcoma (embryonal)	methylation class rhabdomyosarcoma (embryonal)	FN-RMS	sarcoma	methylation_class_embryonal	recurrence	Soft tissue, trunk, pelvis	Recurrence
GSM4181086	REFERENCE_SAMPLE 634	reference	Osteosarcoma (high-grade)	methylation class osteosarcoma (high grade)	Osteosarcoma	sarcoma	institutional_diagnosis	primary_tumor	Bone, limbs, lower limbs, tibia	Primary
GSM4181087	REFERENCE_SAMPLE 635	reference	Chordoma (de-differentiated)	methylation class chordoma (dedifferentiated)	Chordoma	sarcoma	institutional_diagnosis	primary_tumor		Primary
GSM4181088	REFERENCE_SAMPLE 636	reference	Chordoma (de-differentiated)	methylation class chordoma (dedifferentiated)	Chordoma	sarcoma	institutional_diagnosis	primary_tumor	Bone, head and neck, skull base	Primary
GSM4181089	REFERENCE_SAMPLE 637	reference	Chordoma (de-differentiated)	methylation class chordoma (dedifferentiated)	Chordoma	sarcoma	institutional_diagnosis	primary_tumor	Bone, spine	Primary
GSM4181090	REFERENCE_SAMPLE 638	reference	Chordoma (de-differentiated)	methylation class chordoma (dedifferentiated)	Chordoma	sarcoma	institutional_diagnosis	primary_tumor	Bone, head and neck, skull base	Primary
GSM4181091	REFERENCE_SAMPLE 639	reference	Synovial sarcoma	methylation class synovial sarcoma	Synovial sarcoma	sarcoma	institutional_diagnosis	primary_tumor	Soft tissue, limbs, lower limbs, knee	Primary
GSM4181092	REFERENCE_SAMPLE 640	reference	Synovial sarcoma	methylation class synovial sarcoma	Synovial sarcoma	sarcoma	institutional_diagnosis	primary_tumor	Soft tissue, limbs, lower limbs, leg	Primary
GSM4181093	REFERENCE_SAMPLE 641	reference	Synovial sarcoma	methylation class synovial sarcoma	Synovial sarcoma	sarcoma	institutional_diagnosis	primary_tumor	Soft tissue, limbs, lower limbs, leg	Primary
GSM4181094	REFERENCE_SAMPLE 642	reference	Synovial sarcoma	methylation class synovial sarcoma	Synovial sarcoma	sarcoma	institutional_diagnosis	primary_tumor	Soft tissue, limbs, upper limbs, arm	Primary
GSM4181095	REFERENCE_SAMPLE 643	reference	Synovial sarcoma	methylation class synovial sarcoma	Synovial sarcoma	sarcoma	institutional_diagnosis	primary_tumor	Soft tissue, limbs, upper limbs, arm	Primary
GSM4181096	REFERENCE_SAMPLE 644	reference	Synovial sarcoma	methylation class synovial sarcoma	Synovial sarcoma	sarcoma	institutional_diagnosis	primary_tumor	Soft tissue, head and neck, larynx	Primary
GSM4181097	REFERENCE_SAMPLE 645	reference	Myxoid liposarcoma	methylation class myxoid liposarcoma	Liposarcoma-myxoid	sarcoma	institutional_diagnosis	primary_tumor	Soft tissue, limbs, lower limbs, thigh	Primary
GSM4181098	REFERENCE_SAMPLE 646	reference	Myxoid liposarcoma	methylation class myxoid liposarcoma	Liposarcoma-myxoid	sarcoma	institutional_diagnosis	primary_tumor		Primary
GSM4181099	REFERENCE_SAMPLE 647	reference	Myxoid liposarcoma	methylation class myxoid liposarcoma	Liposarcoma-myxoid	sarcoma	institutional_diagnosis	primary_tumor	Soft tissue, limbs, lower limbs, thigh	Primary
GSM4181100	REFERENCE_SAMPLE 648	reference	Myxoid liposarcoma	methylation class myxoid liposarcoma	Liposarcoma-myxoid	sarcoma	institutional_diagnosis	primary_tumor	Soft tissue, limbs, lower limbs, thigh	Primary
GSM4181101	REFERENCE_SAMPLE 649	reference	Myxoid liposarcoma	methylation class myxoid liposarcoma	Liposarcoma-myxoid	sarcoma	institutional_diagnosis	primary_tumor	Soft tissue, limbs, lower limbs, thigh	Primary
GSM4181102	REFERENCE_SAMPLE 650	reference	Myxoid liposarcoma	methylation class myxoid liposarcoma	Liposarcoma-myxoid	sarcoma	institutional_diagnosis	primary_tumor	Soft tissue, limbs, lower limbs, thigh	Primary
GSM4181103	REFERENCE_SAMPLE 651	reference	Extraskeletal myxoid chondrosarcoma	methylation class extraskeletal myxoid chondrosarcoma	EMC	sarcoma	institutional_diagnosis	primary_tumor	Soft tissue, limbs, lower limbs, thigh	Primary
GSM4181104	REFERENCE_SAMPLE 652	reference	Myxoid liposarcoma	methylation class myxoid liposarcoma	Liposarcoma-myxoid	sarcoma	institutional_diagnosis	primary_tumor	Soft tissue, limbs, lower limbs, leg	Primary
GSM4181105	REFERENCE_SAMPLE 653	reference	Myxoid liposarcoma	methylation class myxoid liposarcoma	Liposarcoma-myxoid	sarcoma	institutional_diagnosis	primary_tumor	Soft tissue, limbs, lower limbs, thigh	Primary
GSM4181106	REFERENCE_SAMPLE 654	reference	Myxoid liposarcoma	methylation class myxoid liposarcoma	Liposarcoma-myxoid	sarcoma	institutional_diagnosis	primary_tumor	Soft tissue, limbs, lower limbs, thigh	Primary
GSM4181107	REFERENCE_SAMPLE 655	reference	Sarcoma not otherwise specified	methylation class sarcoma (RMS-like)	Sarcoma NOS	sarcoma	institutional_diagnosis	primary_tumor	Intracranial, supratentorial	Primary
GSM4181108	REFERENCE_SAMPLE 656	reference	Myxoid liposarcoma	methylation class myxoid liposarcoma	Liposarcoma-myxoid	sarcoma	institutional_diagnosis	primary_tumor	Soft tissue, limbs, lower limbs, thigh	Primary
GSM4181109	REFERENCE_SAMPLE 657	reference	Myxoid liposarcoma	methylation class myxoid liposarcoma	Liposarcoma-myxoid	sarcoma	institutional_diagnosis	primary_tumor	Soft tissue, limbs, lower limbs, leg	Primary
GSM4181110	REFERENCE_SAMPLE 658	reference	Myxoid liposarcoma	methylation class myxoid liposarcoma	Liposarcoma-myxoid	sarcoma	institutional_diagnosis	primary_tumor	Soft tissue, limbs, lower limbs, thigh	Primary
GSM4181111	REFERENCE_SAMPLE 659	reference	Myxoid liposarcoma	methylation class myxoid liposarcoma	Liposarcoma-myxoid	sarcoma	institutional_diagnosis	primary_tumor	Soft tissue, limbs, lower limbs, thigh	Primary
GSM4181112	REFERENCE_SAMPLE 660	reference	Myxoid liposarcoma	methylation class myxoid liposarcoma	Liposarcoma-myxoid	sarcoma	institutional_diagnosis	primary_tumor	Soft tissue, limbs, lower limbs, thigh	Primary
GSM4181113	REFERENCE_SAMPLE 661	reference	Myxoid liposarcoma	methylation class myxoid liposarcoma	Liposarcoma-myxoid	sarcoma	institutional_diagnosis	primary_tumor	Soft tissue, limbs, lower limbs, thigh	Primary
GSM4181114	REFERENCE_SAMPLE 662	reference	Myxoid liposarcoma	methylation class myxoid liposarcoma	Liposarcoma-myxoid	sarcoma	institutional_diagnosis	primary_tumor	Soft tissue, limbs, lower limbs, thigh	Primary
GSM4181115	REFERENCE_SAMPLE 663	reference	Myxoid liposarcoma	methylation class myxoid liposarcoma	Liposarcoma-myxoid	sarcoma	institutional_diagnosis	primary_tumor	Soft tissue, limbs, lower limbs, thigh	Primary
GSM4181116	REFERENCE_SAMPLE 664	reference	Undifferentiated sarcoma	methylation class undifferentiated sarcoma	Sarcoma NOS	sarcoma	institutional_diagnosis	primary_tumor	Soft tissue, limbs, lower limbs, pelvic girdle	Primary
GSM4181117	REFERENCE_SAMPLE 665	reference	Extraskeletal myxoid chondrosarcoma	methylation class extraskeletal myxoid chondrosarcoma	EMC	sarcoma	institutional_diagnosis	primary_tumor		Primary
GSM4181118	REFERENCE_SAMPLE 666	reference	Extraskeletal myxoid chondrosarcoma	methylation class extraskeletal myxoid chondrosarcoma	EMC	sarcoma	institutional_diagnosis	primary_tumor		Primary
GSM4181119	REFERENCE_SAMPLE 667	reference	Extraskeletal myxoid chondrosarcoma	methylation class extraskeletal myxoid chondrosarcoma	EMC	sarcoma	institutional_diagnosis	primary_tumor	Soft tissue, limbs, lower limbs, foot	Primary
GSM4181120	REFERENCE_SAMPLE 668	reference	Extraskeletal myxoid chondrosarcoma	methylation class extraskeletal myxoid chondrosarcoma	EMC	sarcoma	institutional_diagnosis	primary_tumor	Soft tissue, limbs, lower limbs, thigh	Primary
GSM4181121	REFERENCE_SAMPLE 669	reference	Extraskeletal myxoid chondrosarcoma	methylation class extraskeletal myxoid chondrosarcoma	EMC	sarcoma	institutional_diagnosis	primary_tumor	Soft tissue, limbs, lower limbs, thigh	Primary
GSM4181122	REFERENCE_SAMPLE 670	reference	Extraskeletal myxoid chondrosarcoma	methylation class extraskeletal myxoid chondrosarcoma	EMC	sarcoma	institutional_diagnosis	primary_tumor	Soft tissue, limbs, lower limbs, thigh	Primary
GSM4181123	REFERENCE_SAMPLE 671	reference	Low-grade fibromyxoid sarcoma	methylation class low-grade fibromyxoid sarcoma	LGFMS/SEF	sarcoma	institutional_diagnosis	primary_tumor	Soft tissue, trunk, pelvis	Primary
GSM4181124	REFERENCE_SAMPLE 672	reference	Low-grade fibromyxoid sarcoma	methylation class low-grade fibromyxoid sarcoma	LGFMS/SEF	sarcoma	institutional_diagnosis	primary_tumor	Soft tissue, trunk, abdomen	Primary
GSM4181125	REFERENCE_SAMPLE 673	reference	Low-grade fibromyxoid sarcoma	methylation class low-grade fibromyxoid sarcoma	LGFMS/SEF	sarcoma	institutional_diagnosis	primary_tumor	Soft tissue, limbs, lower limbs, fossa poplitea	Primary
GSM4181126	REFERENCE_SAMPLE 674	reference	Low-grade fibromyxoid sarcoma	methylation class low-grade fibromyxoid sarcoma	LGFMS/SEF	sarcoma	institutional_diagnosis	primary_tumor	Soft tissue, head and neck, neck	Primary
GSM4181127	REFERENCE_SAMPLE 675	reference	Low-grade fibromyxoid sarcoma	methylation class low-grade fibromyxoid sarcoma	LGFMS/SEF	sarcoma	institutional_diagnosis	primary_tumor	Soft tissue, subcutis	Primary
GSM4181128	REFERENCE_SAMPLE 676	reference	Low-grade fibromyxoid sarcoma	methylation class low-grade fibromyxoid sarcoma	LGFMS/SEF	sarcoma	institutional_diagnosis	primary_tumor	Soft tissue, limbs, lower limbs, thigh	Primary
GSM4181129	REFERENCE_SAMPLE 677	reference	Low-grade fibromyxoid sarcoma	methylation class low-grade fibromyxoid sarcoma	LGFMS/SEF	sarcoma	institutional_diagnosis	primary_tumor	Soft tissue, trunk, pelvis	Primary
GSM4181130	REFERENCE_SAMPLE 678	reference	Low-grade fibromyxoid sarcoma	methylation class low-grade fibromyxoid sarcoma	LGFMS/SEF	sarcoma	institutional_diagnosis	primary_tumor	Soft tissue, limbs, lower limbs, thigh	Primary
GSM4181131	REFERENCE_SAMPLE 679	reference	Alveolar soft part sarcoma	methylation class alveolar soft part sarcoma	ASPS	sarcoma	institutional_diagnosis	primary_tumor	Soft tissue, limbs, upper limbs, hand	Primary
GSM4181132	REFERENCE_SAMPLE 680	reference	Leiomyosarcoma	methylation class leiomyosarcoma	Leiomyosarcoma	sarcoma	institutional_diagnosis	primary_tumor	Soft tissue, trunk, abdomen, inferior vena cava	Primary
GSM4181133	REFERENCE_SAMPLE 681	reference	Leiomyosarcoma	methylation class leiomyosarcoma	Leiomyosarcoma	sarcoma	institutional_diagnosis	primary_tumor	Visceral, pelvis, uterus	Primary
GSM4181134	REFERENCE_SAMPLE 682	reference	Leiomyosarcoma	methylation class leiomyosarcoma	Leiomyosarcoma	sarcoma	institutional_diagnosis	primary_tumor	Soft tissue, trunk, retroperitoneum	Primary
GSM4181135	REFERENCE_SAMPLE 683	reference	Leiomyosarcoma	methylation class leiomyosarcoma	Leiomyosarcoma	sarcoma	institutional_diagnosis	primary_tumor	Soft tissue, trunk, abdomen, inferior vena cava	Primary
GSM4181136	REFERENCE_SAMPLE 684	reference	Osteosarcoma (high-grade)	methylation class osteosarcoma (high grade)	Osteosarcoma	sarcoma	institutional_diagnosis	primary_tumor	Bone, limbs, lower limbs, tibia	Primary
GSM4181137	REFERENCE_SAMPLE 685	reference	Osteosarcoma (high-grade)	methylation class osteosarcoma (high grade)	Osteosarcoma	sarcoma	institutional_diagnosis	primary_tumor	Bone, limbs, lower limbs, femur	Primary
GSM4181138	REFERENCE_SAMPLE 686	reference	Osteosarcoma (high-grade)	methylation class osteosarcoma (high grade)	Osteosarcoma	sarcoma	institutional_diagnosis	primary_tumor	Bone, limbs, lower limbs, femur	Primary
GSM4181139	REFERENCE_SAMPLE 687	reference	Osteosarcoma (high-grade)	methylation class osteosarcoma (high grade)	Osteosarcoma	sarcoma	institutional_diagnosis	primary_tumor	Bone, limbs, upper limbs, humerus	Primary
GSM4181140	REFERENCE_SAMPLE 688	reference	Osteosarcoma (high-grade)	methylation class osteosarcoma (high grade)	Osteosarcoma	sarcoma	institutional_diagnosis	primary_tumor	Bone, limbs, lower limbs, femur	Primary
GSM4181141	REFERENCE_SAMPLE 689	reference	Myxoid liposarcoma	methylation class myxoid liposarcoma	Liposarcoma-myxoid	sarcoma	institutional_diagnosis	recurrence	Soft tissue, trunk, retroperitoneum	Recurrence
GSM4181142	REFERENCE_SAMPLE 690	reference	Myxoid liposarcoma	methylation class myxoid liposarcoma	Liposarcoma-myxoid	sarcoma	institutional_diagnosis	primary_tumor	Soft tissue, limbs, lower limbs, thigh	Primary
GSM4181143	REFERENCE_SAMPLE 691	reference	Myxoid liposarcoma	methylation class myxoid liposarcoma	Liposarcoma-myxoid	sarcoma	institutional_diagnosis	primary_tumor	Soft tissue, limbs, lower limbs, pelvic girdle	Primary
GSM4181144	REFERENCE_SAMPLE 692	reference	Synovial sarcoma	methylation class synovial sarcoma	Synovial sarcoma	sarcoma	institutional_diagnosis	metastasis	Visceral, thorax, lung	Metastasis
GSM4181145	REFERENCE_SAMPLE 693	reference	Synovial sarcoma	methylation class synovial sarcoma	Synovial sarcoma	sarcoma	institutional_diagnosis	recurrence	Visceral, thorax, lung	Recurrence
GSM4181146	REFERENCE_SAMPLE 694	reference	Synovial sarcoma	methylation class synovial sarcoma	Synovial sarcoma	sarcoma	institutional_diagnosis	primary_tumor	Bone, limbs, lower limbs, foot	Primary
GSM4181147	REFERENCE_SAMPLE 695	reference	Synovial sarcoma	methylation class synovial sarcoma	Synovial sarcoma	sarcoma	institutional_diagnosis	recurrence	Soft tissue, spine	Recurrence
GSM4181148	REFERENCE_SAMPLE 696	reference	Synovial sarcoma	methylation class synovial sarcoma	Synovial sarcoma	sarcoma	institutional_diagnosis	primary_tumor	Soft tissue, trunk, thorax, mediastinum	Primary
GSM4181149	REFERENCE_SAMPLE 697	reference	Fibrous dysplasia	methylation class fibrous dysplasia	Fibrous dysplasia	benign	institutional_diagnosis	primary_tumor	Bone, head and neck, skull	Primary
GSM4181150	REFERENCE_SAMPLE 698	reference	Fibrous dysplasia	methylation class fibrous dysplasia	Fibrous dysplasia	benign	institutional_diagnosis	primary_tumor	Bone, head and neck, skull	Primary
GSM4181151	REFERENCE_SAMPLE 699	reference	Malignant peripheral nerve sheath tumour	methylation class malignant peripheral nerve sheath tumour	MPNST	sarcoma	institutional_diagnosis	recurrence	Soft tissue, trunk, spinal nerve	Recurrence
GSM4181152	REFERENCE_SAMPLE 700	reference	Malignant peripheral nerve sheath tumour	methylation class malignant peripheral nerve sheath tumour	MPNST	sarcoma	institutional_diagnosis	metastasis	Visceral, abdomen, omentum	Metastasis
GSM4181153	REFERENCE_SAMPLE 701	reference	Myxoid liposarcoma	methylation class myxoid liposarcoma	Liposarcoma-myxoid	sarcoma	institutional_diagnosis	primary_tumor	Soft tissue, trunk, back	Primary
GSM4181154	REFERENCE_SAMPLE 702	reference	Myxoid liposarcoma	methylation class myxoid liposarcoma	Liposarcoma-myxoid	sarcoma	institutional_diagnosis	metastasis	Visceral, thorax, heart	Metastasis
GSM4181155	REFERENCE_SAMPLE 703	reference	Myxoid liposarcoma	methylation class myxoid liposarcoma	Liposarcoma-myxoid	sarcoma	institutional_diagnosis	primary_tumor	Soft tissue, trunk, thorax, parasternal	Primary
GSM4181156	REFERENCE_SAMPLE 704	reference	Myxoid liposarcoma	methylation class myxoid liposarcoma	Liposarcoma-myxoid	sarcoma	institutional_diagnosis	primary_tumor	Soft tissue, limbs, lower limbs, thigh	Primary
GSM4181157	REFERENCE_SAMPLE 705	reference	Myxoid liposarcoma	methylation class myxoid liposarcoma	Liposarcoma-myxoid	sarcoma	institutional_diagnosis	recurrence	Soft tissue, limbs, lower limbs, leg	Recurrence
GSM4181158	REFERENCE_SAMPLE 706	reference	Myxoid liposarcoma	methylation class myxoid liposarcoma	Liposarcoma-myxoid	sarcoma	institutional_diagnosis	primary_tumor	Soft tissue, trunk, thorax, thoracic wall, subcutis	Primary
GSM4181159	REFERENCE_SAMPLE 707	reference	Synovial sarcoma	methylation class synovial sarcoma	Synovial sarcoma	sarcoma	institutional_diagnosis	primary_tumor	Bone, limbs, lower limbs, foot	Primary
GSM4181160	REFERENCE_SAMPLE 708	reference	Synovial sarcoma	methylation class synovial sarcoma	Synovial sarcoma	sarcoma	institutional_diagnosis	primary_tumor	Visceral, thorax, lung	Primary
GSM4181161	REFERENCE_SAMPLE 709	reference	Synovial sarcoma	methylation class synovial sarcoma	Synovial sarcoma	sarcoma	institutional_diagnosis	primary_tumor	Soft tissue, limbs, lower, limbs, thigh	Primary
GSM4181162	REFERENCE_SAMPLE 710	reference	Synovial sarcoma	methylation class synovial sarcoma	Synovial sarcoma	sarcoma	institutional_diagnosis	primary_tumor	Soft tissue, limbs, lower limbs, thigh	Primary
GSM4181163	REFERENCE_SAMPLE 711	reference	Synovial sarcoma	methylation class synovial sarcoma	Synovial sarcoma	sarcoma	institutional_diagnosis	primary_tumor	Soft tissue, limbs, upper limbs, forearm	Primary
GSM4181164	REFERENCE_SAMPLE 712	reference	Synovial sarcoma	methylation class synovial sarcoma	Synovial sarcoma	sarcoma	institutional_diagnosis	primary_tumor	Soft tissue, limbs, upper limbs, shoulder girdle	Primary
GSM4181165	REFERENCE_SAMPLE 713	reference	Synovial sarcoma	methylation class synovial sarcoma	Synovial sarcoma	sarcoma	institutional_diagnosis	primary_tumor	Bone, pelvis	Primary
GSM4181166	REFERENCE_SAMPLE 714	reference	Synovial sarcoma	methylation class synovial sarcoma	Synovial sarcoma	sarcoma	institutional_diagnosis	primary_tumor	Soft tissue, muscle	Primary
GSM4181167	REFERENCE_SAMPLE 715	reference	Synovial sarcoma	methylation class synovial sarcoma	Synovial sarcoma	sarcoma	institutional_diagnosis	primary_tumor	Soft tissue, limbs, upper limbs, axilla	Primary
GSM4181168	REFERENCE_SAMPLE 716	reference	Synovial sarcoma	methylation class synovial sarcoma	Synovial sarcoma	sarcoma	institutional_diagnosis	primary_tumor	Soft tissue, trunk, thorax, spine	Primary
GSM4181169	REFERENCE_SAMPLE 717	reference	Ewing´s sarcoma	methylation class Ewing´s sarcoma	Ewing	sarcoma	institutional_diagnosis	primary_tumor	Bone, spine	Primary
GSM4181170	REFERENCE_SAMPLE 718	reference	Malignant peripheral nerve sheath tumour	methylation class malignant peripheral nerve sheath tumour	MPNST	sarcoma	institutional_diagnosis	metastasis	Visceral, thorax, lung	Metastasis
GSM4181171	REFERENCE_SAMPLE 719	reference	Rhabdomyosarcoma (alveolar)	methylation class rhabdomyosarcoma (alveolar)	FP-RMS	sarcoma	methylation_class_alveolar	primary_tumor		Primary
GSM4181172	REFERENCE_SAMPLE 720	reference	Malignant peripheral nerve sheath tumour	methylation class sarcoma (MPNST-like)	MPNST	sarcoma	institutional_diagnosis	primary_tumor	Soft tissue, trunk, thorax, paraspinal	
GSM4181173	REFERENCE_SAMPLE 721	reference	Solitary fibrous tumour	methylation class solitary fibrous tumour	Solitary fibrous tumour	sarcoma	institutional_diagnosis	primary_tumor	Soft tissue, trunk, thorax, spine	Primary
GSM4181174	REFERENCE_SAMPLE 722	reference	Solitary fibrous tumour	methylation class solitary fibrous tumour	Solitary fibrous tumour	sarcoma	institutional_diagnosis	primary_tumor	Soft tissue, head and neck, leptomeninx	Primary
GSM4181175	REFERENCE_SAMPLE 723	reference	Desmoid-type fibromatosis	methylation class desmoid-type fibromatosis	Desmoid	sarcoma	institutional_diagnosis	primary_tumor	Soft tissue, head and neck	Primary
GSM4181176	REFERENCE_SAMPLE 724	reference	Rhabdomyosarcoma (alveolar)	methylation class rhabdomyosarcoma (alveolar)	FP-RMS	sarcoma	methylation_class_alveolar	primary_tumor		Primary
GSM4181177	REFERENCE_SAMPLE 725	reference	Solitary fibrous tumour	methylation class solitary fibrous tumour	Solitary fibrous tumour	sarcoma	institutional_diagnosis	primary_tumor	Intracranial	Primary
GSM4181178	REFERENCE_SAMPLE 726	reference	Malignant tumour not otherwise specified	methylation class sarcoma (RMS-like)	Sarcoma NOS	sarcoma	institutional_diagnosis	primary_tumor	Intracranial	Primary
GSM4181179	REFERENCE_SAMPLE 727	reference	Chordoma	methylation class chordoma	Chordoma	sarcoma	institutional_diagnosis	primary_tumor	Bone, head and neck, skull base	Primary
GSM4181180	REFERENCE_SAMPLE 728	reference	Chondrosarcoma	methylation class chondrosarcoma (group B)	Chondrosarcoma	sarcoma	institutional_diagnosis	primary_tumor	Bone, spine	Primary
GSM4181181	REFERENCE_SAMPLE 729	reference	Chordoma	methylation class chordoma	Chordoma	sarcoma	institutional_diagnosis	primary_tumor	Bone, head and neck, skull base	Primary
GSM4181182	REFERENCE_SAMPLE 730	reference	Chordoma	methylation class chordoma	Chordoma	sarcoma	institutional_diagnosis	primary_tumor	Bone, head and neck, skull base	Primary
GSM4181183	REFERENCE_SAMPLE 731	reference	Chordoma	methylation class chordoma	Chordoma	sarcoma	institutional_diagnosis	primary_tumor	Bone, head and neck, skull base	Primary
GSM4181184	REFERENCE_SAMPLE 732	reference	Chondrosarcoma	methylation class chondrosarcoma (IDH group A)	Chondrosarcoma	sarcoma	institutional_diagnosis	primary_tumor	Bone, head and neck, skull base	Primary
GSM4181185	REFERENCE_SAMPLE 733	reference	Chondrosarcoma (mesenchymal)	methylation class chondrosarcoma (mesenchymal)	Chondrosarcoma	sarcoma	institutional_diagnosis	primary_tumor	Bone, spine	Primary
GSM4181186	REFERENCE_SAMPLE 734	reference	Chondrosarcoma	methylation class chondrosarcoma (group A)	Chondrosarcoma	sarcoma	institutional_diagnosis	primary_tumor	Bone, spine	Primary
GSM4181187	REFERENCE_SAMPLE 735	reference	Chondrosarcoma	methylation class chondrosarcoma (group A)	Chondrosarcoma	sarcoma	institutional_diagnosis	primary_tumor	Bone, spine	Primary
GSM4181188	REFERENCE_SAMPLE 736	reference	Chondrosarcoma	methylation class chondrosarcoma (group A)	Chondrosarcoma	sarcoma	institutional_diagnosis	primary_tumor	Bone, spine	Primary
GSM4181189	REFERENCE_SAMPLE 737	reference	Rhabdomyosarcoma (embryonal)	methylation class rhabdomyosarcoma (embryonal)	FN-RMS	sarcoma	methylation_class_embryonal	recurrence	Soft tissue, trunk, abdomen	Recurrence
GSM4181190	REFERENCE_SAMPLE 738	reference	Chondrosarcoma	methylation class chondrosarcoma (IDH group A)	Chondrosarcoma	sarcoma	institutional_diagnosis	primary_tumor	Bone, head and neck, skull base	Primary
GSM4181191	REFERENCE_SAMPLE 739	reference	Malignant peripheral nerve sheath tumour	methylation class sarcoma (MPNST-like)	MPNST	sarcoma	institutional_diagnosis	recurrence	Soft tissue, trunk, paraspinal	Recurrence
GSM4181192	REFERENCE_SAMPLE 740	reference	Desmoplastic small round cell tumour	methylation class desmoplastic small round cell tumour	DSRCT	sarcoma	institutional_diagnosis	primary_tumor	Soft tissue, trunk, thorax	Primary
GSM4181193	REFERENCE_SAMPLE 741	reference	Solitary fibrous tumour	methylation class solitary fibrous tumour	Solitary fibrous tumour	sarcoma	institutional_diagnosis	primary_tumor	Intracranial	Primary
GSM4181194	REFERENCE_SAMPLE 742	reference	Rhabdomyosarcoma (alveolar)	methylation class rhabdomyosarcoma (alveolar)	FP-RMS	sarcoma	methylation_class_alveolar	recurrence	Soft tissue, trunk, thoracic wall	Recurrence
GSM4181195	REFERENCE_SAMPLE 743	reference	Synovial sarcoma	methylation class synovial sarcoma	Synovial sarcoma	sarcoma	institutional_diagnosis	metastasis	Visceral, thorax, lung	Metastasis
GSM4181196	REFERENCE_SAMPLE 744	reference	Chordoma	methylation class chordoma	Chordoma	sarcoma	institutional_diagnosis	primary_tumor	Bone, head and neck, skull base	Primary
GSM4181197	REFERENCE_SAMPLE 745	reference	Malignant peripheral nerve sheath tumour	methylation class malignant peripheral nerve sheath tumour	MPNST	sarcoma	institutional_diagnosis	primary_tumor	Soft tissue, limbs, lower limbs, peroneal nerve	Primary
GSM4181198	REFERENCE_SAMPLE 746	reference	Malignant peripheral nerve sheath tumour	methylation class sarcoma (MPNST-like)	MPNST	sarcoma	institutional_diagnosis	primary_tumor	Soft tissue, trunk, paraspinal	Primary
GSM4181199	REFERENCE_SAMPLE 747	reference	Rhabdomyosarcoma (alveolar)	methylation class rhabdomyosarcoma (alveolar)	FP-RMS	sarcoma	methylation_class_alveolar	recurrence	Soft tissue, trunk, thorax, mediastinum	Recurrence
GSM4181200	REFERENCE_SAMPLE 748	reference	Solitary fibrous tumour	methylation class solitary fibrous tumour	Solitary fibrous tumour	sarcoma	institutional_diagnosis	primary_tumor	Soft tissue, trunk, thorax, spine	Primary
GSM4181201	REFERENCE_SAMPLE 749	reference	Chondrosarcoma	methylation class chondrosarcoma (IDH group A)	Chondrosarcoma	sarcoma	institutional_diagnosis	primary_tumor	Bone, head and neck, skull base	Primary
GSM4181202	REFERENCE_SAMPLE 750	reference	Chordoma	methylation class chordoma	Chordoma	sarcoma	institutional_diagnosis	recurrence	Bone, head and neck, skull base	Recurrence
GSM4181203	REFERENCE_SAMPLE 751	reference	Malignant peripheral nerve sheath tumour	methylation class malignant peripheral nerve sheath tumour	MPNST	sarcoma	institutional_diagnosis	primary_tumor		
GSM4181204	REFERENCE_SAMPLE 752	reference	Malignant peripheral nerve sheath tumour	methylation class sarcoma (MPNST-like)	MPNST	sarcoma	institutional_diagnosis	primary_tumor	Soft tissue, trunk, paraspinal	Primary
GSM4181205	REFERENCE_SAMPLE 753	reference	Malignant peripheral nerve sheath tumour	methylation class malignant peripheral nerve sheath tumour	MPNST	sarcoma	institutional_diagnosis	primary_tumor	Soft tissue, limbs, lower limbs, sciatic nerve	
GSM4181206	REFERENCE_SAMPLE 754	reference	Osteosarcoma (high-grade)	methylation class osteosarcoma (high grade)	Osteosarcoma	sarcoma	institutional_diagnosis	metastasis	Visceral, thorax, lung	Metastasis
GSM4181207	REFERENCE_SAMPLE 755	reference	Ewing´s sarcoma	methylation class Ewing´s sarcoma	Ewing	sarcoma	institutional_diagnosis	primary_tumor	Bone, spine	Primary
GSM4181208	REFERENCE_SAMPLE 756	reference	Chordoma	methylation class chordoma	Chordoma	sarcoma	institutional_diagnosis	primary_tumor	Bone, head and neck, skull base	Primary
GSM4181209	REFERENCE_SAMPLE 757	reference	Chordoma	methylation class chordoma	Chordoma	sarcoma	institutional_diagnosis	primary_tumor	Bone, head and neck, skull base	Primary
GSM4181210	REFERENCE_SAMPLE 758	reference	Chordoma	methylation class chordoma	Chordoma	sarcoma	institutional_diagnosis	primary_tumor	Bone, spine	Primary
GSM4181211	REFERENCE_SAMPLE 759	reference	Chordoma	methylation class chordoma	Chordoma	sarcoma	institutional_diagnosis	primary_tumor	Bone, head and neck, skull base	Primary
GSM4181212	REFERENCE_SAMPLE 760	reference	Chordoma	methylation class chordoma	Chordoma	sarcoma	institutional_diagnosis	primary_tumor	Bone, spine	Primary
GSM4181213	REFERENCE_SAMPLE 761	reference	Chordoma	methylation class chordoma	Chordoma	sarcoma	institutional_diagnosis	primary_tumor	Bone, pelvis	Primary
GSM4181214	REFERENCE_SAMPLE 762	reference	Chondrosarcoma	methylation class chondrosarcoma (IDH group A)	Chondrosarcoma	sarcoma	institutional_diagnosis	primary_tumor	Bone, head and neck, skull base	Primary
GSM4181215	REFERENCE_SAMPLE 763	reference	Chondrosarcoma	methylation class chondrosarcoma (IDH group A)	Chondrosarcoma	sarcoma	institutional_diagnosis	primary_tumor	Bone, head and neck, skull base	Primary
GSM4181216	REFERENCE_SAMPLE 764	reference	Neurofibroma	methylation class neurofibroma	Neurofibroma	benign	institutional_diagnosis	primary_tumor	Soft tissue, trunk, abdomen, abdominal wall, subcutis	Primary
GSM4181217	REFERENCE_SAMPLE 765	reference	Neurofibroma	methylation class neurofibroma	Neurofibroma	benign	institutional_diagnosis	primary_tumor	Soft tissue, subcutis	Primary
GSM4181218	REFERENCE_SAMPLE 766	reference	Neurofibroma	methylation class neurofibroma	Neurofibroma	benign	institutional_diagnosis	primary_tumor	Soft tissue, trunk, thorax, mamma, subcutis	Primary
GSM4181219	REFERENCE_SAMPLE 767	reference	Neurofibroma	methylation class neurofibroma	Neurofibroma	benign	institutional_diagnosis	primary_tumor	Soft tissue, limbs, upper limbs, hand, subcutis	Primary
GSM4181220	REFERENCE_SAMPLE 768	reference	Malignant peripheral nerve sheath tumour	methylation class malignant peripheral nerve sheath tumour	MPNST	sarcoma	institutional_diagnosis	primary_tumor	Soft tissue, peripheral nerve	Primary
GSM4181221	REFERENCE_SAMPLE 769	reference	Malignant peripheral nerve sheath tumour	methylation class malignant peripheral nerve sheath tumour	MPNST	sarcoma	institutional_diagnosis	primary_tumor	Soft tissue, limbs, lower limbs, thigh	Primary
GSM4181222	REFERENCE_SAMPLE 770	reference	Chondrosarcoma	methylation class chondrosarcoma (IDH group A)	Chondrosarcoma	sarcoma	institutional_diagnosis	primary_tumor	Bone, head and neck, skull base	Primary
GSM4181223	REFERENCE_SAMPLE 771	reference	Chondrosarcoma	methylation class chondrosarcoma (group B)	Chondrosarcoma	sarcoma	institutional_diagnosis	recurrence	Bone, head and neck, skull base	Recurrence
GSM4181224	REFERENCE_SAMPLE 772	reference	Neurofibroma (plexiform)	methylation class neurofibroma (plexiform)	Neurofibroma	benign	institutional_diagnosis	primary_tumor	Soft tissue, head and neck, orbit	Primary
GSM4181225	REFERENCE_SAMPLE 773	reference	Neurofibroma (plexiform)	methylation class neurofibroma (plexiform)	Neurofibroma	benign	institutional_diagnosis	primary_tumor	Soft tissue, head and neck, orbit	Primary
GSM4181226	REFERENCE_SAMPLE 774	reference	Malignant peripheral nerve sheath tumour	methylation class malignant peripheral nerve sheath tumour	MPNST	sarcoma	institutional_diagnosis	primary_tumor	Soft tissue, trunk, spinal nerve	
GSM4181227	REFERENCE_SAMPLE 775	reference	Neurofibroma (plexiform)	methylation class neurofibroma (plexiform)	Neurofibroma	benign	institutional_diagnosis	primary_tumor	Soft tissue, trunk, back, subcutis	Primary
GSM4181228	REFERENCE_SAMPLE 776	reference	Rhabdomyosarcoma (alveolar)	methylation class rhabdomyosarcoma (alveolar)	FP-RMS	sarcoma	methylation_class_alveolar	primary_tumor	Soft tisse, trunk, thorax, paraspinal	Primary
GSM4181229	REFERENCE_SAMPLE 777	reference	Synovial sarcoma	methylation class synovial sarcoma	Synovial sarcoma	sarcoma	institutional_diagnosis	primary_tumor	Soft tissue, limbs, upper limbs, shoulder girdle	Primary
GSM4181230	REFERENCE_SAMPLE 778	reference	Schwannoma	methylation class schwannoma	Schwannoma	benign	institutional_diagnosis	primary_tumor	Soft tissue, limbs, upper limbs, axilla, peripheral nerve	Primary
GSM4181231	REFERENCE_SAMPLE 779	reference	Neurofibroma (plexiform)	methylation class neurofibroma (plexiform)	Neurofibroma	benign	institutional_diagnosis	primary_tumor	Soft tissue, trunk, paraspinal	Primary
GSM4181232	REFERENCE_SAMPLE 780	reference	Neurofibroma (plexiform)	methylation class neurofibroma (plexiform)	Neurofibroma	benign	institutional_diagnosis	primary_tumor	Soft tissue, head and neck, occipital	Primary
GSM4181233	REFERENCE_SAMPLE 781	reference	Neurofibroma (plexiform)	methylation class neurofibroma (plexiform)	Neurofibroma	benign	institutional_diagnosis	primary_tumor	Soft tissue, limbs, lower limbs, leg, sural nerve	Primary
GSM4181234	REFERENCE_SAMPLE 782	reference	Neurofibroma (plexiform)	methylation class neurofibroma (plexiform)	Neurofibroma	benign	institutional_diagnosis	primary_tumor	Soft tissue, head and neck, subcutis	Primary
GSM4181235	REFERENCE_SAMPLE 783	reference	Malignant peripheral nerve sheath tumour	methylation class sarcoma (MPNST-like)	MPNST	sarcoma	institutional_diagnosis	recurrence	Soft tissue, trunk, paraspinal	Recurrence
GSM4181236	REFERENCE_SAMPLE 784	reference	Malignant peripheral nerve sheath tumour	methylation class malignant peripheral nerve sheath tumour	MPNST	sarcoma	institutional_diagnosis	primary_tumor	Soft tissue, limbs, lower limbs, sciatic nerve	Primary
GSM4181237	REFERENCE_SAMPLE 785	reference	Malignant peripheral nerve sheath tumour	methylation class malignant peripheral nerve sheath tumour	MPNST	sarcoma	institutional_diagnosis	recurrence	Soft tissue, trunk, abdomen, retroperitoneum	Recurrence
GSM4181238	REFERENCE_SAMPLE 786	reference	Malignant peripheral nerve sheath tumour	methylation class malignant peripheral nerve sheath tumour	MPNST	sarcoma	institutional_diagnosis	primary_tumor	Soft tissue, trunk, abdomen, retroperitoneum	Primary
GSM4181239	REFERENCE_SAMPLE 787	reference	Malignant peripheral nerve sheath tumour	methylation class malignant peripheral nerve sheath tumour	MPNST	sarcoma	institutional_diagnosis	primary_tumor	Soft tissue, limbs, upper limbs, brachial plexus	Primary
GSM4181240	REFERENCE_SAMPLE 788	reference	Ewing´s sarcoma	methylation class Ewing´s sarcoma	Ewing	sarcoma	institutional_diagnosis	primary_tumor	Bone, spine	Primary
GSM4181241	REFERENCE_SAMPLE 789	reference	Schwannoma	methylation class schwannoma	Schwannoma	benign	institutional_diagnosis	primary_tumor	Soft tissue, spine, peripheral nerve	Primary
GSM4181242	REFERENCE_SAMPLE 790	reference	Schwannoma	methylation class schwannoma	Schwannoma	benign	institutional_diagnosis	primary_tumor	Soft tissue, head and neck, orbit, peripheral nerve	Primary
GSM4181243	REFERENCE_SAMPLE 791	reference	Schwannoma	methylation class schwannoma	Schwannoma	benign	institutional_diagnosis	primary_tumor	Soft tissue, limbs, upper limbs, ulnar nerve	Primary
GSM4181244	REFERENCE_SAMPLE 792	reference	Schwannoma	methylation class schwannoma	Schwannoma	benign	institutional_diagnosis	primary_tumor	Soft tissue, limbs, upper limbs, median nerve	Primary
GSM4181245	REFERENCE_SAMPLE 793	reference	Schwannoma	methylation class schwannoma	Schwannoma	benign	institutional_diagnosis	primary_tumor	Intracranial, infratentorial, cerebellopontine angle, cranial nerve VIII	Primary
GSM4181246	REFERENCE_SAMPLE 794	reference	Schwannoma	methylation class schwannoma	Schwannoma	benign	institutional_diagnosis	primary_tumor	Soft tissue, limbs, upper limbs, hand	Primary
GSM4181247	REFERENCE_SAMPLE 795	reference	Malignant peripheral nerve sheath tumour	methylation class malignant peripheral nerve sheath tumour	MPNST	sarcoma	institutional_diagnosis	primary_tumor	Soft tissue, trunk, pelvis	Primary
GSM4181248	REFERENCE_SAMPLE 796	reference	Malignant peripheral nerve sheath tumour	methylation class malignant peripheral nerve sheath tumour	MPNST	sarcoma	institutional_diagnosis	primary_tumor	Soft tissue, limbs, lower limbs, femoral nerve	Primary
GSM4181249	REFERENCE_SAMPLE 797	reference	Solitary fibrous tumour	methylation class solitary fibrous tumour	Solitary fibrous tumour	sarcoma	institutional_diagnosis	recurrence	Intracranial	Recurrence
GSM4181250	REFERENCE_SAMPLE 798	reference	Solitary fibrous tumour	methylation class solitary fibrous tumour	Solitary fibrous tumour	sarcoma	institutional_diagnosis	primary_tumor	Intracranial	Primary
GSM4181251	REFERENCE_SAMPLE 799	reference	Malignant peripheral nerve sheath tumour	methylation class malignant peripheral nerve sheath tumour	MPNST	sarcoma	institutional_diagnosis	primary_tumor	Soft tissue, limbs, lower limbs, sciatic nerve	Primary
GSM4181252	REFERENCE_SAMPLE 800	reference	Schwannoma	methylation class schwannoma	Schwannoma	benign	institutional_diagnosis	primary_tumor	Intracranial, infratentorial, cerebellopontine angle, cranial nerve VIII	Primary
GSM4181253	REFERENCE_SAMPLE 801	reference	Schwannoma	methylation class schwannoma	Schwannoma	benign	institutional_diagnosis	primary_tumor	Intracranial, infratentorial, cerebellopontine angle, cranial nerve VIII	Primary
GSM4181254	REFERENCE_SAMPLE 802	reference	Schwannoma	methylation class schwannoma	Schwannoma	benign	institutional_diagnosis	primary_tumor	Soft tissue, trunk, thorax, peripheral nerve	Primary
GSM4181255	REFERENCE_SAMPLE 803	reference	Schwannoma	methylation class schwannoma	Schwannoma	benign	institutional_diagnosis	primary_tumor	Soft tissue, spine, peripheral nerve	Primary
GSM4181256	REFERENCE_SAMPLE 804	reference	Schwannoma	methylation class schwannoma	Schwannoma	benign	institutional_diagnosis	primary_tumor	Intracranial, infratentorial, cerebellopontine angle, cranial nerve VIII	Primary
GSM4181257	REFERENCE_SAMPLE 805	reference	Schwannoma	methylation class schwannoma	Schwannoma	benign	institutional_diagnosis	primary_tumor	Intracranial, infratentorial, cerebellopontine angle, cranial nerve VIII	Primary
GSM4181258	REFERENCE_SAMPLE 806	reference	Schwannoma	methylation class schwannoma	Schwannoma	benign	institutional_diagnosis	primary_tumor	Soft tissue, peripheral nerve	Primary
GSM4181259	REFERENCE_SAMPLE 807	reference	Schwannoma	methylation class schwannoma	Schwannoma	benign	institutional_diagnosis	primary_tumor	Intracranial, infratentorial, cerebellopontine angle, cranial nerve VIII	Primary
GSM4181260	REFERENCE_SAMPLE 808	reference	Malignant peripheral nerve sheath tumour	methylation class sarcoma (MPNST-like)	MPNST	sarcoma	institutional_diagnosis	primary_tumor	Soft tissue, trunk, paraspinal	Primary
GSM4181261	REFERENCE_SAMPLE 809	reference	Malignant peripheral nerve sheath tumour	methylation class malignant peripheral nerve sheath tumour	MPNST	sarcoma	institutional_diagnosis	primary_tumor	Soft tissue, limbs, lower limbs, sciatic nerve	Primary
GSM4181262	REFERENCE_SAMPLE 810	reference	Schwannoma	methylation class schwannoma	Schwannoma	benign	institutional_diagnosis	primary_tumor	Soft tissue, limbs, upper limbs, median nerve	Primary
GSM4181263	REFERENCE_SAMPLE 811	reference	Schwannoma	methylation class schwannoma	Schwannoma	benign	institutional_diagnosis	primary_tumor	Intracranial, infratentorial, cerebellopontine angle, cranial nerve VIII	Primary
GSM4181264	REFERENCE_SAMPLE 812	reference	Neurofibroma	methylation class neurofibroma	Neurofibroma	benign	institutional_diagnosis	primary_tumor	Soft tissue, subcutis	
GSM4181265	REFERENCE_SAMPLE 813	reference	Neurofibroma	methylation class neurofibroma	Neurofibroma	benign	institutional_diagnosis	primary_tumor	Soft tissue, subcutis	
GSM4181266	REFERENCE_SAMPLE 814	reference	Solitary fibrous tumour	methylation class solitary fibrous tumour	Solitary fibrous tumour	sarcoma	institutional_diagnosis	primary_tumor	Soft tissue, head and neck, leptomeninx	Primary
GSM4181267	REFERENCE_SAMPLE 815	reference	Chondrosarcoma	methylation class chondrosarcoma (IDH group A)	Chondrosarcoma	sarcoma	institutional_diagnosis	primary_tumor	Bone, head and neck, skull base	Primary
GSM4181268	REFERENCE_SAMPLE 816	reference	Solitary fibrous tumour	methylation class solitary fibrous tumour	Solitary fibrous tumour	sarcoma	institutional_diagnosis	recurrence	Soft tissue, head and neck, leptomeninx	Recurrence
GSM4181269	REFERENCE_SAMPLE 817	reference	Schwannoma	methylation class schwannoma	Schwannoma	benign	institutional_diagnosis	primary_tumor	Soft tissue, spine, peripheral nerve	Primary
GSM4181270	REFERENCE_SAMPLE 818	reference	Schwannoma	methylation class schwannoma	Schwannoma	benign	institutional_diagnosis	primary_tumor	Soft tissue, spine, peripheral nerve	Primary
GSM4181271	REFERENCE_SAMPLE 819	reference	Schwannoma	methylation class schwannoma	Schwannoma	benign	institutional_diagnosis	primary_tumor	Soft tissue, limbs, upper limbs, ulnar nerve	Primary
GSM4181272	REFERENCE_SAMPLE 820	reference	Schwannoma	methylation class schwannoma	Schwannoma	benign	institutional_diagnosis	primary_tumor	Intracranial, infratentorial, cerebellopontine angle, cranial nerve VIII	Primary
GSM4181273	REFERENCE_SAMPLE 821	reference	Schwannoma	methylation class schwannoma	Schwannoma	benign	institutional_diagnosis	primary_tumor	Soft tissue, spine, peripheral nerve	Primary
GSM4181274	REFERENCE_SAMPLE 822	reference	Schwannoma	methylation class schwannoma	Schwannoma	benign	institutional_diagnosis	primary_tumor	Soft tissue, limbs, lower limbs, peroneal nerve	Primary
GSM4181275	REFERENCE_SAMPLE 823	reference	Schwannoma	methylation class schwannoma	Schwannoma	benign	institutional_diagnosis	primary_tumor	Soft tissue, spine, peripheral nerve	Primary
GSM4181276	REFERENCE_SAMPLE 824	reference	Chondrosarcoma	methylation class chondrosarcoma (group B)	Chondrosarcoma	sarcoma	institutional_diagnosis	primary_tumor	Bone, head and neck, skull base	Primary
GSM4181277	REFERENCE_SAMPLE 825	reference	Neurofibroma	methylation class neurofibroma	Neurofibroma	benign	institutional_diagnosis	primary_tumor	Soft tissue, head and neck, occipital subcutis	Primary
GSM4181278	REFERENCE_SAMPLE 826	reference	Chordoma	methylation class chordoma	Chordoma	sarcoma	institutional_diagnosis	primary_tumor	Bone, head and neck, skull base	Primary
GSM4181279	REFERENCE_SAMPLE 827	reference	Neurofibroma	methylation class neurofibroma	Neurofibroma	benign	institutional_diagnosis	primary_tumor	Soft tissue, subcutis	
GSM4181280	REFERENCE_SAMPLE 828	reference	Neurofibroma	methylation class neurofibroma	Neurofibroma	benign	institutional_diagnosis	primary_tumor	Soft tissue, subcutis	
GSM4181281	REFERENCE_SAMPLE 829	reference	Sarcoma not otherwise specified	methylation class sarcoma (RMS-like)	Sarcoma NOS	sarcoma	institutional_diagnosis	primary_tumor	Intracranial	Primary
GSM4181282	REFERENCE_SAMPLE 830	reference	Malignant rhabdoid tumour	methylation class malignant rhabdoid tumour	Rhabdoid tumor/ATRT	sarcoma	institutional_diagnosis	primary_tumor	Visceral, abdomen, kidney	Primary
GSM4181283	REFERENCE_SAMPLE 831	reference	Angiosarcoma	methylation class angiosarcoma	Angiosarcoma	sarcoma	institutional_diagnosis	primary_tumor	Soft tissue, limbs, lower limbs, thigh	Primary
GSM4181284	REFERENCE_SAMPLE 832	reference	Angiosarcoma	methylation class angiosarcoma	Angiosarcoma	sarcoma	institutional_diagnosis	primary_tumor	Soft tissue, trunk, thorax, mamma	Primary
GSM4181285	REFERENCE_SAMPLE 833	reference	Angiosarcoma	methylation class angiosarcoma	Angiosarcoma	sarcoma	institutional_diagnosis	primary_tumor	Soft tissue, trunk, thorax, mamma	Primary
GSM4181286	REFERENCE_SAMPLE 834	reference	Angiosarcoma	methylation class angiosarcoma	Angiosarcoma	sarcoma	institutional_diagnosis	primary_tumor	Soft tissue, trunk, thoracic wall	Primary
GSM4181287	REFERENCE_SAMPLE 835	reference	Angiosarcoma	methylation class angiosarcoma	Angiosarcoma	sarcoma	institutional_diagnosis	primary_tumor	Soft tissue, trunk, thorax, mamma	Primary
GSM4181288	REFERENCE_SAMPLE 836	reference	Rhabdomyosarcoma (alveolar)	methylation class rhabdomyosarcoma (alveolar)	FP-RMS	sarcoma	methylation_class_alveolar	recurrence	Soft tissue, head and neck, neck, lymph node	Recurrence
GSM4181289	REFERENCE_SAMPLE 837	reference	Sarcoma not otherwise specified	methylation class sarcoma (RMS-like)	Sarcoma NOS	sarcoma	institutional_diagnosis	primary_tumor	Intracranial	Primary
GSM4181290	REFERENCE_SAMPLE 838	reference	Angiosarcoma	methylation class angiosarcoma	Angiosarcoma	sarcoma	institutional_diagnosis	primary_tumor	Soft tissue, trunk, thorax, mamma	Primary
GSM4181291	REFERENCE_SAMPLE 839	reference	Angiosarcoma	methylation class angiosarcoma	Angiosarcoma	sarcoma	institutional_diagnosis	primary_tumor	Soft tissue, trunk, thorax, mamma	Primary
GSM4181292	REFERENCE_SAMPLE 840	reference	Angiosarcoma	methylation class angiosarcoma	Angiosarcoma	sarcoma	institutional_diagnosis	primary_tumor	Soft tissue, trunk, thorax, mamma	Primary
GSM4181293	REFERENCE_SAMPLE 841	reference	Malignant peripheral nerve sheath tumour	methylation class malignant peripheral nerve sheath tumour	MPNST	sarcoma	institutional_diagnosis	primary_tumor		
GSM4181294	REFERENCE_SAMPLE 842	reference	Rhabdomyosarcoma (embryonal)	methylation class rhabdomyosarcoma (embryonal)	FN-RMS	sarcoma	methylation_class_embryonal	primary_tumor	Soft tissue, trunk, retroperitoneum	Primary
GSM4181295	REFERENCE_SAMPLE 843	reference	Sarcoma not otherwise specified	methylation class sarcoma (RMS-like)	Sarcoma NOS	sarcoma	institutional_diagnosis	primary_tumor	Intracranial	Primary
GSM4181296	REFERENCE_SAMPLE 844	reference	Angiosarcoma	methylation class angiosarcoma	Angiosarcoma	sarcoma	institutional_diagnosis	metastasis	Soft tissue, trunk, abdomen	Metastasis
GSM4181297	REFERENCE_SAMPLE 845	reference	Angiosarcoma	methylation class angiosarcoma	Angiosarcoma	sarcoma	institutional_diagnosis	primary_tumor	Skin, head	Primary
GSM4181298	REFERENCE_SAMPLE 846	reference	Angiosarcoma	methylation class angiosarcoma	Angiosarcoma	sarcoma	institutional_diagnosis	primary_tumor	Soft tissue, trunk, thorax, mamma	Primary
GSM4181299	REFERENCE_SAMPLE 847	reference	Malignant peripheral nerve sheath tumour	methylation class malignant peripheral nerve sheath tumour	MPNST	sarcoma	institutional_diagnosis	primary_tumor		
GSM4181300	REFERENCE_SAMPLE 848	reference	Malignant peripheral nerve sheath tumour	methylation class malignant peripheral nerve sheath tumour	MPNST	sarcoma	institutional_diagnosis	recurrence	Soft tissue, trunk, pelvis	Recurrence
GSM4181301	REFERENCE_SAMPLE 849	reference	Alveolar soft part sarcoma	methylation class alveolar soft part sarcoma	ASPS	sarcoma	institutional_diagnosis	primary_tumor	Visceral, thorax, lung	Primary
GSM4181302	REFERENCE_SAMPLE 850	reference	Synovial sarcoma	methylation class synovial sarcoma	Synovial sarcoma	sarcoma	institutional_diagnosis	metastasis		Metastasis
GSM4181303	REFERENCE_SAMPLE 851	reference	Angiosarcoma	methylation class angiosarcoma	Angiosarcoma	sarcoma	institutional_diagnosis	primary_tumor	Soft tissue, trunk, thorax, mamma	Primary
GSM4181304	REFERENCE_SAMPLE 852	reference	Small blue round cell tumour with BCOR alteration	methylation class small blue round cell tumour with BCOR alteration	BCOR-sarcoma	sarcoma	institutional_diagnosis	recurrence	Bone, pelvis, os sacrum	Recurrence
GSM4181305	REFERENCE_SAMPLE 853	reference	Angiosarcoma	methylation class angiosarcoma	Angiosarcoma	sarcoma	institutional_diagnosis	primary_tumor	Visceral, abdomen, kidney	Primary
GSM4181306	REFERENCE_SAMPLE 854	reference	Osteosarcoma (high-grade)	methylation class osteosarcoma (high grade)	Osteosarcoma	sarcoma	institutional_diagnosis	primary_tumor	Bone, limbs, upper limbs, humerus	Primary
GSM4181307	REFERENCE_SAMPLE 855	reference	Desmoplastic small round cell tumour	methylation class desmoplastic small round cell tumour	DSRCT	sarcoma	institutional_diagnosis	primary_tumor	Soft tissue,trunk, abdomen	Primary
GSM4181308	REFERENCE_SAMPLE 856	reference	Sarcoma not otherwise specified	methylation class sarcoma (RMS-like)	Sarcoma NOS	sarcoma	institutional_diagnosis	primary_tumor	Intracranial	Primary
GSM4181309	REFERENCE_SAMPLE 857	reference	Osteosarcoma (high-grade)	methylation class osteosarcoma (high grade)	Osteosarcoma	sarcoma	institutional_diagnosis	primary_tumor	Bone, limbs, lower limbs, femur	Primary
GSM4181310	REFERENCE_SAMPLE 858	reference	Gastroinstestinal stromal tumour	methylation class gastrointestinal stromal tumour	GIST	sarcoma	institutional_diagnosis	primary_tumor	Visceral, abdomen, stomach	Primary
GSM4181311	REFERENCE_SAMPLE 859	reference	Gastroinstestinal stromal tumour	methylation class gastrointestinal stromal tumour	GIST	sarcoma	institutional_diagnosis	primary_tumor	Visceral, abdomen, stomach	Primary
GSM4181312	REFERENCE_SAMPLE 860	reference	Synovial sarcoma	methylation class synovial sarcoma	Synovial sarcoma	sarcoma	institutional_diagnosis	primary_tumor	Bone, limbs, lower limbs, femur	
GSM4181313	REFERENCE_SAMPLE 861	reference	Rhabdomyosarcoma (alveolar)	methylation class rhabdomyosarcoma (alveolar)	FP-RMS	sarcoma	methylation_class_alveolar	recurrence	Visceral, thorax, pleura	Recurrence
GSM4181314	REFERENCE_SAMPLE 862	reference	Sarcoma not otherwise specified	methylation class sarcoma (RMS-like)	Sarcoma NOS	sarcoma	institutional_diagnosis	primary_tumor	Intracranial	Primary
GSM4181315	REFERENCE_SAMPLE 863	reference	Malignant peripheral nerve sheath tumour	methylation class malignant peripheral nerve sheath tumour	MPNST	sarcoma	institutional_diagnosis	primary_tumor		
GSM4181316	REFERENCE_SAMPLE 864	reference	Chondrosarcoma	methylation class chondrosarcoma (IDH group A)	Chondrosarcoma	sarcoma	institutional_diagnosis	primary_tumor	Bone, head and neck, skull base	Primary
GSM4181317	REFERENCE_SAMPLE 865	reference	Synovial sarcoma	methylation class synovial sarcoma	Synovial sarcoma	sarcoma	institutional_diagnosis	metastasis	Visceral, thorax, lung	Metastasis
GSM4181318	REFERENCE_SAMPLE 866	reference	Gastroinstestinal stromal tumour	methylation class gastrointestinal stromal tumour	GIST	sarcoma	institutional_diagnosis	primary_tumor	Visceral, abdomen, sigma	Primary
GSM4181319	REFERENCE_SAMPLE 867	reference	Rhabdomyosarcoma (embryonal)	methylation class rhabdomyosarcoma (embryonal)	FN-RMS	sarcoma	methylation_class_embryonal	primary_tumor	Soft tissue, trunk, pelvis	Primary
GSM4181320	REFERENCE_SAMPLE 868	reference	Angiosarcoma	methylation class angiosarcoma	Angiosarcoma	sarcoma	institutional_diagnosis	primary_tumor	Skin, head	Primary
GSM4181321	REFERENCE_SAMPLE 869	reference	Osteosarcoma (high-grade)	methylation class osteosarcoma (high grade)	Osteosarcoma	sarcoma	institutional_diagnosis	metastasis	Visceral, thorax, lung	Metastasis
GSM4181322	REFERENCE_SAMPLE 870	reference	Synovial sarcoma	methylation class synovial sarcoma	Synovial sarcoma	sarcoma	institutional_diagnosis	primary_tumor	Visceral, head, parotis	Primary
GSM4181323	REFERENCE_SAMPLE 871	reference	Angiosarcoma	methylation class angiosarcoma	Angiosarcoma	sarcoma	institutional_diagnosis	primary_tumor	Skin, head	Primary
GSM4181324	REFERENCE_SAMPLE 872	reference	Dermatofibrosarcoma protuberans	methylation class dermatofibrosarcoma protuberans	DFSP	sarcoma	institutional_diagnosis	primary_tumor	Soft tissue, subcutis, labie	Primary
GSM4181325	REFERENCE_SAMPLE 873	reference	Angiosarcoma	methylation class angiosarcoma	Angiosarcoma	sarcoma	institutional_diagnosis	primary_tumor	Visceral, abdomen, liver	Primary
GSM4181326	REFERENCE_SAMPLE 874	reference	Chordoma	methylation class chordoma	Chordoma	sarcoma	institutional_diagnosis	primary_tumor	Bone, head and neck, skull base	
GSM4181327	REFERENCE_SAMPLE 875	reference	Gastroinstestinal stromal tumour	methylation class gastrointestinal stromal tumour	GIST	sarcoma	institutional_diagnosis	primary_tumor	Visceral, abdomen, stomach	Primary
GSM4181328	REFERENCE_SAMPLE 876	reference	Angiosarcoma	methylation class angiosarcoma	Angiosarcoma	sarcoma	institutional_diagnosis	primary_tumor	Skin, head	Primary
GSM4181329	REFERENCE_SAMPLE 877	reference	Gastroinstestinal stromal tumour	methylation class gastrointestinal stromal tumour	GIST	sarcoma	institutional_diagnosis	primary_tumor	Visceral, abdomen, rectum	Primary
GSM4181330	REFERENCE_SAMPLE 878	reference	Langerhans cell histiocytosis	methylation class Langerhans cell histiocytosis	Langerhans cell histiocytosis	nonsarcoma	institutional_diagnosis	primary_tumor	Bone, head and neck, skull	Primary
GSM4181331	REFERENCE_SAMPLE 879	reference	Angiosarcoma	methylation class angiosarcoma	Angiosarcoma	sarcoma	institutional_diagnosis	recurrence	Soft tissue, trunk, thorax, mamma	Recurrence
GSM4181332	REFERENCE_SAMPLE 880	reference	Langerhans cell histiocytosis	methylation class Langerhans cell histiocytosis	Langerhans cell histiocytosis	nonsarcoma	institutional_diagnosis	primary_tumor	Bone, head and neck, skull	Primary
GSM4181333	REFERENCE_SAMPLE 881	reference	Angiosarcoma	methylation class angiosarcoma	Angiosarcoma	sarcoma	institutional_diagnosis	primary_tumor	Skin, head	Primary
GSM4181334	REFERENCE_SAMPLE 882	reference	Angiosarcoma	methylation class angiosarcoma	Angiosarcoma	sarcoma	institutional_diagnosis	primary_tumor	Skin, head	Primary
GSM4181335	REFERENCE_SAMPLE 883	reference	Rhabdomyosarcoma (embryonal)	methylation class rhabdomyosarcoma (embryonal)	FN-RMS	sarcoma	methylation_class_embryonal	metastasis	Visceral, abdomen, small intestine	Metastasis
GSM4181336	REFERENCE_SAMPLE 884	reference	Synovial sarcoma	methylation class synovial sarcoma	Synovial sarcoma	sarcoma	institutional_diagnosis	recurrence	Intracranial	Recurrence
GSM4181337	REFERENCE_SAMPLE 885	reference	Gastroinstestinal stromal tumour	methylation class gastrointestinal stromal tumour	GIST	sarcoma	institutional_diagnosis	primary_tumor	Visceral, abdomen, stomach	Primary
GSM4181338	REFERENCE_SAMPLE 886	reference	Infantile fibrosarcoma	methylation class infantile fibrosarcoma	Infantile fibrosarcoma	sarcoma	institutional_diagnosis	primary_tumor	Soft tissue, limbs, upper limbs, forearm	Primary
GSM4181339	REFERENCE_SAMPLE 887	reference	Langerhans cell histiocytosis	methylation class Langerhans cell histiocytosis	Langerhans cell histiocytosis	nonsarcoma	institutional_diagnosis	primary_tumor	Bone, head and neck, skull	Primary
GSM4181340	REFERENCE_SAMPLE 888	reference	Gastroinstestinal stromal tumour	methylation class gastrointestinal stromal tumour	GIST	sarcoma	institutional_diagnosis	primary_tumor	Visceral, abdomen, stomach	Primary
GSM4181341	REFERENCE_SAMPLE 889	reference	Gastroinstestinal stromal tumour	methylation class gastrointestinal stromal tumour	GIST	sarcoma	institutional_diagnosis	primary_tumor	Visceral, abdomen, stomach	Primary
GSM4181342	REFERENCE_SAMPLE 890	reference	Angiosarcoma	methylation class angiosarcoma	Angiosarcoma	sarcoma	institutional_diagnosis	primary_tumor	Skin, head	Primary
GSM4181343	REFERENCE_SAMPLE 891	reference	Langerhans cell histiocytosis	methylation class Langerhans cell histiocytosis	Langerhans cell histiocytosis	nonsarcoma	institutional_diagnosis	primary_tumor	Bone, head and neck, skull	Primary
GSM4181344	REFERENCE_SAMPLE 892	reference	Sarcoma not otherwise specified	methylation class sarcoma (RMS-like)	Sarcoma NOS	sarcoma	institutional_diagnosis	primary_tumor	Intracranial	Primary
GSM4181345	REFERENCE_SAMPLE 893	reference	Synovial sarcoma	methylation class synovial sarcoma	Synovial sarcoma	sarcoma	institutional_diagnosis	metastasis	Visceral, thorax, lung	Metastasis
GSM4181346	REFERENCE_SAMPLE 894	reference	Langerhans cell histiocytosis	methylation class Langerhans cell histiocytosis	Langerhans cell histiocytosis	nonsarcoma	institutional_diagnosis	primary_tumor	Bone, head and neck, skull	Primary
GSM4181347	REFERENCE_SAMPLE 895	reference	Malignant peripheral nerve sheath tumour	methylation class malignant peripheral nerve sheath tumour	MPNST	sarcoma	institutional_diagnosis	primary_tumor		
GSM4181348	REFERENCE_SAMPLE 896	reference	Angiosarcoma	methylation class angiosarcoma	Angiosarcoma	sarcoma	institutional_diagnosis	primary_tumor	Soft tissue, trunk, thorax, mamma	Primary
GSM4181349	REFERENCE_SAMPLE 897	reference	Small blue round cell tumour with CIC alteration	methylation class small blue round cell tumour with CIC alteration	CIC-DUX4	sarcoma	institutional_diagnosis	recurrence	Visceral, thorax, pleura	Recurrence
GSM4181350	REFERENCE_SAMPLE 898	reference	Malignant peripheral nerve sheath tumour	methylation class malignant peripheral nerve sheath tumour	MPNST	sarcoma	institutional_diagnosis	primary_tumor		
GSM4181351	REFERENCE_SAMPLE 899	reference	Gastroinstestinal stromal tumour	methylation class gastrointestinal stromal tumour	GIST	sarcoma	institutional_diagnosis	primary_tumor	Visceral, abdomen, small intestine	Primary
GSM4181352	REFERENCE_SAMPLE 900	reference	Langerhans cell histiocytosis	methylation class Langerhans cell histiocytosis	Langerhans cell histiocytosis	nonsarcoma	institutional_diagnosis	primary_tumor	Bone, head and neck, skull	Primary
GSM4181353	REFERENCE_SAMPLE 901	reference	Langerhans cell histiocytosis	methylation class Langerhans cell histiocytosis	Langerhans cell histiocytosis	nonsarcoma	institutional_diagnosis	primary_tumor	Bone, spine	Primary
GSM4181354	REFERENCE_SAMPLE 902	reference	Angiosarcoma	methylation class angiosarcoma	Angiosarcoma	sarcoma	institutional_diagnosis	primary_tumor	Skin, head	Primary
GSM4181355	REFERENCE_SAMPLE 903	reference	Langerhans cell histiocytosis	methylation class Langerhans cell histiocytosis	Langerhans cell histiocytosis	nonsarcoma	institutional_diagnosis	primary_tumor	Bone, head and neck, skull	Primary
GSM4181356	REFERENCE_SAMPLE 904	reference	Synovial sarcoma	methylation class synovial sarcoma	Synovial sarcoma	sarcoma	institutional_diagnosis	primary_tumor	Bone, pelvis, os sacrum	Primary
GSM4181357	REFERENCE_SAMPLE 905	reference	Myxoid liposarcoma	methylation class myxoid liposarcoma	Liposarcoma-myxoid	sarcoma	institutional_diagnosis	primary_tumor	Soft tissue, limbs, lower limbs, thigh	Primary
GSM4181358	REFERENCE_SAMPLE 906	reference	Langerhans cell histiocytosis	methylation class Langerhans cell histiocytosis	Langerhans cell histiocytosis	nonsarcoma	institutional_diagnosis	primary_tumor	Bone, head and neck, skull	Primary
GSM4181359	REFERENCE_SAMPLE 907	reference	Gastroinstestinal stromal tumour	methylation class gastrointestinal stromal tumour	GIST	sarcoma	institutional_diagnosis	primary_tumor	Visceral, abdomen, small intestine	Primary
GSM4181360	REFERENCE_SAMPLE 908	reference	Dermatofibrosarcoma protuberans	methylation class dermatofibrosarcoma protuberans	DFSP	sarcoma	institutional_diagnosis	primary_tumor	Soft tissue, limbs, lower limbs, subcutis	Primary
GSM4181361	REFERENCE_SAMPLE 909	reference	Myxoid liposarcoma	methylation class myxoid liposarcoma	Liposarcoma-myxoid	sarcoma	institutional_diagnosis	primary_tumor	Soft tissue, limbs, lower limbs, thigh	Primary
GSM4181362	REFERENCE_SAMPLE 910	reference	Langerhans cell histiocytosis	methylation class Langerhans cell histiocytosis	Langerhans cell histiocytosis	nonsarcoma	institutional_diagnosis	primary_tumor	Bone, head and neck, skull	Primary
GSM4181363	REFERENCE_SAMPLE 911	reference	Synovial sarcoma	methylation class synovial sarcoma	Synovial sarcoma	sarcoma	institutional_diagnosis	primary_tumor	Soft tissue, trunk, abdomen, groin	Primary
GSM4181364	REFERENCE_SAMPLE 912	reference	Malignant peripheral nerve sheath tumour	methylation class malignant peripheral nerve sheath tumour	MPNST	sarcoma	institutional_diagnosis	primary_tumor		
GSM4181365	REFERENCE_SAMPLE 913	reference	Angiosarcoma	methylation class angiosarcoma	Angiosarcoma	sarcoma	institutional_diagnosis	primary_tumor	Soft tissue, trunk, thorax, mamma	Primary
GSM4181366	REFERENCE_SAMPLE 914	reference	Embryonal rhabdomyosarcoma	methylation class sarcoma (RMS-like)	FN-RMS	sarcoma	histology_embryonal	primary_tumor	Intracranial	Primary
GSM4181367	REFERENCE_SAMPLE 915	reference	Angiosarcoma	methylation class angiosarcoma	Angiosarcoma	sarcoma	institutional_diagnosis	primary_tumor	Soft tissue, trunk, thorax, mamma	Primary
GSM4181368	REFERENCE_SAMPLE 916	reference	Angiosarcoma	methylation class angiosarcoma	Angiosarcoma	sarcoma	institutional_diagnosis	primary_tumor	Soft tissue, trunk, thorax, mamma	Primary
GSM4181369	REFERENCE_SAMPLE 917	reference	Rhabdomyosarcoma (spindle cell)	methylation class rhabdomyosarcoma (MYOD1)	RMS-MYOD1	sarcoma	methylation_class_MYOD1	metastasis	Soft tissue, head and neck, head	Metastasis
GSM4181370	REFERENCE_SAMPLE 918	reference	Rhabdomyosarcoma (spindle cell)	methylation class rhabdomyosarcoma (MYOD1)	RMS-MYOD1	sarcoma	methylation_class_MYOD1	recurrence	Bone, head and neck	Recurrence
GSM4181371	REFERENCE_SAMPLE 919	reference	Langerhans cell histiocytosis	methylation class Langerhans cell histiocytosis	Langerhans cell histiocytosis	nonsarcoma	institutional_diagnosis	primary_tumor	Bone, head and neck, skull	Primary
GSM4181372	REFERENCE_SAMPLE 920	reference	Angiosarcoma	methylation class angiosarcoma	Angiosarcoma	sarcoma	institutional_diagnosis	primary_tumor	Soft tissue, trunk, thorax, mamma	Primary
GSM4181373	REFERENCE_SAMPLE 921	reference	Rhabdomyosarcoma (sclerosing)	methylation class rhabdomyosarcoma (MYOD1)	RMS-MYOD1	sarcoma	methylation_class_MYOD1	recurrence	Soft tissue, head and neck, neck	Recurrence
GSM4181374	REFERENCE_SAMPLE 922	reference	Ewing´s sarcoma	methylation class Ewing´s sarcoma	Ewing	sarcoma	institutional_diagnosis	primary_tumor	Soft tissue, trunk, paraspinal	Primary
GSM4181375	REFERENCE_SAMPLE 923	reference	Lipoma	methylation class lipoma	Lipoma/lipoblastomatosis	benign	institutional_diagnosis	primary_tumor	Soft tissue, trunk, paraspinal	Primary
GSM4181376	REFERENCE_SAMPLE 924	reference	Squamous cell carcinoma (cutaneous)	methylation class squamous cell carcinoma (cutaneous)	Squamous cell carcinoma	nonsarcoma	institutional_diagnosis	primary_tumor	Skin, head	Primary
GSM4181377	REFERENCE_SAMPLE 925	reference	Squamous cell carcinoma (cutaneous)	methylation class squamous cell carcinoma (cutaneous)	Squamous cell carcinoma	nonsarcoma	institutional_diagnosis	primary_tumor	Skin, head	Primary
GSM4181378	REFERENCE_SAMPLE 926	reference	Alveolar soft part sarcoma	methylation class alveolar soft part sarcoma	ASPS	sarcoma	institutional_diagnosis	primary_tumor	Soft tissue, trunk, thorax, thoracic wall	Primary
GSM4181379	REFERENCE_SAMPLE 927	reference	Endometrial stromal sarcoma (low-grade)	methylation class endometrial stromal sarcoma (low grade)	Endometrial stromal sarcoma	sarcoma	institutional_diagnosis	primary_tumor	Visceral, pelvis, uterus	Primary
GSM4181380	REFERENCE_SAMPLE 928	reference	Atypical fibroxanthoma	methylation class atypical fibroxanthoma / pleomorphic dermal sarcoma	AFX/PDS	sarcoma	institutional_diagnosis	primary_tumor	Skin, head	Primary
GSM4181381	REFERENCE_SAMPLE 929	reference	Atypical fibroxanthoma	methylation class atypical fibroxanthoma / pleomorphic dermal sarcoma	AFX/PDS	sarcoma	institutional_diagnosis	primary_tumor	Skin, head	Primary
GSM4181382	REFERENCE_SAMPLE 930	reference	Pleomorphic dermal sarcoma	methylation class atypical fibroxanthoma / pleomorphic dermal sarcoma	AFX/PDS	sarcoma	institutional_diagnosis	primary_tumor	Skin, head	Primary
GSM4181383	REFERENCE_SAMPLE 931	reference	Leiomyosarcoma	methylation class leiomyosarcoma	Leiomyosarcoma	sarcoma	institutional_diagnosis	primary_tumor	Soft tissue, trunk, extrauterine	Primary
GSM4181384	REFERENCE_SAMPLE 932	reference	Epithelioid sarcoma	methylation class epithelioid sarcoma	Epithelioid sarcoma	sarcoma	institutional_diagnosis	primary_tumor	Soft tissue, trunk, pelvis	Primary
GSM4181385	REFERENCE_SAMPLE 933	reference	Epithelioid sarcoma, classic	methylation class epithelioid sarcoma	Epithelioid sarcoma	sarcoma	institutional_diagnosis	primary_tumor	Soft tissue, limbs, upper limbs, forearm	Primary
GSM4181386	REFERENCE_SAMPLE 934	reference	Angiosarcoma	methylation class angiosarcoma	Angiosarcoma	sarcoma	institutional_diagnosis	primary_tumor	Soft tissue, trunk, thorax, mamma	Primary
GSM4181387	REFERENCE_SAMPLE 935	reference	Extraskeletal myxoid chondrosarcoma	methylation class extraskeletal myxoid chondrosarcoma	EMC	sarcoma	institutional_diagnosis	primary_tumor	Soft tissue, limbs, upper limbs, forearm	Primary
GSM4181388	REFERENCE_SAMPLE 936	reference	Epithelioid sarcoma	methylation class epithelioid sarcoma	Epithelioid sarcoma	sarcoma	institutional_diagnosis	primary_tumor	Soft tissue, trunk, buttock	Primary
GSM4181389	REFERENCE_SAMPLE 937	reference	Alveolar soft part sarcoma	methylation class alveolar soft part sarcoma	ASPS	sarcoma	institutional_diagnosis	primary_tumor	Soft tissue, limbs, lower limbs, thigh	Primary
GSM4181390	REFERENCE_SAMPLE 938	reference	Schwannoma	methylation class schwannoma	Schwannoma	benign	institutional_diagnosis	primary_tumor	Soft tissue, spine, peripheral nerve	Primary
GSM4181391	REFERENCE_SAMPLE 939	reference	Solitary fibrous tumour	methylation class solitary fibrous tumour	Solitary fibrous tumour	sarcoma	institutional_diagnosis	recurrence	Bone, head and neck, skull base	Recurrence
GSM4181392	REFERENCE_SAMPLE 940	reference	Sarcoma not otherwise specified	methylation class sarcoma (RMS-like)	Sarcoma NOS	sarcoma	institutional_diagnosis	primary_tumor	Intracranial	Primary
GSM4181393	REFERENCE_SAMPLE 941	reference	Leiomyoma	methylation class leiomyoma	Leiomyoma	benign	institutional_diagnosis	primary_tumor	Visceral, pelvis, uterus	Primary
GSM4181394	REFERENCE_SAMPLE 942	reference	Leiomyoma	methylation class leiomyoma	Leiomyoma	benign	institutional_diagnosis	primary_tumor	Visceral, pelvis, uterus	Primary
GSM4181395	REFERENCE_SAMPLE 943	reference	Leiomyoma	methylation class leiomyoma	Leiomyoma	benign	institutional_diagnosis	primary_tumor	Visceral, pelvis, uterus	Primary
GSM4181396	REFERENCE_SAMPLE 944	reference	Leiomyoma	methylation class leiomyoma	Leiomyoma	benign	institutional_diagnosis	primary_tumor	Visceral, pelvis, uterus	Primary
GSM4181397	REFERENCE_SAMPLE 945	reference	Leiomyoma	methylation class leiomyoma	Leiomyoma	benign	institutional_diagnosis	primary_tumor	Visceral, pelvis, uterus	Primary
GSM4181398	REFERENCE_SAMPLE 946	reference	Leiomyoma	methylation class leiomyoma	Leiomyoma	benign	institutional_diagnosis	primary_tumor	Visceral, pelvis, uterus	Primary
GSM4181399	REFERENCE_SAMPLE 947	reference	Leiomyoma	methylation class leiomyoma	Leiomyoma	benign	institutional_diagnosis	primary_tumor	Visceral, pelvis, uterus	Primary
GSM4181400	REFERENCE_SAMPLE 948	reference	Endometrial stromal sarcoma (low-grade)	methylation class endometrial stromal sarcoma (low grade)	Endometrial stromal sarcoma	sarcoma	institutional_diagnosis	primary_tumor	Visceral, pelvis, uterus	Primary
GSM4181401	REFERENCE_SAMPLE 949	reference	Endometrial stromal sarcoma (low-grade)	methylation class endometrial stromal sarcoma (low grade)	Endometrial stromal sarcoma	sarcoma	institutional_diagnosis	primary_tumor	Visceral, pelvis, uterus	Primary
GSM4181402	REFERENCE_SAMPLE 950	reference	Endometrial stromal sarcoma (low-grade)	methylation class endometrial stromal sarcoma (low grade)	Endometrial stromal sarcoma	sarcoma	institutional_diagnosis	primary_tumor	Visceral, pelvis, uterus	Primary
GSM4181403	REFERENCE_SAMPLE 951	reference	Endometrial stromal sarcoma (low-grade)	methylation class endometrial stromal sarcoma (low grade)	Endometrial stromal sarcoma	sarcoma	institutional_diagnosis	primary_tumor	Visceral, pelvis, uterus	Primary
GSM4181404	REFERENCE_SAMPLE 952	reference	Endometrial stromal sarcoma (low-grade)	methylation class endometrial stromal sarcoma (low grade)	Endometrial stromal sarcoma	sarcoma	institutional_diagnosis	primary_tumor	Visceral, pelvis, uterus	Primary
GSM4181405	REFERENCE_SAMPLE 953	reference	Endometrial stromal sarcoma (low-grade)	methylation class endometrial stromal sarcoma (low grade)	Endometrial stromal sarcoma	sarcoma	institutional_diagnosis	primary_tumor	Visceral, pelvis, uterus	Primary
GSM4181406	REFERENCE_SAMPLE 954	reference	Endometrial stromal sarcoma (low-grade)	methylation class endometrial stromal sarcoma (low grade)	Endometrial stromal sarcoma	sarcoma	institutional_diagnosis	primary_tumor	Visceral, pelvis, uterus	Primary
GSM4181407	REFERENCE_SAMPLE 955	reference	Endometrial stromal sarcoma (low-grade)	methylation class endometrial stromal sarcoma (low grade)	Endometrial stromal sarcoma	sarcoma	institutional_diagnosis	primary_tumor	Visceral, pelvis, uterus	Primary
GSM4181408	REFERENCE_SAMPLE 956	reference	Clear cell sarcoma (soft tissue)	methylation class clear cell sarcoma of soft parts	Clear cell sarcoma	sarcoma	institutional_diagnosis	primary_tumor	Soft tissue, limbs, lower limbs, foot	Primary
GSM4181409	REFERENCE_SAMPLE 957	reference	Clear cell sarcoma (soft tissue)	methylation class clear cell sarcoma of soft parts	Clear cell sarcoma	sarcoma	institutional_diagnosis	recurrence	Soft tissue, limbs, upper limbs, shoulder	Recurrence
GSM4181410	REFERENCE_SAMPLE 958	reference	Clear cell sarcoma (soft tissue)	methylation class clear cell sarcoma of soft parts	Clear cell sarcoma	sarcoma	institutional_diagnosis	primary_tumor	Soft tissue, limbs, lower limbs, foot	Primary
GSM4181411	REFERENCE_SAMPLE 959	reference	Clear cell sarcoma (soft tissue)	methylation class clear cell sarcoma of soft parts	Clear cell sarcoma	sarcoma	institutional_diagnosis	primary_tumor	Soft tissue, limbs, upper limbs, hand	Primary
GSM4181412	REFERENCE_SAMPLE 960	reference	Clear cell sarcoma (soft tissue)	methylation class clear cell sarcoma of soft parts	Clear cell sarcoma	sarcoma	institutional_diagnosis	primary_tumor	Soft tissue, limbs, lower limbs, foot	Primary
GSM4181413	REFERENCE_SAMPLE 961	reference	Clear cell sarcoma (soft tissue)	methylation class clear cell sarcoma of soft parts	Clear cell sarcoma	sarcoma	institutional_diagnosis	primary_tumor	Soft tissue, limbs, lower limbs, foot	Primary
GSM4181414	REFERENCE_SAMPLE 962	reference	Clear cell sarcoma (soft tissue)	methylation class clear cell sarcoma of soft parts	Clear cell sarcoma	sarcoma	institutional_diagnosis	primary_tumor	Soft tissue, limbs, lower limbs, prepatellar	Primary
GSM4181415	REFERENCE_SAMPLE 963	reference	Kaposi sarcoma	methylation class Kaposi sarcoma	Kaposi sarcoma	sarcoma	institutional_diagnosis	primary_tumor	Skin, foot	Primary
GSM4181416	REFERENCE_SAMPLE 964	reference	Kaposi sarcoma	methylation class Kaposi sarcoma	Kaposi sarcoma	sarcoma	institutional_diagnosis	primary_tumor	Skin, foot	Primary
GSM4181417	REFERENCE_SAMPLE 965	reference	Kaposi sarcoma	methylation class Kaposi sarcoma	Kaposi sarcoma	sarcoma	institutional_diagnosis	primary_tumor	Skin, elbow	Primary
GSM4181418	REFERENCE_SAMPLE 966	reference	Kaposi sarcoma	methylation class Kaposi sarcoma	Kaposi sarcoma	sarcoma	institutional_diagnosis	primary_tumor	Skin, head	Primary
GSM4181419	REFERENCE_SAMPLE 967	reference	Kaposi sarcoma	methylation class Kaposi sarcoma	Kaposi sarcoma	sarcoma	institutional_diagnosis	primary_tumor	Skin, foot	Primary
GSM4181420	REFERENCE_SAMPLE 968	reference	Kaposi sarcoma	methylation class Kaposi sarcoma	Kaposi sarcoma	sarcoma	institutional_diagnosis	recurrence	Skin, foot	Recurrence
GSM4181421	REFERENCE_SAMPLE 969	reference	Kaposi sarcoma	methylation class Kaposi sarcoma	Kaposi sarcoma	sarcoma	institutional_diagnosis	primary_tumor	Skin, foot	Primary
GSM4181422	REFERENCE_SAMPLE 970	reference	Kaposi sarcoma	methylation class Kaposi sarcoma	Kaposi sarcoma	sarcoma	institutional_diagnosis	primary_tumor	Skin, foot	Primary
GSM4181423	REFERENCE_SAMPLE 971	reference	Melanoma	methylation class melanoma (cutaneous)	Melanoma	nonsarcoma	institutional_diagnosis	metastasis	Intracranial	Metastasis
GSM4181424	REFERENCE_SAMPLE 972	reference	Melanoma	methylation class melanoma (cutaneous)	Melanoma	nonsarcoma	institutional_diagnosis	metastasis	Intracranial	Metastasis
GSM4181425	REFERENCE_SAMPLE 973	reference	Melanoma	methylation class melanoma (cutaneous)	Melanoma	nonsarcoma	institutional_diagnosis	metastasis	Intracranial	Metastasis
GSM4181426	REFERENCE_SAMPLE 974	reference	Melanoma	methylation class melanoma (cutaneous)	Melanoma	nonsarcoma	institutional_diagnosis	metastasis	Intracranial	Metastasis
GSM4181427	REFERENCE_SAMPLE 975	reference	Melanoma	methylation class melanoma (cutaneous)	Melanoma	nonsarcoma	institutional_diagnosis	metastasis	Intracranial	Metastasis
GSM4181428	REFERENCE_SAMPLE 976	reference	Melanoma	methylation class melanoma (cutaneous)	Melanoma	nonsarcoma	institutional_diagnosis	metastasis	Intracranial	Metastasis
GSM4181429	REFERENCE_SAMPLE 977	reference	Melanoma	methylation class melanoma (cutaneous)	Melanoma	nonsarcoma	institutional_diagnosis	metastasis	Intracranial	Metastasis
GSM4181430	REFERENCE_SAMPLE 978	reference	Melanoma	methylation class melanoma (cutaneous)	Melanoma	nonsarcoma	institutional_diagnosis	metastasis	Intracranial	Metastasis
GSM4181431	REFERENCE_SAMPLE 979	reference	Melanoma	methylation class melanoma (cutaneous)	Melanoma	nonsarcoma	institutional_diagnosis	metastasis	Intracranial	Metastasis
GSM4181432	REFERENCE_SAMPLE 980	reference	Melanoma	methylation class melanoma (cutaneous)	Melanoma	nonsarcoma	institutional_diagnosis	metastasis	Intracranial	Metastasis
GSM4181433	REFERENCE_SAMPLE 981	reference	Melanoma	methylation class melanoma (cutaneous)	Melanoma	nonsarcoma	institutional_diagnosis	metastasis	Intracranial	Metastasis
GSM4181434	REFERENCE_SAMPLE 982	reference	Melanoma	methylation class melanoma (cutaneous)	Melanoma	nonsarcoma	institutional_diagnosis	metastasis	Intracranial	Metastasis
GSM4181435	REFERENCE_SAMPLE 983	reference	Sclerosing epithelioid sarcoma	methylation class sclerosing epithelioid fibrosarcoma	Epithelioid sarcoma	sarcoma	institutional_diagnosis	metastasis	Soft tissue, limbs, lower limbs, muscle	Metastasis
GSM4181436	REFERENCE_SAMPLE 984	reference	Myopericytoma	methylation class angioleiomyoma / myopericytoma	Angioleiomyoma/myopericytoma	benign	institutional_diagnosis	primary_tumor		Primary
GSM4181437	REFERENCE_SAMPLE 985	reference	Myopericytoma	methylation class angioleiomyoma / myopericytoma	Angioleiomyoma/myopericytoma	benign	institutional_diagnosis	primary_tumor	Soft tissue, limbs, lower limbs, foot	Primary
GSM4181438	REFERENCE_SAMPLE 986	reference	Myopericytoma	methylation class angioleiomyoma / myopericytoma	Angioleiomyoma/myopericytoma	benign	institutional_diagnosis	primary_tumor	Soft tissue, limbs, lower limbs, hip	Primary
GSM4181439	REFERENCE_SAMPLE 987	reference	Myopericytoma	methylation class angioleiomyoma / myopericytoma	Angioleiomyoma/myopericytoma	benign	institutional_diagnosis	primary_tumor	Soft tissue, limbs, upper limbs, elbow	Primary
GSM4181440	REFERENCE_SAMPLE 988	reference	Myopericytoma	methylation class angioleiomyoma / myopericytoma	Angioleiomyoma/myopericytoma	benign	institutional_diagnosis	primary_tumor	Soft tissue, limbs, upper limbs, hand	Primary
GSM4181441	REFERENCE_SAMPLE 989	reference	Myopericytoma	methylation class angioleiomyoma / myopericytoma	Angioleiomyoma/myopericytoma	benign	institutional_diagnosis	primary_tumor	Soft tissue, limbs, upper limbs, hand	Primary
GSM4181442	REFERENCE_SAMPLE 990	reference	Myopericytoma	methylation class angioleiomyoma / myopericytoma	Angioleiomyoma/myopericytoma	benign	institutional_diagnosis	primary_tumor	Soft tissue, limbs, upper limbs, hand	Primary
GSM4181443	REFERENCE_SAMPLE 991	reference	Angioleiomyoma	methylation class angioleiomyoma / myopericytoma	Angioleiomyoma/myopericytoma	benign	institutional_diagnosis	primary_tumor	Soft tissue, limbs, lower limbs, knee	Primary
GSM4181444	REFERENCE_SAMPLE 992	reference	Angioleiomyoma	methylation class angioleiomyoma / myopericytoma	Angioleiomyoma/myopericytoma	benign	institutional_diagnosis	primary_tumor	Soft tissue, limbs, lower limbs, leg	Primary
GSM4181445	REFERENCE_SAMPLE 993	reference	Angioleiomyoma	methylation class angioleiomyoma / myopericytoma	Angioleiomyoma/myopericytoma	benign	institutional_diagnosis	primary_tumor	Soft tissue, limbs, upper limbs, hand	Primary
GSM4181446	REFERENCE_SAMPLE 994	reference	Angioleiomyoma	methylation class angioleiomyoma / myopericytoma	Angioleiomyoma/myopericytoma	benign	institutional_diagnosis	primary_tumor	Soft tissue, limbs, upper limbs, thigh	Primary
GSM4181447	REFERENCE_SAMPLE 995	reference	Angioleiomyoma	methylation class angioleiomyoma / myopericytoma	Angioleiomyoma/myopericytoma	benign	institutional_diagnosis	primary_tumor	Soft tissue, limbs, lower limbs, knee	Primary
GSM4181448	REFERENCE_SAMPLE 996	reference	Angioleiomyoma	methylation class angioleiomyoma / myopericytoma	Angioleiomyoma/myopericytoma	benign	institutional_diagnosis	primary_tumor	Soft tissue, limbs, upper limbs, shoulder	Primary
GSM4181449	REFERENCE_SAMPLE 997	reference	Angioleiomyoma	methylation class angioleiomyoma / myopericytoma	Angioleiomyoma/myopericytoma	benign	institutional_diagnosis	primary_tumor	Soft tissue, limbs, lower limbs, ankle	Primary
GSM4181450	REFERENCE_SAMPLE 998	reference	Angioleiomyoma	methylation class angioleiomyoma / myopericytoma	Angioleiomyoma/myopericytoma	benign	institutional_diagnosis	primary_tumor	Soft tissue, limbs, lower limbs, ankle	Primary
GSM4181451	REFERENCE_SAMPLE 999	reference	Angioleiomyoma	methylation class angioleiomyoma / myopericytoma	Angioleiomyoma/myopericytoma	benign	institutional_diagnosis	primary_tumor	Soft tissue, limbs, upper limbs, wrist	Primary
GSM4181452	REFERENCE_SAMPLE 1000	reference	Endometrial stromal sarcoma (high-grade)	methylation class endometrial stromal sarcoma (high grade)	Endometrial stromal sarcoma	sarcoma	institutional_diagnosis	primary_tumor	Visceral, pelvis, uterus	Primary
GSM4181453	REFERENCE_SAMPLE 1001	reference	Endometrial stromal sarcoma (high-grade)	methylation class endometrial stromal sarcoma (high grade)	Endometrial stromal sarcoma	sarcoma	institutional_diagnosis	primary_tumor	Visceral, pelvis, uterus	Primary
GSM4181454	REFERENCE_SAMPLE 1002	reference	Endometrial stromal sarcoma (high-grade)	methylation class endometrial stromal sarcoma (high grade)	Endometrial stromal sarcoma	sarcoma	institutional_diagnosis	primary_tumor	Visceral, pelvis, uterus	Primary
GSM4181455	REFERENCE_SAMPLE 1003	reference	Endometrial stromal sarcoma (high-grade)	methylation class endometrial stromal sarcoma (high grade)	Endometrial stromal sarcoma	sarcoma	institutional_diagnosis	primary_tumor	Visceral, pelvis, uterus	Primary
GSM4181456	REFERENCE_SAMPLE 1004	reference	Control (blood)	methylation class control (blood)	Non-neoplastic control	benign	institutional_diagnosis	primary_tumor	Blood	
GSM4181457	REFERENCE_SAMPLE 1005	reference	Sclerosing epithelioid sarcoma	methylation class sclerosing epithelioid fibrosarcoma	Epithelioid sarcoma	sarcoma	institutional_diagnosis	metastasis	Visceral, thorax, lung	Metastasis
GSM4181458	REFERENCE_SAMPLE 1006	reference	Sclerosing epithelioid sarcoma	methylation class sclerosing epithelioid fibrosarcoma	Epithelioid sarcoma	sarcoma	institutional_diagnosis	primary_tumor	Soft tissue, trunk, abdomen, mesentery	Primary
GSM4181459	REFERENCE_SAMPLE 1007	reference	Sclerosing epithelioid sarcoma	methylation class sclerosing epithelioid fibrosarcoma	Epithelioid sarcoma	sarcoma	institutional_diagnosis	primary_tumor	Soft tissue, limbs, upper limbs, arm	Primary
GSM4181460	REFERENCE_SAMPLE 1008	reference	Undifferentiated pleomorphic sarcoma	methylation class undifferentiated sarcoma	UPS/MFH	sarcoma	institutional_diagnosis	metastasis	Soft tissue, trunk, thorax, mediastinum	Metastasis
GSM4181461	REFERENCE_SAMPLE 1009	reference	Endometrial stromal sarcoma (high-grade)	methylation class endometrial stromal sarcoma (high grade)	Endometrial stromal sarcoma	sarcoma	institutional_diagnosis	primary_tumor	Visceral, pelvis, uterus	Primary
GSM4181462	REFERENCE_SAMPLE 1010	reference	Well-differentiated liposarcoma	methylation class well- / dedifferentiated liposarcoma	Liposarcoma-WD	sarcoma	institutional_diagnosis	primary_tumor	Soft tissue, limbs, lower limbs, groin	Primary
GSM4181463	REFERENCE_SAMPLE 1011	reference	Undifferentiated pleomorphic sarcoma	methylation class undifferentiated sarcoma	UPS/MFH	sarcoma	institutional_diagnosis	primary_tumor	Soft tissue, limbs, lower limbs, thigh	Primary
GSM4181464	REFERENCE_SAMPLE 1012	reference	Endometrial stromal sarcoma (high-grade)	methylation class endometrial stromal sarcoma (high grade)	Endometrial stromal sarcoma	sarcoma	institutional_diagnosis	primary_tumor	Visceral, pelvis, uterus	Primary
GSM4181465	REFERENCE_SAMPLE 1013	reference	Endometrial stromal sarcoma (high-grade)	methylation class endometrial stromal sarcoma (high grade)	Endometrial stromal sarcoma	sarcoma	institutional_diagnosis	primary_tumor	Visceral, pelvis, uterus	Primary
GSM4181466	REFERENCE_SAMPLE 1014	reference	Undifferentiated epithelioid sarcoma not otherwise specified	methylation class sclerosing epithelioid fibrosarcoma	Epithelioid sarcoma	sarcoma	institutional_diagnosis	primary_tumor	Intracranial, leptomeningeal	Primary
GSM4181467	REFERENCE_SAMPLE 1015	reference	Well-differentiated liposarcoma	methylation class well- / dedifferentiated liposarcoma	Liposarcoma-WD	sarcoma	institutional_diagnosis	primary_tumor	Soft tissue, trunk, abdomen, retroperitoneum	Primary
GSM4181468	REFERENCE_SAMPLE 1016	reference	Well-differentiated liposarcoma	methylation class well- / dedifferentiated liposarcoma	Liposarcoma-WD	sarcoma	institutional_diagnosis	primary_tumor	Soft tissue, trunk, abdomen, retroperitoneum	Primary
GSM4181469	REFERENCE_SAMPLE 1017	reference	Well-differentiated liposarcoma	methylation class well- / dedifferentiated liposarcoma	Liposarcoma-WD	sarcoma	institutional_diagnosis	primary_tumor	Soft tissue, trunk, abdomen, retroperitoneum	Primary
GSM4181470	REFERENCE_SAMPLE 1018	reference	Well-differentiated liposarcoma	methylation class well- / dedifferentiated liposarcoma	Liposarcoma-WD	sarcoma	institutional_diagnosis	primary_tumor	Soft tissue, trunk, abdomen, retroperitoneum	Primary
GSM4181471	REFERENCE_SAMPLE 1019	reference	Well-differentiated liposarcoma	methylation class well- / dedifferentiated liposarcoma	Liposarcoma-WD	sarcoma	institutional_diagnosis	primary_tumor	Soft tissue, trunk, thorax	Primary
GSM4181472	REFERENCE_SAMPLE 1020	reference	Well-differentiated liposarcoma	methylation class well- / dedifferentiated liposarcoma	Liposarcoma-WD	sarcoma	institutional_diagnosis	primary_tumor	Soft tissue, trunk, abdomen, retroperitoneum	Primary
GSM4181473	REFERENCE_SAMPLE 1021	reference	Well-differentiated liposarcoma	methylation class well- / dedifferentiated liposarcoma	Liposarcoma-WD	sarcoma	institutional_diagnosis	primary_tumor	Soft tissue, trunk, abdomen, retroperitoneum	Primary
GSM4181474	REFERENCE_SAMPLE 1022	reference	Well-differentiated liposarcoma	methylation class well- / dedifferentiated liposarcoma	Liposarcoma-WD	sarcoma	institutional_diagnosis	primary_tumor	Soft tissue, trunk, abdomen, retroperitoneum	Primary
GSM4181475	REFERENCE_SAMPLE 1023	reference	Atypical lipomatous tumour	methylation class well- / dedifferentiated liposarcoma	Liposarcoma-WD	sarcoma	institutional_diagnosis	primary_tumor	Soft tissue, limbs, upper limbs, forearm	Primary
GSM4181476	REFERENCE_SAMPLE 1024	reference	Well-differentiated liposarcoma	methylation class well- / dedifferentiated liposarcoma	Liposarcoma-WD	sarcoma	institutional_diagnosis	primary_tumor	Soft tissue, trunk, abdomen, retroperitoneum	Primary
GSM4181477	REFERENCE_SAMPLE 1025	reference	Atypical lipomatous tumour	methylation class well- / dedifferentiated liposarcoma	Liposarcoma-WD	sarcoma	institutional_diagnosis	primary_tumor	Soft tissue, limbs, lower limbs, knee	Primary
GSM4181478	REFERENCE_SAMPLE 1026	reference	Undifferentiated pleomorphic sarcoma	methylation class undifferentiated sarcoma	UPS/MFH	sarcoma	institutional_diagnosis	primary_tumor	Soft tissue, head and neck, head	
GSM4181479	REFERENCE_SAMPLE 1027	reference	Endometrial stromal sarcoma (high-grade)	methylation class endometrial stromal sarcoma (high grade)	Endometrial stromal sarcoma	sarcoma	institutional_diagnosis	metastasis	Soft tissue, trunk, thorax, paraspinal	Metastasis
GSM4181480	REFERENCE_SAMPLE 1028	reference	Undifferentiated sarcoma	methylation class undifferentiated sarcoma	Sarcoma NOS	sarcoma	institutional_diagnosis	primary_tumor	Soft tissue, trunk, abdomen, retroperitoneum	
GSM4181481	REFERENCE_SAMPLE 1029	reference	Sclerosing epithelioid sarcoma	methylation class sclerosing epithelioid fibrosarcoma	Epithelioid sarcoma	sarcoma	institutional_diagnosis	metastasis	Soft tissue, trunk, abdomen	Metastasis
GSM4181482	REFERENCE_SAMPLE 1030	reference	Undifferentiated pleomorphic sarcoma	methylation class undifferentiated sarcoma	UPS/MFH	sarcoma	institutional_diagnosis	primary_tumor	Soft tissue, trunk, thorax, paravertebral	Primary
GSM4181483	REFERENCE_SAMPLE 1031	reference	Undifferentiated pleomorphic sarcoma	methylation class undifferentiated sarcoma	UPS/MFH	sarcoma	institutional_diagnosis	primary_tumor	Soft tissue, trunk, abdominal wall	Primary
GSM4181484	REFERENCE_SAMPLE 1032	reference	Undifferentiated pleomorphic sarcoma	methylation class undifferentiated sarcoma	UPS/MFH	sarcoma	institutional_diagnosis	primary_tumor	Soft tissue, limbs, lower limbs, thigh, subcutis	Primary
GSM4181485	REFERENCE_SAMPLE 1033	reference	Undifferentiated pleomorphic sarcoma	methylation class undifferentiated sarcoma	UPS/MFH	sarcoma	institutional_diagnosis	primary_tumor	Soft tissue, limbs, upper limbs, shoulder girdle	Primary
GSM4181486	REFERENCE_SAMPLE 1034	reference	Myxofibrosarcoma	methylation class undifferentiated sarcoma	Myxofibrosarcoma	sarcoma	institutional_diagnosis	primary_tumor	Soft tissue, limbs, lower limbs, leg	Primary
GSM4181487	REFERENCE_SAMPLE 1035	reference	Myxofibrosarcoma	methylation class undifferentiated sarcoma	Myxofibrosarcoma	sarcoma	institutional_diagnosis	primary_tumor	Soft tissue, limbs, lower limbs, leg	Primary
GSM4181488	REFERENCE_SAMPLE 1036	reference	Myxofibrosarcoma	methylation class undifferentiated sarcoma	Myxofibrosarcoma	sarcoma	institutional_diagnosis	primary_tumor	Soft tissue, trunk, thoracic wall	Primary
GSM4181489	REFERENCE_SAMPLE 1037	reference	Pleomorphic liposarcoma	methylation class undifferentiated sarcoma	Liposarcoma-pleomorphic	sarcoma	institutional_diagnosis	primary_tumor	Soft tissue, limbs, upper limbs, shoulder girdle	Primary
GSM4181490	REFERENCE_SAMPLE 1038	reference	Myxofibrosarcoma	methylation class undifferentiated sarcoma	Myxofibrosarcoma	sarcoma	institutional_diagnosis	primary_tumor	Soft tissue, limbs, lower limbs, knee	Primary
GSM4181491	REFERENCE_SAMPLE 1039	reference	Pleomorphic liposarcoma	methylation class undifferentiated sarcoma	Liposarcoma-pleomorphic	sarcoma	institutional_diagnosis	primary_tumor	Soft tissue, trunk, buttock	Primary
GSM4181492	REFERENCE_SAMPLE 1040	reference	Pleomorphic liposarcoma	methylation class undifferentiated sarcoma	Liposarcoma-pleomorphic	sarcoma	institutional_diagnosis	primary_tumor	Soft tissue, limbs, lower limbs, thigh	Primary
GSM4181493	REFERENCE_SAMPLE 1041	reference	Myxofibrosarcoma	methylation class undifferentiated sarcoma	Myxofibrosarcoma	sarcoma	institutional_diagnosis	recurrence	Soft tissue, trunk, paravertebral	Recurrence
GSM4181494	REFERENCE_SAMPLE 1042	reference	Myxofibrosarcoma	methylation class undifferentiated sarcoma	Myxofibrosarcoma	sarcoma	institutional_diagnosis	primary_tumor	Soft tissue, limbs, lower limbs, thigh	Primary
GSM4181495	REFERENCE_SAMPLE 1043	reference	Myxofibrosarcoma	methylation class undifferentiated sarcoma	Myxofibrosarcoma	sarcoma	institutional_diagnosis	primary_tumor	Soft tissue, limbs, lower, limbs, leg	Primary
GSM4181496	REFERENCE_SAMPLE 1044	reference	Dedifferentiated liposarcoma	methylation class well- / dedifferentiated liposarcoma	Liposarcoma-dediff	sarcoma	institutional_diagnosis	recurrence	Soft tissue, trunk, abdomen, retroperitoneum	Recurrence
GSM4181497	REFERENCE_SAMPLE 1045	reference	Dedifferentiated liposarcoma	methylation class well- / dedifferentiated liposarcoma	Liposarcoma-dediff	sarcoma	institutional_diagnosis	recurrence	Soft tissue, trunk, abdomen	Recurrence
GSM4181498	REFERENCE_SAMPLE 1046	reference	Dedifferentiated liposarcoma	methylation class well- / dedifferentiated liposarcoma	Liposarcoma-dediff	sarcoma	institutional_diagnosis	primary_tumor	Soft tissue, trunk, abdomen, retroperitoneum	Primary
GSM4181499	REFERENCE_SAMPLE 1047	reference	Dedifferentiated liposarcoma	methylation class well- / dedifferentiated liposarcoma	Liposarcoma-dediff	sarcoma	institutional_diagnosis	primary_tumor	Soft tissue, trunk, abdomen, retroperitoneum	Primary
GSM4181500	REFERENCE_SAMPLE 1048	reference	Dedifferentiated liposarcoma	methylation class well- / dedifferentiated liposarcoma	Liposarcoma-dediff	sarcoma	institutional_diagnosis	primary_tumor	Soft tissue, trunk, abdomen, retroperitoneum	Primary
GSM4181501	REFERENCE_SAMPLE 1049	reference	Dedifferentiated liposarcoma	methylation class well- / dedifferentiated liposarcoma	Liposarcoma-dediff	sarcoma	institutional_diagnosis	primary_tumor	Soft tissue, trunk, abdomen, retroperitoneum	Primary
GSM4181502	REFERENCE_SAMPLE 1050	reference	Leiomyosarcoma	methylation class leiomyosarcoma	Leiomyosarcoma	sarcoma	institutional_diagnosis	metastasis	Soft tissue, head and neck, head, retrobulbar	Metastasis
GSM4181503	REFERENCE_SAMPLE 1051	reference	Sclerosing epithelioid sarcoma	methylation class sclerosing epithelioid fibrosarcoma	Epithelioid sarcoma	sarcoma	institutional_diagnosis	primary_tumor	Intracranial	Primary
GSM4181504	REFERENCE_SAMPLE 1052	reference	Pleomorphic liposarcoma	methylation class undifferentiated sarcoma	Liposarcoma-pleomorphic	sarcoma	institutional_diagnosis	primary_tumor	Soft tissue, limbs, upper limbs, forearm	Primary
GSM4181505	REFERENCE_SAMPLE 1053	reference	Undifferentiated pleomorphic sarcoma	methylation class undifferentiated sarcoma	UPS/MFH	sarcoma	institutional_diagnosis	primary_tumor	Soft tissue, limbs, lower limbs, thigh	Primary
GSM4181506	REFERENCE_SAMPLE 1054	reference	Dedifferentiated liposarcoma	methylation class well- / dedifferentiated liposarcoma	Liposarcoma-dediff	sarcoma	institutional_diagnosis	recurrence	Soft tissue, trunk, abdomen	Recurrence
GSM4181507	REFERENCE_SAMPLE 1055	reference	Dedifferentiated liposarcoma	methylation class well- / dedifferentiated liposarcoma	Liposarcoma-dediff	sarcoma	institutional_diagnosis	recurrence	Soft tissue, trunk, abdomen, retroperitoneum	Recurrence
GSM4181508	REFERENCE_SAMPLE 1056	reference	Dedifferentiated liposarcoma	methylation class well- / dedifferentiated liposarcoma	Liposarcoma-dediff	sarcoma	institutional_diagnosis	recurrence	Soft tissue, trunk, abdomen, retroperitoneum	Recurrence
GSM4181509	REFERENCE_SAMPLE 1057	reference	Control (blood)	methylation class control (blood)	Non-neoplastic control	benign	institutional_diagnosis	primary_tumor	Blood	
GSM4181510	REFERENCE_SAMPLE 1058	reference	Control (blood)	methylation class control (blood)	Non-neoplastic control	benign	institutional_diagnosis	primary_tumor	Blood	
GSM4181511	REFERENCE_SAMPLE 1059	reference	Control (blood)	methylation class control (blood)	Non-neoplastic control	benign	institutional_diagnosis	primary_tumor	Blood	
GSM4181512	REFERENCE_SAMPLE 1060	reference	Control (blood)	methylation class control (blood)	Non-neoplastic control	benign	institutional_diagnosis	primary_tumor	Blood	
GSM4181513	REFERENCE_SAMPLE 1061	reference	Control (blood)	methylation class control (blood)	Non-neoplastic control	benign	institutional_diagnosis	primary_tumor	Blood	
GSM4181514	REFERENCE_SAMPLE 1062	reference	Control (blood)	methylation class control (blood)	Non-neoplastic control	benign	institutional_diagnosis	primary_tumor	Blood	
GSM4181515	REFERENCE_SAMPLE 1063	reference	Control (blood)	methylation class control (blood)	Non-neoplastic control	benign	institutional_diagnosis	primary_tumor	Blood	
GSM4181516	REFERENCE_SAMPLE 1064	reference	Control (blood)	methylation class control (blood)	Non-neoplastic control	benign	institutional_diagnosis	primary_tumor	Blood	
GSM4181517	REFERENCE_SAMPLE 1065	reference	Control (blood)	methylation class control (blood)	Non-neoplastic control	benign	institutional_diagnosis	primary_tumor	Blood	
GSM4181518	REFERENCE_SAMPLE 1066	reference	Angiomatoid fibrous histiocytoma	methylation class angiomatoid fibrous histiocytoma	Angiomatoid fibrous histiocytoma	sarcoma	institutional_diagnosis	primary_tumor	Bone, limbs, lower limbs	Primary
GSM4181519	REFERENCE_SAMPLE 1067	reference	Epithelioid haemangioendothelioma	methylation class epithelioid haemangioendothelioma	EHE	sarcoma	institutional_diagnosis	primary_tumor	Bone, spine	Primary
GSM4181520	REFERENCE_SAMPLE 1068	reference	Epithelioid haemangioendothelioma	methylation class epithelioid haemangioendothelioma	EHE	sarcoma	institutional_diagnosis	primary_tumor	Soft tissue, trunk, paravertebral	Primary
GSM4181521	REFERENCE_SAMPLE 1069	reference	Epithelioid haemangioendothelioma	methylation class epithelioid haemangioendothelioma	EHE	sarcoma	institutional_diagnosis	primary_tumor	Visceral, thorax, lung	Primary
GSM4181522	REFERENCE_SAMPLE 1070	reference	Rhabdomyosarcoma (spindle cell)	methylation class rhabdomyosarcoma (MYOD1)	RMS-MYOD1	sarcoma	methylation_class_MYOD1	primary_tumor	Soft tissue, trunk, thorax	
GSM4181523	REFERENCE_SAMPLE 1071	reference	Rhabdomyosarcoma (embryonal)	methylation class rhabdomyosarcoma (MYOD1)	RMS-MYOD1	sarcoma	methylation_class_MYOD1	recurrence	Lymph node	Recurrence
GSM4181524	REFERENCE_SAMPLE 1072	reference	Rhabdomyosarcoma (embryonal)	methylation class rhabdomyosarcoma (MYOD1)	RMS-MYOD1	sarcoma	methylation_class_MYOD1	metastasis	Bone, spine	Metastasis
GSM4181525	REFERENCE_SAMPLE 1073	reference	Rhabdomyosarcoma (spindle cell)	methylation class rhabdomyosarcoma (MYOD1)	RMS-MYOD1	sarcoma	methylation_class_MYOD1	recurrence	Intracranial, leptomeningeal	Recurrence
GSM4181526	REFERENCE_SAMPLE 1074	reference	Endometrial stromal sarcoma (high-grade)	methylation class endometrial stromal sarcoma (high grade)	Endometrial stromal sarcoma	sarcoma	institutional_diagnosis	primary_tumor	Visceral, pelvis, uterus	Primary
GSM4181527	REFERENCE_SAMPLE 1075	reference	Nodular fasciitis	methylation class nodular fasciitis	Nodular fasciitis	benign	institutional_diagnosis	primary_tumor	Soft tissue, limbs, upper limbs, finger	Primary
GSM4181528	REFERENCE_SAMPLE 1076	reference	Nodular fasciitis	methylation class nodular fasciitis	Nodular fasciitis	benign	institutional_diagnosis	primary_tumor	Soft tissue, trunk, thorax, thracic wall	Primary
GSM4181529	REFERENCE_SAMPLE 1077	reference	Nodular fasciitis	methylation class nodular fasciitis	Nodular fasciitis	benign	institutional_diagnosis	primary_tumor	Soft tissue, head and neck	Primary
GSM4181530	VALIDATION_SAMPLE 1	validation	Desmoplastic small round cell tumour	DSRCT	DSRCT	sarcoma	institutional_diagnosis	recurrence	Soft tissue, trunk, retroperitoneum	Recurrence
GSM4181531	VALIDATION_SAMPLE 2	validation	Inflammatory myofibroblastic tumour	IMT	IMT	sarcoma	institutional_diagnosis	metastasis	Intracranial, supratentorial	Metastasis
GSM4181532	VALIDATION_SAMPLE 3	validation	Small round cell tumour with BCOR alteration	SBRCT (BCOR)	BCOR-sarcoma	sarcoma	institutional_diagnosis	recurrence	Intracranial, supratentorial	Recurrence
GSM4181533	VALIDATION_SAMPLE 4	validation	Ewing´s sarcoma	EWING	Ewing	sarcoma	institutional_diagnosis	recurrence	Visceral, thorax, lung	Recurrence
GSM4181534	VALIDATION_SAMPLE 5	validation	Sarcoma, NOS	WDLS/DDLS	Sarcoma NOS	sarcoma	institutional_diagnosis	primary_tumor	Soft tissue, trunk, thorax, subclavicular area	Primary
GSM4181535	VALIDATION_SAMPLE 6	validation	Alveolar soft part sarcoma	ASPS	ASPS	sarcoma	institutional_diagnosis	primary_tumor	Soft tissue, limbs, upper limbs, arm	Primary
GSM4181536	VALIDATION_SAMPLE 7	validation	Osteosarcoma (high-grade)	OS (HG)	Osteosarcoma	sarcoma	institutional_diagnosis	primary_tumor	Bone, limbs, lower limbs, femur + tibia	Primary
GSM4181537	VALIDATION_SAMPLE 8	validation	Sarcoma, NOS	SBRCT (CIC)	Sarcoma NOS	sarcoma	institutional_diagnosis	primary_tumor	Soft tissue, limbs, upper limbs, shoulder girdle	Primary
GSM4181538	VALIDATION_SAMPLE 9	validation	Osteosarcoma (high-grade)	OS (HG)	Osteosarcoma	sarcoma	institutional_diagnosis	metastasis	Visceral, thorax, lung	Metastasis
GSM4181539	VALIDATION_SAMPLE 10	validation	Sarcoma, NOS	FDY	Sarcoma NOS	sarcoma	institutional_diagnosis	primary_tumor	Head and neck, head, nose, antrochoanal	Primary
GSM4181540	VALIDATION_SAMPLE 11	validation	Osteosarcoma (high-grade)	OS (HG)	Osteosarcoma	sarcoma	institutional_diagnosis	primary_tumor	Bone, limbs, lower limbs, femur	Primary
GSM4181541	VALIDATION_SAMPLE 12	validation	Rhabdomyosarcoma (embryonal)	RMS (EMB)	FN-RMS	sarcoma	methylation_class_embryonal	primary_tumor	Head and neck, head, ear	Primary
GSM4181542	VALIDATION_SAMPLE 13	validation	Sarcoma, NOS	MPNST	Sarcoma NOS	sarcoma	institutional_diagnosis	recurrence	Intracranial, supratentorial	Recurrence
GSM4181543	VALIDATION_SAMPLE 14	validation	Rhabdomyosarcoma (alveolar)	RMS (ALV)	FP-RMS	sarcoma	methylation_class_alveolar	primary_tumor	Soft tissue, trunk, pelvis	Primary
GSM4181544	VALIDATION_SAMPLE 15	validation	Rhabdomyosarcoma (alveolar)	RMS (ALV)	FP-RMS	sarcoma	methylation_class_alveolar	metastasis	Visceral, thorax, lung	Metastasis
GSM4181545	VALIDATION_SAMPLE 16	validation	Rhabdomyosarcoma (embryonal)	RMS (EMB)	FN-RMS	sarcoma	methylation_class_embryonal	metastasis	Visceral, thorax, lung	Metastasis
GSM4181546	VALIDATION_SAMPLE 17	validation	Spindle cell hemangioma	WDLS/DDLS	Spindle cell haemangioma	benign	institutional_diagnosis	primary_tumor	Soft tissue, limbs, upper limbs, hand	Primary
GSM4181547	VALIDATION_SAMPLE 18	validation	Osteosarcoma (high-grade)	OS (HG)	Osteosarcoma	sarcoma	institutional_diagnosis	metastasis	Visceral, thorax, lung	Metastasis
GSM4181548	VALIDATION_SAMPLE 19	validation	Osteosarcoma (high-grade)	OS (HG)	Osteosarcoma	sarcoma	institutional_diagnosis	recurrence	Visceral, thorax, lung	Recurrence
GSM4181549	VALIDATION_SAMPLE 20	validation	Osteosarcoma (high-grade)	OS (HG)	Osteosarcoma	sarcoma	institutional_diagnosis	metastasis	Visceral, thorax, lung	Metastasis
GSM4181550	VALIDATION_SAMPLE 21	validation	Rhabdoid tumour	MRT	Rhabdoid tumor/ATRT	sarcoma	institutional_diagnosis	primary_tumor	Soft tissue, head and neck, cervial spine	Primary
GSM4181551	VALIDATION_SAMPLE 22	validation	Schwannoma	SWN	Schwannoma	benign	institutional_diagnosis	primary_tumor	Intracranial, infratentorial, cerebellopontine angle, cranial nerve VIII	Primary
GSM4181552	VALIDATION_SAMPLE 23	validation	Schwannoma	SWN	Schwannoma	benign	institutional_diagnosis	primary_tumor	Central nervous system, cranial nerve V	Primary
GSM4181553	VALIDATION_SAMPLE 24	validation	Chondrosarcoma	CSA (GROUP B)	Chondrosarcoma	sarcoma	institutional_diagnosis	primary_tumor	Bone, head and neck, skull base	Primary
GSM4181554	VALIDATION_SAMPLE 25	validation	Malignant peripheral nerve sheath tumour	MPNST	MPNST	sarcoma	institutional_diagnosis	recurrence	Soft tissue, trunk, thorax, paraspinal	Recurrence
GSM4181555	VALIDATION_SAMPLE 26	validation	Rhabdomyosarcoma, NOS	RMS (EMB)	FN-RMS	sarcoma	methylation_class_embryonal	metastasis	Soft tissue, trunk, abdomen, lymph node	Metastasis
GSM4181556	VALIDATION_SAMPLE 27	validation	Osteosarcoma (high-grade)	OS (HG)	Osteosarcoma	sarcoma	institutional_diagnosis	metastasis	Visceral, thorax, lung	Metastasis
GSM4181557	VALIDATION_SAMPLE 28	validation	Rhabdomyosarcoma, NOS	RMS (ALV)	FP-RMS	sarcoma	methylation_class_alveolar	recurrence	Soft tissue, trunk, abdomen	Recurrence
GSM4181558	VALIDATION_SAMPLE 29	validation	Rhabdomyosarcoma, NOS	RMS (EMB)	FN-RMS	sarcoma	methylation_class_embryonal	metastasis	Visceral, thorax, lung	Metastasis
GSM4181559	VALIDATION_SAMPLE 30	validation	Osteosarcoma (high-grade)	OS (HG)	Osteosarcoma	sarcoma	institutional_diagnosis	metastasis	Visceral, thorax, lung	Metastasis
GSM4181560	VALIDATION_SAMPLE 31	validation	Undifferentiated sarcoma	WDLS/DDLS	Sarcoma NOS	sarcoma	institutional_diagnosis	recurrence	Soft tissue, trunk, abomen	Recurrence
GSM4181561	VALIDATION_SAMPLE 32	validation	Rhabdomyosarcoma, NOS	RMS (EMB)	FN-RMS	sarcoma	methylation_class_embryonal	recurrence	Soft tissue, trunk, pelvis	Recurrence
GSM4181562	VALIDATION_SAMPLE 33	validation	Osteosarcoma (high-grade)	OS (HG)	Osteosarcoma	sarcoma	institutional_diagnosis	metastasis	Visceral, thorax, lung	Metastasis
GSM4181563	VALIDATION_SAMPLE 34	validation	Rhabdomyosarcoma (alveolar)	RMS (ALV)	FP-RMS	sarcoma	methylation_class_alveolar	recurrence	Soft tissue, head and neck, neck	Recurrence
GSM4181564	VALIDATION_SAMPLE 35	validation	Clear cell sarcoma of soft tissue	CCS	Clear cell sarcoma	sarcoma	institutional_diagnosis	metastasis	Soft tissue, limbs, upper limbs, hand	Metastasis
GSM4181565	VALIDATION_SAMPLE 36	validation	Osteosarcoma (high-grade)	OS (HG)	Osteosarcoma	sarcoma	institutional_diagnosis	metastasis	Visceral, thorax, lung	Metastasis
GSM4181566	VALIDATION_SAMPLE 37	validation	Rhabdoid tumour	ES	Rhabdoid tumor/ATRT	sarcoma	institutional_diagnosis	metastasis	Visceral, thorax, lung	Metastasis
GSM4181567	VALIDATION_SAMPLE 38	validation	Ewing´s sarcoma	EWING	Ewing	sarcoma	institutional_diagnosis	metastasis	Bone, pelvis	Metastasis
GSM4181568	VALIDATION_SAMPLE 39	validation	Rhabdomyosarcoma (alveolar)	RMS (ALV)	FP-RMS	sarcoma	methylation_class_alveolar	metastasis	Visceral, abdomen, kidney	Metastasis
GSM4181569	VALIDATION_SAMPLE 40	validation	Rhabdomyosarcoma (alveolar)	RMS (ALV)	FP-RMS	sarcoma	methylation_class_alveolar	metastasis		Metastasis
GSM4181570	VALIDATION_SAMPLE 41	validation	Rhabdoid tumour	MRT	Rhabdoid tumor/ATRT	sarcoma	institutional_diagnosis	metastasis	Soft tissue, trunk, pelvis	Metastasis
GSM4181571	VALIDATION_SAMPLE 42	validation	Osteosarcoma (high-grade)	OS (HG)	Osteosarcoma	sarcoma	institutional_diagnosis	metastasis	Visceral, thorax, lung	Metastasis
GSM4181572	VALIDATION_SAMPLE 43	validation	Osteosarcoma (high-grade)	OS (HG)	Osteosarcoma	sarcoma	institutional_diagnosis	metastasis	Soft tissue, trunk, abdomen	Metastasis
GSM4181573	VALIDATION_SAMPLE 44	validation	Rhabdomyosarcoma (embryonal)	RMS (EMB)	FN-RMS	sarcoma	methylation_class_embryonal	metastasis	Soft tissue, head and neck, orbit	Metastasis
GSM4181574	VALIDATION_SAMPLE 45	validation	Rhabdomyosarcoma, NOS	RMS (EMB)	FN-RMS	sarcoma	methylation_class_embryonal	metastasis	Peritoneum	Metastasis
GSM4181575	VALIDATION_SAMPLE 46	validation	Ewing´s sarcoma	EWING	Ewing	sarcoma	institutional_diagnosis	metastasis	Visceral, thorax, lung	Metastasis
GSM4181576	VALIDATION_SAMPLE 47	validation	Osteosarcoma (high-grade)	OS (HG)	Osteosarcoma	sarcoma	institutional_diagnosis	metastasis	Visceral, thorax, lung	Metastasis
GSM4181577	VALIDATION_SAMPLE 48	validation	Rhabdomyosarcoma (alveolar)	RMS (ALV)	FP-RMS	sarcoma	methylation_class_alveolar	recurrence	Bone, bone marrow	Recurrence
GSM4181578	VALIDATION_SAMPLE 49	validation	Rhabdomyosarcoma (alveolar)	RMS (ALV)	FP-RMS	sarcoma	methylation_class_alveolar	metastasis	Soft tissue, trunk, abdomen, groin	Metastasis
GSM4181579	VALIDATION_SAMPLE 50	validation	Ewing´s sarcoma	EWING	Ewing	sarcoma	institutional_diagnosis	metastasis	Bone, pelvis	Metastasis
GSM4181580	VALIDATION_SAMPLE 51	validation	Synovial sarcoma	SYSA	Synovial sarcoma	sarcoma	institutional_diagnosis	metastasis	Visceral, thorax, lung	Metastasis
GSM4181581	VALIDATION_SAMPLE 52	validation	Ewing´s sarcoma	SBRCT (BCOR)	Ewing	sarcoma	institutional_diagnosis	metastasis	Bone, spine	Metastasis
GSM4181582	VALIDATION_SAMPLE 53	validation	Rhabdomyosarcoma (alveolar)	RMS (ALV)	FP-RMS	sarcoma	methylation_class_alveolar	metastasis	Soft tissue, trunk, abomen	Metastasis
GSM4181583	VALIDATION_SAMPLE 54	validation	Extraskeletal myxoid chondrosarcoma	SEF	EMC	sarcoma	institutional_diagnosis	primary_tumor	Soft tissue, trunk, paraspinal	Primary
GSM4181584	VALIDATION_SAMPLE 55	validation	Desmoplastic small round cell tumour	DSRCT	DSRCT	sarcoma	institutional_diagnosis	recurrence	Soft tissue, trunk, abdomen	Recurrence
GSM4181585	VALIDATION_SAMPLE 56	validation	Rhabdomyosarcoma (alveolar)	RMS (ALV)	FP-RMS	sarcoma	methylation_class_alveolar	primary_tumor	Soft tissue, limbs, upper limbs, shoulder girdle	Primary
GSM4181586	VALIDATION_SAMPLE 57	validation	Rhabdomyosarcoma (embryonal)	RMS (MYOD1)	RMS-MYOD1	sarcoma	methylation_class_MYOD1	metastasis	Soft tissue, head and neck, submandibular	Metastasis
GSM4181587	VALIDATION_SAMPLE 58	validation	Rhabdoid tumour	MRT	Rhabdoid tumor/ATRT	sarcoma	institutional_diagnosis	primary_tumor	Visceral, abdomen, liver	Primary
GSM4181588	VALIDATION_SAMPLE 59	validation	Rhabdomyosarcoma (alveolar)	RMS (ALV)	FP-RMS	sarcoma	methylation_class_alveolar	recurrence	Soft tissue, limbs, upper limbs, hand	Recurrence
GSM4181589	VALIDATION_SAMPLE 60	validation	Chondrosarcoma (mesenchymal)	OS (HG)	Chondrosarcoma	sarcoma	institutional_diagnosis	recurrence	Soft tissue, head and neck, lip	Recurrence
GSM4181590	VALIDATION_SAMPLE 61	validation	Rhabdomyosarcoma (alveolar)	RMS (ALV)	FP-RMS	sarcoma	methylation_class_alveolar	recurrence	Skin, subcutis	Recurrence
GSM4181591	VALIDATION_SAMPLE 62	validation	Ewing´s sarcoma	EWING	Ewing	sarcoma	institutional_diagnosis	recurrence	Bone, limbs, lower limbs, hip	Recurrence
GSM4181592	VALIDATION_SAMPLE 63	validation	Osteosarcoma (high-grade)	OB	Osteosarcoma	sarcoma	institutional_diagnosis	metastasis	Bone, thorax, costae	Metastasis
GSM4181593	VALIDATION_SAMPLE 64	validation	Infantil myofibromatosis	USARC	Infantile myofibromatosis	benign	institutional_diagnosis	primary_tumor	Soft tissue, trunk, pelvis	Primary
GSM4181594	VALIDATION_SAMPLE 65	validation	Sarcoma, NOS	RMS (ALV)	Sarcoma NOS	sarcoma	institutional_diagnosis	recurrence	Bone, head and neck, skull	Recurrence
GSM4181595	VALIDATION_SAMPLE 66	validation	Ewing´s sarcoma	EWING	Ewing	sarcoma	institutional_diagnosis	recurrence	Soft tissue, trunk, paraspinal	Recurrence
GSM4181596	VALIDATION_SAMPLE 67	validation	Alveolar soft part sarcoma	ASPS	ASPS	sarcoma	institutional_diagnosis	metastasis	Intracranial	Metastasis
GSM4181597	VALIDATION_SAMPLE 68	validation	Rhabdomyosarcoma (alveolar)	RMS (ALV)	FP-RMS	sarcoma	methylation_class_alveolar	metastasis	Soft tissue, trunk, thoracic wall	Metastasis
GSM4181598	VALIDATION_SAMPLE 69	validation	Osteosarcoma (high-grade)	OS (HG)	Osteosarcoma	sarcoma	institutional_diagnosis	recurrence	Bone, limbs, lower limbs, femur	Recurrence
GSM4181599	VALIDATION_SAMPLE 70	validation	Rhabdomyosarcoma (alveolar)	RMS (ALV)	FP-RMS	sarcoma	methylation_class_alveolar	metastasis	Soft tisse, trunk, lumbal spine	Metastasis
GSM4181600	VALIDATION_SAMPLE 71	validation	Rhabdomyosarcoma (embryonal)	RMS (MYOD1)	RMS-MYOD1	sarcoma	methylation_class_MYOD1	recurrence	Intracranial	Recurrence
GSM4181601	VALIDATION_SAMPLE 72	validation	Ewing´s sarcoma	EWING	Ewing	sarcoma	institutional_diagnosis	metastasis	Intracranial	Metastasis
GSM4181602	VALIDATION_SAMPLE 73	validation	Rhabdomyosarcoma (embryonal)	RMS (EMB)	FN-RMS	sarcoma	methylation_class_embryonal	recurrence	Visceral, abdomen, liver	Recurrence
GSM4181603	VALIDATION_SAMPLE 74	validation	Angiosarcoma	AS	Angiosarcoma	sarcoma	institutional_diagnosis	primary_tumor	Visceral, thorax, breast	Primary
GSM4181604	VALIDATION_SAMPLE 75	validation	Fibrocartilaginous mesenchymoma of bone	FDY	Other rare bone tumour	sarcoma	institutional_diagnosis	primary_tumor	Bone, pelvis	
GSM4181605	VALIDATION_SAMPLE 76	validation	Chordoma	CHORD	Chordoma	sarcoma	institutional_diagnosis	recurrence	Bone, head and neck, skull base	Recurrence
GSM4181606	VALIDATION_SAMPLE 77	validation	Synovial sarcoma	SYSA	Synovial sarcoma	sarcoma	institutional_diagnosis	primary_tumor	Soft tissue, limbs, upper limbs, arm	Primary
GSM4181607	VALIDATION_SAMPLE 78	validation	Rhabdomyosarcoma (embryonal)	RMS (EMB)	FN-RMS	sarcoma	methylation_class_embryonal	primary_tumor	Soft tissue, head and neck, head	Primary
GSM4181608	VALIDATION_SAMPLE 79	validation	Rhabdoid tumour	MRT	Rhabdoid tumor/ATRT	sarcoma	institutional_diagnosis	metastasis	Visceral, thorax, lung	Metastasis
GSM4181609	VALIDATION_SAMPLE 80	validation	Ewing´s sarcoma	EWING	Ewing	sarcoma	institutional_diagnosis	recurrence	Bone, limbs, lower limbs, femur	Recurrence
GSM4181610	VALIDATION_SAMPLE 81	validation	Rhabdomyosarcoma (embryonal)	RMS (ALV)	FP-RMS	sarcoma	methylation_class_alveolar	recurrence	Soft tissue, trunk, abdomen, peritoneum	Recurrence
GSM4181611	VALIDATION_SAMPLE 82	validation	Malignant peripheral nerve sheath tumour	SWN	MPNST	sarcoma	institutional_diagnosis	primary_tumor	Soft tissue, spine, peripheral nerve	Primary
GSM4181612	VALIDATION_SAMPLE 83	validation	Rhabdomyosarcoma (alveolar)	RMS (ALV)	FP-RMS	sarcoma	methylation_class_alveolar	metastasis	Lymph node	Metastasis
GSM4181613	VALIDATION_SAMPLE 84	validation	Rhabdomyosarcoma (spindle cell)	RMS (ALV)	FP-RMS	sarcoma	methylation_class_alveolar	metastasis	Soft tissue, limbs, upper limbs, supraclavicular area	Metastasis
GSM4181614	VALIDATION_SAMPLE 85	validation	Osteosarcoma (high-grade)	OS (HG)	Osteosarcoma	sarcoma	institutional_diagnosis	metastasis	Bone, limbs, upper limbs, hand	Metastasis
GSM4181615	VALIDATION_SAMPLE 86	validation	Rhabdomyosarcoma (embryonal)	RMS (EMB)	FN-RMS	sarcoma	methylation_class_embryonal	metastasis	Soft tissue, limbs, upper limbs, shoulder girdle	Metastasis
GSM4181616	VALIDATION_SAMPLE 87	validation	Giant cell tumour of bone	GCTB	GCTB/Chondroblastoma	sarcoma	institutional_diagnosis	recurrence	Bone, spine	Recurrence
GSM4181617	VALIDATION_SAMPLE 88	validation	Rhabdomyosarcoma (alveolar)	RMS (ALV)	FP-RMS	sarcoma	methylation_class_alveolar	metastasis	Soft tissue, limbs, upper limbs, shoulder girdle	Metastasis
GSM4181618	VALIDATION_SAMPLE 89	validation	Ewing´s sarcoma	EWING	Ewing	sarcoma	institutional_diagnosis	metastasis	Visceral, thorax, lung	Metastasis
GSM4181619	VALIDATION_SAMPLE 90	validation	Rhabdoid tumour	MRT	Rhabdoid tumor/ATRT	sarcoma	institutional_diagnosis	recurrence	Soft tissue, trunk, thorax, paravertebral	Recurrence
GSM4181620	VALIDATION_SAMPLE 91	validation	Osteosarcoma (high-grade)	OS (HG)	Osteosarcoma	sarcoma	institutional_diagnosis	metastasis	Visceral, thorax, lung	Metastasis
GSM4181621	VALIDATION_SAMPLE 92	validation	Rhabdomyosarcoma (alveolar)	RMS (ALV)	FP-RMS	sarcoma	methylation_class_alveolar	metastasis	Soft tissue, limbs, lower limbs, popliteal fossa	Metastasis
GSM4181622	VALIDATION_SAMPLE 93	validation	Rhabdomyosarcoma (embryonal)	RMS (EMB)	FN-RMS	sarcoma	methylation_class_embryonal	recurrence	Bone, head and neck, skull base	Recurrence
GSM4181623	VALIDATION_SAMPLE 94	validation	Rhabdomyosarcoma, NOS	RMS (EMB)	FN-RMS	sarcoma	methylation_class_embryonal	metastasis	Soft tissue, trunk, pelvis	Metastasis
GSM4181624	VALIDATION_SAMPLE 95	validation	Rhabdoid tumour	ES	Rhabdoid tumor/ATRT	sarcoma	institutional_diagnosis	metastasis	Soft tissue, trunk, thorax, diaphragm	Metastasis
GSM4181625	VALIDATION_SAMPLE 96	validation	Rhabdomyosarcoma (alveolar)	RMS (ALV)	FP-RMS	sarcoma	methylation_class_alveolar	metastasis	Soft tissue, head and neck, lymph node	Metastasis
GSM4181626	VALIDATION_SAMPLE 97	validation	Ewing´s sarcoma	EWING	Ewing	sarcoma	institutional_diagnosis	recurrence	Bone, pelvis	Recurrence
GSM4181627	VALIDATION_SAMPLE 98	validation	Synovial sarcoma	SYSA	Synovial sarcoma	sarcoma	institutional_diagnosis	metastasis	Visceral, thorax, lung	Metastasis
GSM4181628	VALIDATION_SAMPLE 99	validation	Osteosarcoma (high-grade)	OS (HG)	Osteosarcoma	sarcoma	institutional_diagnosis	metastasis	Visceral, thorax, lung	Metastasis
GSM4181629	VALIDATION_SAMPLE 100	validation	Osteosarcoma (high-grade)	OS (HG)	Osteosarcoma	sarcoma	institutional_diagnosis	primary_tumor	Bone, limbs, upper limbs, humerus	Primary
GSM4181630	VALIDATION_SAMPLE 101	validation	Ewing´s sarcoma	EWING	Ewing	sarcoma	institutional_diagnosis	metastasis	Bone, pelvis	Metastasis
GSM4181631	VALIDATION_SAMPLE 102	validation	Ewing´s sarcoma	EWING	Ewing	sarcoma	institutional_diagnosis	recurrence	Bone, spine	Recurrence
GSM4181632	VALIDATION_SAMPLE 103	validation	Osteosarcoma (high-grade)	OS (HG)	Osteosarcoma	sarcoma	institutional_diagnosis	metastasis	Visceral, thorax, lung	Metastasis
GSM4181633	VALIDATION_SAMPLE 104	validation	Undifferentiated sarcoma	SARC (RMS-like)	Sarcoma NOS	sarcoma	institutional_diagnosis	primary_tumor	Visceral, head and neck, thyroid gland	Primary
GSM4181634	VALIDATION_SAMPLE 105	validation	Synovial sarcoma	SYSA	Synovial sarcoma	sarcoma	institutional_diagnosis	recurrence	Soft tissue, head and neck	Recurrence
GSM4181635	VALIDATION_SAMPLE 106	validation	Clear cell sarcoma of the kidney	CCSK	CCSK	sarcoma	institutional_diagnosis	metastasis	Intracranial	Metastasis
GSM4181636	VALIDATION_SAMPLE 107	validation	Ewing´s sarcoma	EWING	Ewing	sarcoma	institutional_diagnosis	metastasis	Bone, limbs, lower limbs, femur	Metastasis
GSM4181637	VALIDATION_SAMPLE 108	validation	Ewing´s sarcoma	EWING	Ewing	sarcoma	institutional_diagnosis	metastasis	Visceral, abdomen, kidney	Metastasis
GSM4181638	VALIDATION_SAMPLE 109	validation	Ewing´s sarcoma	EWING	Ewing	sarcoma	institutional_diagnosis	primary_tumor	Bone, thorax, costae	Primary
GSM4181639	VALIDATION_SAMPLE 110	validation	Osteosarcoma (high-grade)	OS (HG)	Osteosarcoma	sarcoma	institutional_diagnosis	metastasis	Visceral, thorax, lung	Metastasis
GSM4181640	VALIDATION_SAMPLE 111	validation	Rhabdomyosarcoma (alveolar)	RMS (ALV)	FP-RMS	sarcoma	methylation_class_alveolar	primary_tumor	Intracranial, infratentorial	Primary
GSM4181641	VALIDATION_SAMPLE 112	validation	Leiomyosarcoma	LMS	Leiomyosarcoma	sarcoma	institutional_diagnosis	recurrence	Soft tissue, trunk, paraspinal	Recurrence
GSM4181642	VALIDATION_SAMPLE 113	validation	Malignant peripheral nerve sheath tumour	SARC (MPNST-like)	MPNST	sarcoma	institutional_diagnosis	recurrence	Bone, thorax, costae	Recurrence
GSM4181643	VALIDATION_SAMPLE 114	validation	Ewing´s sarcoma	EWING	Ewing	sarcoma	institutional_diagnosis	recurrence	Bone, spine	Recurrence
GSM4181644	VALIDATION_SAMPLE 115	validation	Rhabdomyosarcoma (embryonal)	RMS (EMB)	FN-RMS	sarcoma	methylation_class_embryonal	recurrence	Soft tissue, head and neck, skull base	Recurrence
GSM4181645	VALIDATION_SAMPLE 116	validation	Ewing´s sarcoma	EWING	Ewing	sarcoma	institutional_diagnosis	primary_tumor	Bone, limbs, upper limbs, humerus	Primary
GSM4181646	VALIDATION_SAMPLE 117	validation	Ewing´s sarcoma	EWING	Ewing	sarcoma	institutional_diagnosis	metastasis	Soft tissue, head and neck	Metastasis
GSM4181647	VALIDATION_SAMPLE 118	validation	Ewing´s sarcoma	EWING	Ewing	sarcoma	institutional_diagnosis	recurrence	Bone, spine	Recurrence
GSM4181648	VALIDATION_SAMPLE 119	validation	Leiomyosarcoma	LMS	Leiomyosarcoma	sarcoma	institutional_diagnosis	primary_tumor	Soft tissue, trunk, abdomen, vena cava	Primary
GSM4181649	VALIDATION_SAMPLE 120	validation	Desmoid-type fibromatosis	USARC	Desmoid	sarcoma	institutional_diagnosis	primary_tumor	Soft tissue, trunk, abdomen	Primary
GSM4181650	VALIDATION_SAMPLE 121	validation	Ewing´s sarcoma	EWING	Ewing	sarcoma	institutional_diagnosis	recurrence	Bone, head and neck, temporal bone	Recurrence
GSM4181651	VALIDATION_SAMPLE 122	validation	Ewing´s sarcoma	EWING	Ewing	sarcoma	institutional_diagnosis	primary_tumor		Primary
GSM4181652	VALIDATION_SAMPLE 123	validation	Ewing´s sarcoma	EWING	Ewing	sarcoma	institutional_diagnosis	recurrence	Bone, limbs, lower limbs, femur	Recurrence
GSM4181653	VALIDATION_SAMPLE 124	validation	Rhabdomyosarcoma (embryonal)	RMS (EMB)	FN-RMS	sarcoma	methylation_class_embryonal	recurrence	Soft tissue, trunk, pelvis, bladder	Recurrence
GSM4181654	VALIDATION_SAMPLE 125	validation	Ewing´s sarcoma	EWING	Ewing	sarcoma	institutional_diagnosis	recurrence	Bone, spine	Recurrence
GSM4181655	VALIDATION_SAMPLE 126	validation	Ewing´s sarcoma	EWING	Ewing	sarcoma	institutional_diagnosis	metastasis	Visceral, thorax, lung	Metastasis
GSM4181656	VALIDATION_SAMPLE 127	validation	Sarcoma, NOS	LMS	Sarcoma NOS	sarcoma	institutional_diagnosis	recurrence	Visceral, abdomen, liver	Recurrence
GSM4181657	VALIDATION_SAMPLE 128	validation	Osteosarcoma (high-grade)	OS (HG)	Osteosarcoma	sarcoma	institutional_diagnosis	metastasis	Visceral, thorax, lung	Metastasis
GSM4181658	VALIDATION_SAMPLE 129	validation	Osteosarcoma (high-grade)	OS (HG)	Osteosarcoma	sarcoma	institutional_diagnosis	metastasis	Bone, limbs, lower limbs, femur	Metastasis
GSM4181659	VALIDATION_SAMPLE 130	validation	Ewing´s sarcoma	EWING	Ewing	sarcoma	institutional_diagnosis	metastasis	Bone, thorax, costae	Metastasis
GSM4181660	VALIDATION_SAMPLE 131	validation	Rhabdomyosarcoma (alveolar)	RMS (ALV)	FP-RMS	sarcoma	methylation_class_alveolar	metastasis	Soft tissue, limbs, upper limbs, axilla, lymph node	Metastasis
GSM4181661	VALIDATION_SAMPLE 132	validation	Osteosarcoma (high-grade)	OS (HG)	Osteosarcoma	sarcoma	institutional_diagnosis	metastasis	Visceral, thorax, lung	Metastasis
GSM4181662	VALIDATION_SAMPLE 133	validation	Rhabdomyosarcoma (embryonal)	RMS (EMB)	FN-RMS	sarcoma	methylation_class_embryonal	recurrence	Soft tissue, head and neck, nasopharynx	Recurrence
GSM4181663	VALIDATION_SAMPLE 134	validation	Osteosarcoma (high-grade)	OS (HG)	Osteosarcoma	sarcoma	institutional_diagnosis	metastasis	Bone, thorax, costae	Metastasis
GSM4181664	VALIDATION_SAMPLE 135	validation	Desmoplastic small round cell tumour	DSRCT	DSRCT	sarcoma	institutional_diagnosis	primary_tumor	Soft tissue, trunk, abdomen	Primary
GSM4181665	VALIDATION_SAMPLE 136	validation	Osteosarcoma (high-grade)	OS (HG)	Osteosarcoma	sarcoma	institutional_diagnosis	metastasis	Skin, subcutis	Metastasis
GSM4181666	VALIDATION_SAMPLE 137	validation	Rhabdomyosarcoma (alveolar)	RMS (ALV)	FP-RMS	sarcoma	methylation_class_alveolar	recurrence	Soft tissue, limbs, upper limbs, shoulder girdle, lymph node	Recurrence
GSM4181667	VALIDATION_SAMPLE 138	validation	Desmoplastic small round cell tumour	DSRCT	DSRCT	sarcoma	institutional_diagnosis	recurrence	Soft tissue, trunk, abdomen	Recurrence
GSM4181668	VALIDATION_SAMPLE 139	validation	Osteosarcoma (high-grade)	OS (HG)	Osteosarcoma	sarcoma	institutional_diagnosis	metastasis	Visceral, thorax, lung	Metastasis
GSM4181669	VALIDATION_SAMPLE 140	validation	Rhabdomyosarcoma (alveolar)	RMS (ALV)	FP-RMS	sarcoma	methylation_class_alveolar	recurrence	Soft tissue, trunk, pelvis	Recurrence
GSM4181670	VALIDATION_SAMPLE 141	validation	Rhabdoid tumour	MRT	Rhabdoid tumor/ATRT	sarcoma	institutional_diagnosis	metastasis	Soft tissue, trunk, paraspinal	Metastasis
GSM4181671	VALIDATION_SAMPLE 142	validation	Ewing´s sarcoma	EWING	Ewing	sarcoma	institutional_diagnosis	recurrence	Bone, limbs, lower limbs, tibia	Recurrence
GSM4181672	VALIDATION_SAMPLE 143	validation	Rhabdomyosarcoma (embryonal)	RMS (EMB)	FN-RMS	sarcoma	methylation_class_embryonal	recurrence	Bone, head and neck, skull base	Recurrence
GSM4181673	VALIDATION_SAMPLE 144	validation	Desmoplastic small round cell tumour	DSRCT	DSRCT	sarcoma	institutional_diagnosis	recurrence	Soft tissue, trunk, abdomen	Recurrence
GSM4181674	VALIDATION_SAMPLE 145	validation	Sarcoma, NOS	SARC (RMS-like)	Sarcoma NOS	sarcoma	institutional_diagnosis	primary_tumor	Soft tissue, trunk, paraspinal	Primary
GSM4181675	VALIDATION_SAMPLE 146	validation	Rhabdomyosarcoma (alveolar)	RMS (ALV)	FP-RMS	sarcoma	methylation_class_alveolar	metastasis	Lymph node	Metastasis
GSM4181676	VALIDATION_SAMPLE 147	validation	Myoepithelioma	CSA (IDH GROUP B)	Myoepithelial tumour	sarcoma	institutional_diagnosis	primary_tumor	Bone, head and neck,	Primary
GSM4181677	VALIDATION_SAMPLE 148	validation	Ewing´s sarcoma	EWING	Ewing	sarcoma	institutional_diagnosis	recurrence	Bone, limbs, lower limbs, femur	Recurrence
GSM4181678	VALIDATION_SAMPLE 149	validation	Ewing´s sarcoma	EWING	Ewing	sarcoma	institutional_diagnosis	metastasis	Soft tissue, limbs, upper limbs, shoulder girdle, lymph node	Metastasis
GSM4181679	VALIDATION_SAMPLE 150	validation	Rhabdomyosarcoma (alveolar)	ASPS	FP-RMS	sarcoma	histology_alveolar	metastasis	Visceral, thorax, lung	Metastasis
GSM4181680	VALIDATION_SAMPLE 151	validation	Ewing´s sarcoma	EWING	Ewing	sarcoma	institutional_diagnosis	metastasis	Visceral, thorax, lung	Metastasis
GSM4181681	VALIDATION_SAMPLE 152	validation	Osteosarcoma (high-grade)	OS (HG)	Osteosarcoma	sarcoma	institutional_diagnosis	metastasis	Visceral, thorax, lung	Metastasis
GSM4181682	VALIDATION_SAMPLE 153	validation	Rhabdomyosarcoma (alveolar)	RMS (ALV)	FP-RMS	sarcoma	methylation_class_alveolar	metastasis	Head	Metastasis
GSM4181683	VALIDATION_SAMPLE 154	validation	Gastroinstestinal stromal tumour	USARC	GIST	sarcoma	institutional_diagnosis	primary_tumor	Visceral, gastrointestinal tract	Primary
GSM4181684	VALIDATION_SAMPLE 155	validation	Solitary fibrous tumour	SFT	Solitary fibrous tumour	sarcoma	institutional_diagnosis	metastasis	Bone	Recurrence/Metastasis
GSM4181685	VALIDATION_SAMPLE 156	validation	Osteosarcoma (high-grade)	USARC	Osteosarcoma	sarcoma	institutional_diagnosis	metastasis	Bone, limbs, upper limbs, shoulder	Recurrence/Metastasis
GSM4181686	VALIDATION_SAMPLE 157	validation	Synovial sarcoma	SYSA	Synovial sarcoma	sarcoma	institutional_diagnosis	metastasis	Soft tissue, limbs, lower limbs	Recurrence/Metastasis
GSM4181687	VALIDATION_SAMPLE 158	validation	Leiomyosarcoma	LMS	Leiomyosarcoma	sarcoma	institutional_diagnosis	metastasis	Soft tissue, trunk, retroperitoneum	Recurrence/Metastasis
GSM4181688	VALIDATION_SAMPLE 159	validation	Liposarcoma (myxoid)	MLS	Liposarcoma-myxoid	sarcoma	institutional_diagnosis	metastasis	Soft tissue, limbs, lower limbs	Recurrence/Metastasis
GSM4181689	VALIDATION_SAMPLE 160	validation	Solitary fibrous tumour	SFT	Solitary fibrous tumour	sarcoma	institutional_diagnosis	metastasis	Soft tissue, trunk, retroperitoneum	Recurrence/Metastasis
GSM4181690	VALIDATION_SAMPLE 161	validation	Sarcoma, NOS	GIST	Sarcoma NOS	sarcoma	institutional_diagnosis	metastasis	Soft tissue, limbs, lower limbs	Recurrence/Metastasis
GSM4181691	VALIDATION_SAMPLE 162	validation	Osteosarcoma (high-grade)	USARC	Osteosarcoma	sarcoma	institutional_diagnosis	metastasis	Soft tissue, limbs, lower limbs	Recurrence/Metastasis
GSM4181692	VALIDATION_SAMPLE 163	validation	Leiomyosarcoma	LMS	Leiomyosarcoma	sarcoma	institutional_diagnosis	metastasis	Soft tissue, trunk, retroperitoneum	Recurrence/Metastasis
GSM4181693	VALIDATION_SAMPLE 164	validation	Leiomyosarcoma	LMS	Leiomyosarcoma	sarcoma	institutional_diagnosis	metastasis	Soft tissue, trunk, retroperitoneum	Recurrence/Metastasis
GSM4181694	VALIDATION_SAMPLE 165	validation	Spindle cell carcinoma (transitional cell)	SYSA	Spindle cell carcinoma	nonsarcoma	institutional_diagnosis	metastasis	Soft tissue, limbs, lower limbs	Recurrence/Metastasis
GSM4181695	VALIDATION_SAMPLE 166	validation	Undifferentiated sarcoma	USARC	Sarcoma NOS	sarcoma	institutional_diagnosis	metastasis	Soft tissue, limbs, lower limbs	Recurrence/Metastasis
GSM4181696	VALIDATION_SAMPLE 167	validation	Undifferentiated sarcoma	LCH	Sarcoma NOS	sarcoma	institutional_diagnosis	metastasis	Soft tissue, limbs, lower limbs	Recurrence/Metastasis
GSM4181697	VALIDATION_SAMPLE 168	validation	Gastroinstestinal stromal tumour	GIST	GIST	sarcoma	institutional_diagnosis	metastasis	Soft tissue, trunk, pelvis	Recurrence/Metastasis
GSM4181698	VALIDATION_SAMPLE 169	validation	Epithelioid sarcoma	ES	Epithelioid sarcoma	sarcoma	institutional_diagnosis	metastasis	Soft tissue, head and neck, cavum oris	Recurrence/Metastasis
GSM4181699	VALIDATION_SAMPLE 170	validation	Gastroinstestinal stromal tumour	GIST	GIST	sarcoma	institutional_diagnosis	metastasis	Visceral, abdomen, small intestine	Recurrence/Metastasis
GSM4181700	VALIDATION_SAMPLE 171	validation	Malignant peripheral nerve sheath tumour	USARC	MPNST	sarcoma	institutional_diagnosis	metastasis	Soft tissue, trunk, peripheral nerve	Recurrence/Metastasis
GSM4181701	VALIDATION_SAMPLE 172	validation	Chordoma	CHORD	Chordoma	sarcoma	institutional_diagnosis	metastasis	Bone, head and neck, skull	Recurrence/Metastasis
GSM4181702	VALIDATION_SAMPLE 173	validation	Osteosarcoma (high-grade)	OS (HG)	Osteosarcoma	sarcoma	institutional_diagnosis	metastasis	Bone, head and neck, skull	Recurrence/Metastasis
GSM4181703	VALIDATION_SAMPLE 174	validation	Chondromyxoid fibroma	USARC	Chondromyxoid fibroma	benign	institutional_diagnosis	metastasis	Bone, limbs, upper limbs, clavicula	Recurrence/Metastasis
GSM4181704	VALIDATION_SAMPLE 175	validation	Rhabdomyosarcoma (embryonal)	RMS (MYOD1)	RMS-MYOD1	sarcoma	methylation_class_MYOD1	metastasis	Soft tissue, head and neck	Recurrence/Metastasis
GSM4181705	VALIDATION_SAMPLE 176	validation	Leiomyosarcoma	LMS	Leiomyosarcoma	sarcoma	institutional_diagnosis	metastasis	Soft tissue	Recurrence/Metastasis
GSM4181706	VALIDATION_SAMPLE 177	validation	Synovial sarcoma	SYSA	Synovial sarcoma	sarcoma	institutional_diagnosis	metastasis	Soft tissue, limbs, lower limbs	Recurrence/Metastasis
GSM4181707	VALIDATION_SAMPLE 178	validation	Epithelioid sarcoma	ES	Epithelioid sarcoma	sarcoma	institutional_diagnosis	metastasis	Soft tissue, limbs, upper limbs	Recurrence/Metastasis
GSM4181708	VALIDATION_SAMPLE 179	validation	Angiosarcoma	MRT	Angiosarcoma	sarcoma	institutional_diagnosis	metastasis	Soft tissue, limbs, upper limbs	Recurrence/Metastasis
GSM4181709	VALIDATION_SAMPLE 180	validation	Synovial sarcoma	SYSA	Synovial sarcoma	sarcoma	institutional_diagnosis	metastasis	Soft tissue, head and neck	Recurrence/Metastasis
GSM4181710	VALIDATION_SAMPLE 181	validation	Undifferentiated sarcoma	USARC	Sarcoma NOS	sarcoma	institutional_diagnosis	metastasis		Recurrence/Metastasis
GSM4181711	VALIDATION_SAMPLE 182	validation	Ewing´s sarcoma	EWING	Ewing	sarcoma	institutional_diagnosis	metastasis	Bone, pelvis	Recurrence/Metastasis
GSM4181712	VALIDATION_SAMPLE 183	validation	Undifferentiated sarcoma	OS (HG)	Sarcoma NOS	sarcoma	institutional_diagnosis	metastasis	Bone	Recurrence/Metastasis
GSM4181713	VALIDATION_SAMPLE 184	validation	Gastroinstestinal stromal tumour	GCTB	GIST	sarcoma	institutional_diagnosis	metastasis	Visceral, abdomen, intestinal tract	Recurrence/Metastasis
GSM4181714	VALIDATION_SAMPLE 185	validation	Liposarcoma (well differentiated)	WDLS/DDLS	Liposarcoma-WD	sarcoma	institutional_diagnosis	metastasis	Soft tissue, trunk, retroperitoneum	Recurrence/Metastasis
GSM4181715	VALIDATION_SAMPLE 186	validation	Synovial sarcoma	SYSA	Synovial sarcoma	sarcoma	institutional_diagnosis	metastasis	Soft tissue, limbs, lower limbs	Recurrence/Metastasis
GSM4181716	VALIDATION_SAMPLE 187	validation	Synovial sarcoma	SYSA	Synovial sarcoma	sarcoma	institutional_diagnosis	metastasis	Soft tissue, head and neck	Recurrence/Metastasis
GSM4181717	VALIDATION_SAMPLE 188	validation	Undifferentiated sarcoma	USARC	Sarcoma NOS	sarcoma	institutional_diagnosis	metastasis	Soft tissue, head and neck	Recurrence/Metastasis
GSM4181718	VALIDATION_SAMPLE 189	validation	Dermatofibrosarcoma protuberans	DFSP	DFSP	sarcoma	institutional_diagnosis	metastasis	Skin, head	Recurrence/Metastasis
GSM4181719	VALIDATION_SAMPLE 190	validation	Leiomyosarcoma	LMS	Leiomyosarcoma	sarcoma	institutional_diagnosis	metastasis	Soft tissue, trunk, thoracic wall	Recurrence/Metastasis
GSM4181720	VALIDATION_SAMPLE 191	validation	Epithelioid haemangioendothelioma	ES	EHE	sarcoma	institutional_diagnosis	metastasis	Soft tissue, trunk, pelvis	Recurrence/Metastasis
GSM4181721	VALIDATION_SAMPLE 192	validation	Leiomyosarcoma	USARC	Leiomyosarcoma	sarcoma	institutional_diagnosis	metastasis	Visceral, pelvis, uterus	Recurrence/Metastasis
GSM4181722	VALIDATION_SAMPLE 193	validation	Undifferentiated sarcoma	USARC	Sarcoma NOS	sarcoma	institutional_diagnosis	metastasis	Visceral, abdomen, small intestine	Recurrence/Metastasis
GSM4181723	VALIDATION_SAMPLE 194	validation	Sarcoma, NOS	MPNST	Sarcoma NOS	sarcoma	institutional_diagnosis	metastasis	Soft tissue, trunk, retroperitoneum	Recurrence/Metastasis
GSM4181724	VALIDATION_SAMPLE 195	validation	Solitary fibrous tumour	SFT	Solitary fibrous tumour	sarcoma	institutional_diagnosis	metastasis	Soft tissue, trunk	Recurrence/Metastasis
GSM4181725	VALIDATION_SAMPLE 196	validation	Chondrosarcoma	OS (HG)	Chondrosarcoma	sarcoma	institutional_diagnosis	metastasis	Bone, limbs, upper limbs, shoulder	Recurrence/Metastasis
GSM4181726	VALIDATION_SAMPLE 197	validation	Sarcoma, NOS	SBRCT (CIC)	Sarcoma NOS	sarcoma	institutional_diagnosis	metastasis	Soft tissue, limbs, lower limbs	Recurrence/Metastasis
GSM4181727	VALIDATION_SAMPLE 198	validation	Liposarcoma (pleomorphic)	USARC	Liposarcoma-pleomorphic	sarcoma	institutional_diagnosis	metastasis	Soft tissue, trunk, retroperitoneum	Recurrence/Metastasis
GSM4181728	VALIDATION_SAMPLE 199	validation	Angiomatoid fibrous histiocytoma	DSRCT	Angiomatoid fibrous histiocytoma	sarcoma	institutional_diagnosis	metastasis	Soft tissue	Recurrence/Metastasis
GSM4181729	VALIDATION_SAMPLE 200	validation	Leiomyosarcoma	LMS	Leiomyosarcoma	sarcoma	institutional_diagnosis	metastasis	Visceral, abdomen, adrenal gland	Recurrence/Metastasis
GSM4181730	VALIDATION_SAMPLE 201	validation	Leiomyosarcoma	USARC	Leiomyosarcoma	sarcoma	institutional_diagnosis	metastasis	Visceral, pelvis, uterus	Recurrence/Metastasis
GSM4181731	VALIDATION_SAMPLE 202	validation	Liposarcoma (myxoid)	MLS	Liposarcoma-myxoid	sarcoma	institutional_diagnosis	metastasis	Soft tissue, limbs, lower limbs	Recurrence/Metastasis
GSM4181732	VALIDATION_SAMPLE 203	validation	Solitary fibrous tumour	SFT	Solitary fibrous tumour	sarcoma	institutional_diagnosis	metastasis		Recurrence/Metastasis
GSM4181733	VALIDATION_SAMPLE 204	validation	Malignant mixed mesodermal tumour	AFH	Carcinosarcoma	nonsarcoma	institutional_diagnosis	metastasis	Visceral, pelvis, ovar	Recurrence/Metastasis
GSM4181734	VALIDATION_SAMPLE 205	validation	Dermatofibrosarcoma protuberans	DFSP	DFSP	sarcoma	institutional_diagnosis	metastasis	Soft tissue, trunk, pelvis	Recurrence/Metastasis
GSM4181735	VALIDATION_SAMPLE 206	validation	Undifferentiated sarcoma	LMS	Sarcoma NOS	sarcoma	institutional_diagnosis	metastasis	Visceral, pelvis, uterus	Recurrence/Metastasis
GSM4181736	VALIDATION_SAMPLE 207	validation	Chondrosarcoma (mesenchymal)	CSA (MES)	Chondrosarcoma	sarcoma	institutional_diagnosis	metastasis	Bone, limbs, upper limbs, shoulder	Recurrence/Metastasis
GSM4181737	VALIDATION_SAMPLE 208	validation	Leiomyosarcoma	LMS	Leiomyosarcoma	sarcoma	institutional_diagnosis	metastasis	Soft tissue, trunk, retroperitoneum	Recurrence/Metastasis
GSM4181738	VALIDATION_SAMPLE 209	validation	Chordoma	CHORD	Chordoma	sarcoma	institutional_diagnosis	metastasis	Bone, head and neck, skull base	Recurrence/Metastasis
GSM4181739	VALIDATION_SAMPLE 210	validation	Liposarcoma (myxoid)	MLS	Liposarcoma-myxoid	sarcoma	institutional_diagnosis	metastasis	Soft tissue, trunk, abdomen	Recurrence/Metastasis
GSM4181740	VALIDATION_SAMPLE 211	validation	Osteosarcoma (high-grade)	GCTB	Osteosarcoma	sarcoma	institutional_diagnosis	metastasis	Bone, limbs, lower limbs	Recurrence/Metastasis
GSM4181741	VALIDATION_SAMPLE 212	validation	Gastroinstestinal stromal tumour	GIST	GIST	sarcoma	institutional_diagnosis	metastasis	Visceral, abdomen, small intestine	Recurrence/Metastasis
GSM4181742	VALIDATION_SAMPLE 213	validation	Alveolar soft part sarcoma	ASPS	ASPS	sarcoma	institutional_diagnosis	metastasis	Soft tissue, limbs, lower limbs	Recurrence/Metastasis
GSM4181743	VALIDATION_SAMPLE 214	validation	Sarcoma, NOS	RMS (EMB)	Sarcoma NOS	sarcoma	institutional_diagnosis	metastasis	Soft tissue	Recurrence/Metastasis
GSM4181744	VALIDATION_SAMPLE 215	validation	Alveolar soft part sarcoma	ASPS	ASPS	sarcoma	institutional_diagnosis	metastasis	Soft tissue, trunk, retroperitoneum	Recurrence/Metastasis
GSM4181745	VALIDATION_SAMPLE 216	validation	Ewing´s sarcoma	EWING	Ewing	sarcoma	institutional_diagnosis	metastasis	Visceral, thorax, lung	Metastasis
GSM4181746	VALIDATION_SAMPLE 217	validation	Angiosarcoma	AS	Angiosarcoma	sarcoma	institutional_diagnosis	primary_tumor		
GSM4181747	VALIDATION_SAMPLE 218	validation	Intimal sarcoma	ES	Intimal sarcoma	sarcoma	institutional_diagnosis	primary_tumor	Soft tissue, trunk, thorax, pulmonary artery	
GSM4181748	VALIDATION_SAMPLE 219	validation	Undifferentiated sarcoma	USARC	Sarcoma NOS	sarcoma	institutional_diagnosis	primary_tumor		
GSM4181749	VALIDATION_SAMPLE 220	validation	Sarcoma, NOS	USARC	Sarcoma NOS	sarcoma	institutional_diagnosis	primary_tumor	Soft tissue, limbs, lower limbs, thigh	
GSM4181750	VALIDATION_SAMPLE 221	validation	Sarcoma, NOS	USARC	Sarcoma NOS	sarcoma	institutional_diagnosis	primary_tumor	Soft tissue, limbs, lower limbs, ankle joint	
GSM4181751	VALIDATION_SAMPLE 222	validation	Undifferentiated sarcoma	USARC	Sarcoma NOS	sarcoma	institutional_diagnosis	primary_tumor	Soft tissue	
GSM4181752	VALIDATION_SAMPLE 223	validation	Sarcoma, NOS	USARC	Sarcoma NOS	sarcoma	institutional_diagnosis	primary_tumor	Soft tissue, trunk, pelvis	
GSM4181753	VALIDATION_SAMPLE 224	validation	Sarcoma, NOS	SARC (MPNST-like)	Sarcoma NOS	sarcoma	institutional_diagnosis	primary_tumor		
GSM4181754	VALIDATION_SAMPLE 225	validation	Sarcoma, NOS	USARC	Sarcoma NOS	sarcoma	institutional_diagnosis	primary_tumor		
GSM4181755	VALIDATION_SAMPLE 226	validation	Undifferentiated sarcoma	ES	Sarcoma NOS	sarcoma	institutional_diagnosis	primary_tumor	Bone, limbs, lower limbs, tibia	
GSM4181756	VALIDATION_SAMPLE 227	validation	Sarcoma, NOS	ES	Sarcoma NOS	sarcoma	institutional_diagnosis	primary_tumor		
GSM4181757	VALIDATION_SAMPLE 228	validation	Sarcoma, NOS	USARC	Sarcoma NOS	sarcoma	institutional_diagnosis	primary_tumor	Soft tissue, limbs, upper limbs, elbow	
GSM4181758	VALIDATION_SAMPLE 229	validation	PEComa	USARC	PEComa	sarcoma	institutional_diagnosis	primary_tumor		
GSM4181759	VALIDATION_SAMPLE 230	validation	Undifferentiated sarcoma	SEF	Sarcoma NOS	sarcoma	institutional_diagnosis	primary_tumor		
GSM4181760	VALIDATION_SAMPLE 231	validation	Epithelioid sarcoma, proximal type	ES	Epithelioid sarcoma	sarcoma	institutional_diagnosis	primary_tumor		
GSM4181761	VALIDATION_SAMPLE 232	validation	Undifferentiated sarcoma	USARC	Sarcoma NOS	sarcoma	institutional_diagnosis	primary_tumor		
GSM4181762	VALIDATION_SAMPLE 233	validation	Undifferentiated sarcoma	SARC (MPNST-like)	Sarcoma NOS	sarcoma	institutional_diagnosis	primary_tumor	Bone, pelvis, os ilium	
GSM4181763	VALIDATION_SAMPLE 234	validation	Sarcoma, NOS	GCTB	Sarcoma NOS	sarcoma	institutional_diagnosis	metastasis	Bone, pelvis, os ilium	Metastasis
GSM4181764	VALIDATION_SAMPLE 235	validation	Sarcoma, NOS	USARC	Sarcoma NOS	sarcoma	institutional_diagnosis	primary_tumor		
GSM4181765	VALIDATION_SAMPLE 236	validation	Sarcoma, NOS	ES	Sarcoma NOS	sarcoma	institutional_diagnosis	primary_tumor		
GSM4181766	VALIDATION_SAMPLE 237	validation	Sarcoma, NOS	USARC	Sarcoma NOS	sarcoma	institutional_diagnosis	primary_tumor		
GSM4181767	VALIDATION_SAMPLE 238	validation	Sarcoma, NOS	DSRCT	Sarcoma NOS	sarcoma	institutional_diagnosis	primary_tumor	Soft tissue, trunk, thoracic wall	
GSM4181768	VALIDATION_SAMPLE 239	validation	Desmoplastic small round cell tumour	DSRCT	DSRCT	sarcoma	institutional_diagnosis	primary_tumor	Soft tissue, trunk, abdomen	
GSM4181769	VALIDATION_SAMPLE 240	validation	Desmoplastic small round cell tumour	DSRCT	DSRCT	sarcoma	institutional_diagnosis	primary_tumor		
GSM4181770	VALIDATION_SAMPLE 241	validation	Desmoplastic small round cell tumour	DSRCT	DSRCT	sarcoma	institutional_diagnosis	primary_tumor		
GSM4181771	VALIDATION_SAMPLE 242	validation	Desmoplastic small round cell tumour	DSRCT	DSRCT	sarcoma	institutional_diagnosis	primary_tumor		
GSM4181772	VALIDATION_SAMPLE 243	validation	Sarcoma, NOS	DSRCT	Sarcoma NOS	sarcoma	institutional_diagnosis	primary_tumor		
GSM4181773	VALIDATION_SAMPLE 244	validation	Desmoplastic small round cell tumour	DSRCT	DSRCT	sarcoma	institutional_diagnosis	primary_tumor	Soft tissue, trunk, abdomen	
GSM4181774	VALIDATION_SAMPLE 245	validation	Desmoplastic small round cell tumour	DSRCT	DSRCT	sarcoma	institutional_diagnosis	primary_tumor		
GSM4181775	VALIDATION_SAMPLE 246	validation	Desmoplastic small round cell tumour	DSRCT	DSRCT	sarcoma	institutional_diagnosis	primary_tumor		
GSM4181776	VALIDATION_SAMPLE 247	validation	Sarcoma, NOS	DSRCT	Sarcoma NOS	sarcoma	institutional_diagnosis	primary_tumor		
GSM4181777	VALIDATION_SAMPLE 248	validation	Sarcoma, NOS	USARC	Sarcoma NOS	sarcoma	institutional_diagnosis	primary_tumor		
GSM4181778	VALIDATION_SAMPLE 249	validation	Sarcoma, NOS	SFT	Sarcoma NOS	sarcoma	institutional_diagnosis	primary_tumor		
GSM4181779	VALIDATION_SAMPLE 250	validation	Sarcoma, NOS	AFH	Sarcoma NOS	sarcoma	institutional_diagnosis	primary_tumor		
GSM4181780	VALIDATION_SAMPLE 251	validation	Sarcoma, NOS	USARC	Sarcoma NOS	sarcoma	institutional_diagnosis	primary_tumor	Soft tissue, head and neck, sinus maxillaris	
GSM4181781	VALIDATION_SAMPLE 252	validation	Sarcoma, NOS	USARC	Sarcoma NOS	sarcoma	institutional_diagnosis	primary_tumor		
GSM4181782	VALIDATION_SAMPLE 253	validation	Inflammatory myofibroblastic tumour	IMT	IMT	sarcoma	institutional_diagnosis	primary_tumor		
GSM4181783	VALIDATION_SAMPLE 254	validation	Myxofibrosarcoma	ES	Myxofibrosarcoma	sarcoma	institutional_diagnosis	primary_tumor		
GSM4181784	VALIDATION_SAMPLE 255	validation	Sarcoma, NOS	IMT	Sarcoma NOS	sarcoma	institutional_diagnosis	primary_tumor		
GSM4181785	VALIDATION_SAMPLE 256	validation	Myxofibrosarcoma	SARC (MPNST-like)	Myxofibrosarcoma	sarcoma	institutional_diagnosis	metastasis	Visceral, thorax, heart	Metastasis
GSM4181786	VALIDATION_SAMPLE 257	validation	Sarcoma, NOS	MPNST	Sarcoma NOS	sarcoma	institutional_diagnosis	primary_tumor		
GSM4181787	VALIDATION_SAMPLE 258	validation	Myxofibrosarcoma	USARC	Myxofibrosarcoma	sarcoma	institutional_diagnosis	primary_tumor	Soft tissue, limbs, lower limbs	
GSM4181788	VALIDATION_SAMPLE 259	validation	Undifferentiated sarcoma	USARC	Sarcoma NOS	sarcoma	institutional_diagnosis	primary_tumor		
GSM4181789	VALIDATION_SAMPLE 260	validation	Sarcoma, NOS	ESS (HG)	Sarcoma NOS	sarcoma	institutional_diagnosis	primary_tumor	Soft tissue, peripheral nerve	
GSM4181790	VALIDATION_SAMPLE 261	validation	Sarcoma, NOS	USARC	Sarcoma NOS	sarcoma	institutional_diagnosis	primary_tumor	Soft tissue, limbs, lower limbs, gluteal region	
GSM4181791	VALIDATION_SAMPLE 262	validation	Dermatofibrosarcoma protuberans	ASPS	DFSP	sarcoma	institutional_diagnosis	primary_tumor		
GSM4181792	VALIDATION_SAMPLE 263	validation	Low-grade fibromyxoid sarcoma	SEF	LGFMS/SEF	sarcoma	institutional_diagnosis	primary_tumor	Soft tissue, limbs, lower limbs, popliteal fossa	
GSM4181793	VALIDATION_SAMPLE 264	validation	Liposarcoma	WDLS/DDLS	Liposarcoma-NOS	sarcoma	institutional_diagnosis	primary_tumor	Soft tissue, trunk, retroperitoneum	
GSM4181794	VALIDATION_SAMPLE 265	validation	Liposarcoma	IMT	Liposarcoma-NOS	sarcoma	institutional_diagnosis	primary_tumor		
GSM4181795	VALIDATION_SAMPLE 266	validation	Liposarcoma	WDLS/DDLS	Liposarcoma-NOS	sarcoma	institutional_diagnosis	primary_tumor		
GSM4181796	VALIDATION_SAMPLE 267	validation	Liposarcoma	WDLS/DDLS	Liposarcoma-NOS	sarcoma	institutional_diagnosis	primary_tumor		
GSM4181797	VALIDATION_SAMPLE 268	validation	Liposarcoma (myxoid)	MLS	Liposarcoma-myxoid	sarcoma	institutional_diagnosis	primary_tumor	Soft tissue, limbs, lower limbs	
GSM4181798	VALIDATION_SAMPLE 269	validation	Liposarcoma (myxoid)	MLS	Liposarcoma-myxoid	sarcoma	institutional_diagnosis	metastasis		Metastasis
GSM4181799	VALIDATION_SAMPLE 270	validation	Liposarcoma (myxoid)	MLS	Liposarcoma-myxoid	sarcoma	institutional_diagnosis	primary_tumor		
GSM4181800	VALIDATION_SAMPLE 271	validation	Liposarcoma (myxoid)	MLS	Liposarcoma-myxoid	sarcoma	institutional_diagnosis	primary_tumor		
GSM4181801	VALIDATION_SAMPLE 272	validation	Liposarcoma (pleomorphic)	WDLS/DDLS	Liposarcoma-pleomorphic	sarcoma	institutional_diagnosis	primary_tumor		
GSM4181802	VALIDATION_SAMPLE 273	validation	Liposarcoma	ES	Liposarcoma-NOS	sarcoma	institutional_diagnosis	primary_tumor		
GSM4181803	VALIDATION_SAMPLE 274	validation	Liposarcoma (pleomorphic)	AFX/PDS	Liposarcoma-pleomorphic	sarcoma	institutional_diagnosis	primary_tumor		
GSM4181804	VALIDATION_SAMPLE 275	validation	Liposarcoma	WDLS/DDLS	Liposarcoma-NOS	sarcoma	institutional_diagnosis	primary_tumor	Soft tissue, trunk, retroperitoneum	
GSM4181805	VALIDATION_SAMPLE 276	validation	Liposarcoma	USARC	Liposarcoma-NOS	sarcoma	institutional_diagnosis	primary_tumor	Soft tissue, trunk, retroperitoneum	
GSM4181806	VALIDATION_SAMPLE 277	validation	Liposarcoma	AFH	Liposarcoma-NOS	sarcoma	institutional_diagnosis	primary_tumor		
GSM4181807	VALIDATION_SAMPLE 278	validation	Liposarcoma	USARC	Liposarcoma-NOS	sarcoma	institutional_diagnosis	primary_tumor		
GSM4181808	VALIDATION_SAMPLE 279	validation	Liposarcoma	USARC	Liposarcoma-NOS	sarcoma	institutional_diagnosis	primary_tumor		
GSM4181809	VALIDATION_SAMPLE 280	validation	Liposarcoma (dedifferentiated)	WDLS/DDLS	Liposarcoma-dediff	sarcoma	institutional_diagnosis	recurrence		Recurrence
GSM4181810	VALIDATION_SAMPLE 281	validation	Liposarcoma	USARC	Liposarcoma-NOS	sarcoma	institutional_diagnosis	primary_tumor		
GSM4181811	VALIDATION_SAMPLE 282	validation	Liposarcoma (dedifferentiated)	WDLS/DDLS	Liposarcoma-dediff	sarcoma	institutional_diagnosis	metastasis	Soft tissue, trunk, retroperitoneum	Metastasis
GSM4181812	VALIDATION_SAMPLE 283	validation	Liposarcoma (dedifferentiated)	WDLS/DDLS	Liposarcoma-dediff	sarcoma	institutional_diagnosis	primary_tumor		
GSM4181813	VALIDATION_SAMPLE 284	validation	Liposarcoma (dedifferentiated)	USARC	Liposarcoma-dediff	sarcoma	institutional_diagnosis	primary_tumor		
GSM4181814	VALIDATION_SAMPLE 285	validation	Liposarcoma	WDLS/DDLS	Liposarcoma-NOS	sarcoma	institutional_diagnosis	recurrence		Recurrence
GSM4181815	VALIDATION_SAMPLE 286	validation	Liposarcoma (dedifferentiated)	USARC	Liposarcoma-dediff	sarcoma	institutional_diagnosis	metastasis		Metastasis
GSM4181816	VALIDATION_SAMPLE 287	validation	Liposarcoma (dedifferentiated)	USARC	Liposarcoma-dediff	sarcoma	institutional_diagnosis	primary_tumor		
GSM4181817	VALIDATION_SAMPLE 288	validation	Liposarcoma (dedifferentiated)	USARC	Liposarcoma-dediff	sarcoma	institutional_diagnosis	primary_tumor		
GSM4181818	VALIDATION_SAMPLE 289	validation	Liposarcoma (dedifferentiated)	WDLS/DDLS	Liposarcoma-dediff	sarcoma	institutional_diagnosis	primary_tumor		
GSM4181819	VALIDATION_SAMPLE 290	validation	Lipoblastomatosis	WDLS/DDLS	Lipoma/lipoblastomatosis	benign	institutional_diagnosis	primary_tumor		
GSM4181820	VALIDATION_SAMPLE 291	validation	Leiomyosarcoma	LMS	Leiomyosarcoma	sarcoma	institutional_diagnosis	primary_tumor	Soft tissue, trunk, retroperitoneum	
GSM4181821	VALIDATION_SAMPLE 292	validation	Leiomyosarcoma	LMS	Leiomyosarcoma	sarcoma	institutional_diagnosis	primary_tumor		
GSM4181822	VALIDATION_SAMPLE 293	validation	Leiomyosarcoma	LMS	Leiomyosarcoma	sarcoma	institutional_diagnosis	primary_tumor		
GSM4181823	VALIDATION_SAMPLE 294	validation	Leiomyosarcoma	LMS	Leiomyosarcoma	sarcoma	institutional_diagnosis	primary_tumor	Soft tissue, trunk, pelvis, scrotum	
GSM4181824	VALIDATION_SAMPLE 295	validation	Leiomyosarcoma	WDLS/DDLS	Leiomyosarcoma	sarcoma	institutional_diagnosis	primary_tumor	Visceral, pelvis, uterus	
GSM4181825	VALIDATION_SAMPLE 296	validation	Leiomyosarcoma	LMS	Leiomyosarcoma	sarcoma	institutional_diagnosis	metastasis	Visceral, thorax, lung	Metastasis
GSM4181826	VALIDATION_SAMPLE 297	validation	Leiomyosarcoma	LMS	Leiomyosarcoma	sarcoma	institutional_diagnosis	primary_tumor		
GSM4181827	VALIDATION_SAMPLE 298	validation	Leiomyosarcoma	USARC	Leiomyosarcoma	sarcoma	institutional_diagnosis	primary_tumor		
GSM4181828	VALIDATION_SAMPLE 299	validation	Leiomyosarcoma	LMS	Leiomyosarcoma	sarcoma	institutional_diagnosis	primary_tumor	Visceral, pelvis, uterus	
GSM4181829	VALIDATION_SAMPLE 300	validation	Leiomyosarcoma	LMS	Leiomyosarcoma	sarcoma	institutional_diagnosis	primary_tumor	Visceral, pelvis, uterus	
GSM4181830	VALIDATION_SAMPLE 301	validation	Leiomyosarcoma	LMS	Leiomyosarcoma	sarcoma	institutional_diagnosis	primary_tumor	Visceral, pelvis, uterus	
GSM4181831	VALIDATION_SAMPLE 302	validation	Leiomyosarcoma	LMS	Leiomyosarcoma	sarcoma	institutional_diagnosis	primary_tumor		
GSM4181832	VALIDATION_SAMPLE 303	validation	Leiomyosarcoma	LMS	Leiomyosarcoma	sarcoma	institutional_diagnosis	metastasis	Visceral, abdomen, liver	Metastasis
GSM4181833	VALIDATION_SAMPLE 304	validation	Leiomyosarcoma	USARC	Leiomyosarcoma	sarcoma	institutional_diagnosis	primary_tumor	Soft tissue, limbs, lower limbs, thigh	
GSM4181834	VALIDATION_SAMPLE 305	validation	Leiomyosarcoma	LMS	Leiomyosarcoma	sarcoma	institutional_diagnosis	primary_tumor		
GSM4181835	VALIDATION_SAMPLE 306	validation	Leiomyosarcoma	LMS	Leiomyosarcoma	sarcoma	institutional_diagnosis	primary_tumor	Visceral, pelvis, uterus	
GSM4181836	VALIDATION_SAMPLE 307	validation	Leiomyosarcoma	LMS	Leiomyosarcoma	sarcoma	institutional_diagnosis	primary_tumor		
GSM4181837	VALIDATION_SAMPLE 308	validation	Leiomyosarcoma	LMS	Leiomyosarcoma	sarcoma	institutional_diagnosis	primary_tumor		
GSM4181838	VALIDATION_SAMPLE 309	validation	Leiomyosarcoma	LMS	Leiomyosarcoma	sarcoma	institutional_diagnosis	primary_tumor		
GSM4181839	VALIDATION_SAMPLE 310	validation	Leiomyosarcoma	LMS	Leiomyosarcoma	sarcoma	institutional_diagnosis	primary_tumor	Soft tissue, trunk, abdomen	
GSM4181840	VALIDATION_SAMPLE 311	validation	Leiomyosarcoma	LMS	Leiomyosarcoma	sarcoma	institutional_diagnosis	primary_tumor		
GSM4181841	VALIDATION_SAMPLE 312	validation	Leiomyosarcoma	USARC	Leiomyosarcoma	sarcoma	institutional_diagnosis	primary_tumor		
GSM4181842	VALIDATION_SAMPLE 313	validation	Leiomyosarcoma	LMS	Leiomyosarcoma	sarcoma	institutional_diagnosis	primary_tumor		
GSM4181843	VALIDATION_SAMPLE 314	validation	Leiomyosarcoma	LMS	Leiomyosarcoma	sarcoma	institutional_diagnosis	primary_tumor	Visceral, pelvis, uterus	
GSM4181844	VALIDATION_SAMPLE 315	validation	Leiomyosarcoma	USARC	Leiomyosarcoma	sarcoma	institutional_diagnosis	primary_tumor		
GSM4181845	VALIDATION_SAMPLE 316	validation	Leiomyosarcoma	USARC	Leiomyosarcoma	sarcoma	institutional_diagnosis	primary_tumor		
GSM4181846	VALIDATION_SAMPLE 317	validation	Leiomyosarcoma	SARC (MPNST-like)	Leiomyosarcoma	sarcoma	institutional_diagnosis	primary_tumor		
GSM4181847	VALIDATION_SAMPLE 318	validation	Leiomyosarcoma	LMS	Leiomyosarcoma	sarcoma	institutional_diagnosis	primary_tumor		
GSM4181848	VALIDATION_SAMPLE 319	validation	Leiomyosarcoma	USARC	Leiomyosarcoma	sarcoma	institutional_diagnosis	primary_tumor	Soft tissue, trunk, pelvis	
GSM4181849	VALIDATION_SAMPLE 320	validation	Leiomyosarcoma	LMS	Leiomyosarcoma	sarcoma	institutional_diagnosis	primary_tumor		
GSM4181850	VALIDATION_SAMPLE 321	validation	Leiomyosarcoma	LMS	Leiomyosarcoma	sarcoma	institutional_diagnosis	primary_tumor	Soft tissue, trunk, abdomen	
GSM4181851	VALIDATION_SAMPLE 322	validation	Leiomyosarcoma	LMS	Leiomyosarcoma	sarcoma	institutional_diagnosis	metastasis		Metastasis
GSM4181852	VALIDATION_SAMPLE 323	validation	Leiomyosarcoma	LMS	Leiomyosarcoma	sarcoma	institutional_diagnosis	primary_tumor	Visceral, pelvis, uterus	
GSM4181853	VALIDATION_SAMPLE 324	validation	Leiomyosarcoma	LMS	Leiomyosarcoma	sarcoma	institutional_diagnosis	primary_tumor	Visceral, pelvis, uterus	
GSM4181854	VALIDATION_SAMPLE 325	validation	Leiomyosarcoma	LMS	Leiomyosarcoma	sarcoma	institutional_diagnosis	primary_tumor		
GSM4181855	VALIDATION_SAMPLE 326	validation	Leiomyosarcoma	LMS	Leiomyosarcoma	sarcoma	institutional_diagnosis	primary_tumor		
GSM4181856	VALIDATION_SAMPLE 327	validation	Leiomyosarcoma	LMS	Leiomyosarcoma	sarcoma	institutional_diagnosis	primary_tumor		
GSM4181857	VALIDATION_SAMPLE 328	validation	Leiomyosarcoma	LMS	Leiomyosarcoma	sarcoma	institutional_diagnosis	primary_tumor		
GSM4181858	VALIDATION_SAMPLE 329	validation	Leiomyosarcoma	LMS	Leiomyosarcoma	sarcoma	institutional_diagnosis	primary_tumor	Visceral, pelvis, uterus	
GSM4181859	VALIDATION_SAMPLE 330	validation	Leiomyosarcoma	LMS	Leiomyosarcoma	sarcoma	institutional_diagnosis	primary_tumor	Soft tissue, trunk, abdomen	
GSM4181860	VALIDATION_SAMPLE 331	validation	Leiomyosarcoma	LMS	Leiomyosarcoma	sarcoma	institutional_diagnosis	primary_tumor		
GSM4181861	VALIDATION_SAMPLE 332	validation	Leiomyosarcoma	LMS	Leiomyosarcoma	sarcoma	institutional_diagnosis	primary_tumor		
GSM4181862	VALIDATION_SAMPLE 333	validation	Leiomyosarcoma	ESS (LG)	Leiomyosarcoma	sarcoma	institutional_diagnosis	primary_tumor	Visceral, pelvis, uterus	
GSM4181863	VALIDATION_SAMPLE 334	validation	Leiomyosarcoma	LMS	Leiomyosarcoma	sarcoma	institutional_diagnosis	primary_tumor		
GSM4181864	VALIDATION_SAMPLE 335	validation	Leiomyosarcoma	LMS	Leiomyosarcoma	sarcoma	institutional_diagnosis	primary_tumor	Soft tissue, trunk, pelvis, bladder wall	
GSM4181865	VALIDATION_SAMPLE 336	validation	Leiomyosarcoma	USARC	Leiomyosarcoma	sarcoma	institutional_diagnosis	primary_tumor	Visceral, pelvis, uterus	
GSM4181866	VALIDATION_SAMPLE 337	validation	Leiomyosarcoma	LMS	Leiomyosarcoma	sarcoma	institutional_diagnosis	primary_tumor	Visceral, pelvis, ovary	
GSM4181867	VALIDATION_SAMPLE 338	validation	Leiomyosarcoma	LMS	Leiomyosarcoma	sarcoma	institutional_diagnosis	primary_tumor	Soft tissue, head and neck	
GSM4181868	VALIDATION_SAMPLE 339	validation	Leiomyosarcoma	LMS	Leiomyosarcoma	sarcoma	institutional_diagnosis	primary_tumor		
GSM4181869	VALIDATION_SAMPLE 340	validation	Leiomyosarcoma	USARC	Leiomyosarcoma	sarcoma	institutional_diagnosis	primary_tumor	Visceral, thorax, heart	
GSM4181870	VALIDATION_SAMPLE 341	validation	Leiomyosarcoma	LMS	Leiomyosarcoma	sarcoma	institutional_diagnosis	primary_tumor	Soft tissue, trunk, pelvis, bladder wall	
GSM4181871	VALIDATION_SAMPLE 342	validation	Leiomyosarcoma	OS (HG)	Leiomyosarcoma	sarcoma	institutional_diagnosis	primary_tumor	Soft tissue, trunk, thoracic wall	
GSM4181872	VALIDATION_SAMPLE 343	validation	Leiomyosarcoma	LMS	Leiomyosarcoma	sarcoma	institutional_diagnosis	metastasis		Metastasis
GSM4181873	VALIDATION_SAMPLE 344	validation	Leiomyosarcoma	LMS	Leiomyosarcoma	sarcoma	institutional_diagnosis	primary_tumor	Visceral, abdomen, liver	
GSM4181874	VALIDATION_SAMPLE 345	validation	Rhabdomyosarcoma (pleomorphic)	RMS (MYOD1)	RMS-MYOD1	sarcoma	methylation_class_MYOD1	primary_tumor		
GSM4181875	VALIDATION_SAMPLE 346	validation	Rhabdomyosarcoma	ES	RMS-NOS	sarcoma	histology_NOS	primary_tumor		
GSM4181876	VALIDATION_SAMPLE 347	validation	Rhabdomyosarcoma	RMS (ALV)	FP-RMS	sarcoma	methylation_class_alveolar	primary_tumor		
GSM4181877	VALIDATION_SAMPLE 348	validation	Rhabdomyosarcoma	RMS (EMB)	FN-RMS	sarcoma	methylation_class_embryonal	primary_tumor		
GSM4181878	VALIDATION_SAMPLE 349	validation	Rhabdomyosarcoma (spindle cell)	MPNST	RMS-NOS	sarcoma	histology_spindle_sclerosing	primary_tumor		
GSM4181879	VALIDATION_SAMPLE 350	validation	Rhabdomyosarcoma (spindle cell)	RMS (MYOD1)	RMS-MYOD1	sarcoma	methylation_class_MYOD1	primary_tumor	Soft tissue, head and neck, maxilla	
GSM4181880	VALIDATION_SAMPLE 351	validation	Rhabdomyosarcoma (alveolar)	RMS (ALV)	FP-RMS	sarcoma	methylation_class_alveolar	primary_tumor		
GSM4181881	VALIDATION_SAMPLE 352	validation	Rhabdomyosarcoma	RMS (ALV)	FP-RMS	sarcoma	methylation_class_alveolar	primary_tumor		
GSM4181882	VALIDATION_SAMPLE 353	validation	Rhabdomyosarcoma	RMS (ALV)	FP-RMS	sarcoma	methylation_class_alveolar	primary_tumor		
GSM4181883	VALIDATION_SAMPLE 354	validation	Endometrial stromal sarcoma	ESS (HG)	Endometrial stromal sarcoma	sarcoma	institutional_diagnosis	primary_tumor	Visceral, pelvis, uterus	
GSM4181884	VALIDATION_SAMPLE 355	validation	Endometrial stromal sarcoma	ESS (LG)	Endometrial stromal sarcoma	sarcoma	institutional_diagnosis	primary_tumor	Visceral, pelvis, uterus	
GSM4181885	VALIDATION_SAMPLE 356	validation	Sarcoma, NOS	SARC (MPNST-like)	Sarcoma NOS	sarcoma	institutional_diagnosis	primary_tumor	Visceral, pelvis, uterus	
GSM4181886	VALIDATION_SAMPLE 357	validation	Synovial sarcoma	SYSA	Synovial sarcoma	sarcoma	institutional_diagnosis	primary_tumor		
GSM4181887	VALIDATION_SAMPLE 358	validation	Synovial sarcoma	SYSA	Synovial sarcoma	sarcoma	institutional_diagnosis	primary_tumor		
GSM4181888	VALIDATION_SAMPLE 359	validation	Synovial sarcoma	USARC	Synovial sarcoma	sarcoma	institutional_diagnosis	primary_tumor	Soft tissue, trunk, thoracic wall	
GSM4181889	VALIDATION_SAMPLE 360	validation	Synovial sarcoma	SYSA	Synovial sarcoma	sarcoma	institutional_diagnosis	primary_tumor	Bone, limbs, lower limbs, thigh	
GSM4181890	VALIDATION_SAMPLE 361	validation	Synovial sarcoma	SYSA	Synovial sarcoma	sarcoma	institutional_diagnosis	primary_tumor		
GSM4181891	VALIDATION_SAMPLE 362	validation	Synovial sarcoma	SYSA	Synovial sarcoma	sarcoma	institutional_diagnosis	primary_tumor	Soft tissue, limbs, upper limbs, shoulder girdle	
GSM4181892	VALIDATION_SAMPLE 363	validation	Synovial sarcoma	SYSA	Synovial sarcoma	sarcoma	institutional_diagnosis	primary_tumor	Bone, limbs, lower limbs, thigh	
GSM4181893	VALIDATION_SAMPLE 364	validation	Sarcoma, NOS	SYSA	Sarcoma NOS	sarcoma	institutional_diagnosis	primary_tumor	Bone, limbs, lower limbs, thigh	
GSM4181894	VALIDATION_SAMPLE 365	validation	Synovial sarcoma	SYSA	Synovial sarcoma	sarcoma	institutional_diagnosis	primary_tumor	Visceral, thorax, lung	
GSM4181895	VALIDATION_SAMPLE 366	validation	Synovial sarcoma	SYSA	Synovial sarcoma	sarcoma	institutional_diagnosis	primary_tumor		
GSM4181896	VALIDATION_SAMPLE 367	validation	Synovial sarcoma	SYSA	Synovial sarcoma	sarcoma	institutional_diagnosis	primary_tumor		
GSM4181897	VALIDATION_SAMPLE 368	validation	Clear cell sarcoma of soft tissue	CCS	Clear cell sarcoma	sarcoma	institutional_diagnosis	primary_tumor	Soft tissue, limbs, upper limbs, hand	
GSM4181898	VALIDATION_SAMPLE 369	validation	Clear cell sarcoma of soft tissue	CCS	Clear cell sarcoma	sarcoma	institutional_diagnosis	primary_tumor	Soft tissue, limbs, lower limbs, thigh	
GSM4181899	VALIDATION_SAMPLE 370	validation	Clear cell sarcoma of soft tissue	CCS	Clear cell sarcoma	sarcoma	institutional_diagnosis	primary_tumor	Soft tissue, limbs, upper limbs, elbow	
GSM4181900	VALIDATION_SAMPLE 371	validation	Clear cell sarcoma of soft tissue	CCS	Clear cell sarcoma	sarcoma	institutional_diagnosis	primary_tumor	Soft tissue, limbs, upper limbs, hand	
GSM4181901	VALIDATION_SAMPLE 372	validation	Angiosarcoma	EHE	Angiosarcoma	sarcoma	institutional_diagnosis	primary_tumor		
GSM4181902	VALIDATION_SAMPLE 373	validation	Angiosarcoma	IMT	Angiosarcoma	sarcoma	institutional_diagnosis	primary_tumor	Visceral, abdomen, spleen	
GSM4181903	VALIDATION_SAMPLE 374	validation	Angiosarcoma	AS	Angiosarcoma	sarcoma	institutional_diagnosis	primary_tumor	Soft tissue, trunk, thorax, mamma	
GSM4181904	VALIDATION_SAMPLE 375	validation	Angiosarcoma	AS	Angiosarcoma	sarcoma	institutional_diagnosis	primary_tumor		
GSM4181905	VALIDATION_SAMPLE 376	validation	Angiosarcoma	AS	Angiosarcoma	sarcoma	institutional_diagnosis	primary_tumor	Soft tissue, trunk, thorax, mamma	
GSM4181906	VALIDATION_SAMPLE 377	validation	Angiosarcoma	AS	Angiosarcoma	sarcoma	institutional_diagnosis	primary_tumor	Soft tissue, head and neck, eyelid	
GSM4181907	VALIDATION_SAMPLE 378	validation	Haemangioendothelioma	IMT	EHE	sarcoma	institutional_diagnosis	primary_tumor		
GSM4181908	VALIDATION_SAMPLE 379	validation	Osteosarcoma (high-grade)	OS (HG)	Osteosarcoma	sarcoma	institutional_diagnosis	primary_tumor		
GSM4181909	VALIDATION_SAMPLE 380	validation	Osteosarcoma	USARC	Osteosarcoma	sarcoma	institutional_diagnosis	primary_tumor		
GSM4181910	VALIDATION_SAMPLE 381	validation	Osteosarcoma	GCTB	Osteosarcoma	sarcoma	institutional_diagnosis	primary_tumor		
GSM4181911	VALIDATION_SAMPLE 382	validation	Osteosarcoma (high-grade)	OS (HG)	Osteosarcoma	sarcoma	institutional_diagnosis	primary_tumor	Bone, limbs, lower limbs, femur	
GSM4181912	VALIDATION_SAMPLE 383	validation	Osteosarcoma	OS (HG)	Osteosarcoma	sarcoma	institutional_diagnosis	metastasis		Metastasis
GSM4181913	VALIDATION_SAMPLE 384	validation	Osteosarcoma	USARC	Osteosarcoma	sarcoma	institutional_diagnosis	primary_tumor		
GSM4181914	VALIDATION_SAMPLE 385	validation	Osteosarcoma	OS (HG)	Osteosarcoma	sarcoma	institutional_diagnosis	primary_tumor	Bone, limbs, upper limbs, humerus	
GSM4181915	VALIDATION_SAMPLE 386	validation	Osteosarcoma (high-grade)	ES	Osteosarcoma	sarcoma	institutional_diagnosis	primary_tumor		
GSM4181916	VALIDATION_SAMPLE 387	validation	Osteosarcoma	OS (HG)	Osteosarcoma	sarcoma	institutional_diagnosis	primary_tumor	Bone, limbs, lower limbs, tibia	
GSM4181917	VALIDATION_SAMPLE 388	validation	Osteosarcoma	OS (HG)	Osteosarcoma	sarcoma	institutional_diagnosis	metastasis		Metastasis
GSM4181918	VALIDATION_SAMPLE 389	validation	Osteosarcoma	OS (HG)	Osteosarcoma	sarcoma	institutional_diagnosis	primary_tumor		
GSM4181919	VALIDATION_SAMPLE 390	validation	Osteosarcoma	CSA (GROUP B)	Osteosarcoma	sarcoma	institutional_diagnosis	primary_tumor	Bone, limbs, lower limbs, femur	
GSM4181920	VALIDATION_SAMPLE 391	validation	Osteosarcoma	OS (HG)	Osteosarcoma	sarcoma	institutional_diagnosis	primary_tumor		
GSM4181921	VALIDATION_SAMPLE 392	validation	Osteosarcoma	USARC	Osteosarcoma	sarcoma	institutional_diagnosis	primary_tumor		
GSM4181922	VALIDATION_SAMPLE 393	validation	Osteosarcoma	CSA (CC)	Osteosarcoma	sarcoma	institutional_diagnosis	primary_tumor	Bone, limbs, upper limbs, scapula	
GSM4181923	VALIDATION_SAMPLE 394	validation	Osteosarcoma	OS (HG)	Osteosarcoma	sarcoma	institutional_diagnosis	primary_tumor		
GSM4181924	VALIDATION_SAMPLE 395	validation	Chondrosarcoma	AFH	Chondrosarcoma	sarcoma	institutional_diagnosis	primary_tumor		
GSM4181925	VALIDATION_SAMPLE 396	validation	Chondrosarcoma	CSA (GROUP A)	Chondrosarcoma	sarcoma	institutional_diagnosis	primary_tumor		
GSM4181926	VALIDATION_SAMPLE 397	validation	Chondrosarcoma	CSA (GROUP A)	Chondrosarcoma	sarcoma	institutional_diagnosis	primary_tumor	Bone, thorax, sternum	
GSM4181927	VALIDATION_SAMPLE 398	validation	Chondrosarcoma	CSA (GROUP B)	Chondrosarcoma	sarcoma	institutional_diagnosis	primary_tumor		
GSM4181928	VALIDATION_SAMPLE 399	validation	Chondrosarcoma	OS (HG)	Chondrosarcoma	sarcoma	institutional_diagnosis	primary_tumor		
GSM4181929	VALIDATION_SAMPLE 400	validation	Chondrosarcoma	MP	Chondrosarcoma	sarcoma	institutional_diagnosis	primary_tumor	Bone, limbs, upper limbs, humerus	
GSM4181930	VALIDATION_SAMPLE 401	validation	Chondrosarcoma	CSA (IDH GROUP B)	Chondrosarcoma	sarcoma	institutional_diagnosis	primary_tumor		
GSM4181931	VALIDATION_SAMPLE 402	validation	Chondrosarcoma	CSA (GROUP A)	Chondrosarcoma	sarcoma	institutional_diagnosis	primary_tumor		
GSM4181932	VALIDATION_SAMPLE 403	validation	Chondrosarcoma	CSA (IDH GROUP A)	Chondrosarcoma	sarcoma	institutional_diagnosis	primary_tumor		
GSM4181933	VALIDATION_SAMPLE 404	validation	Chondrosarcoma	MPNST	Chondrosarcoma	sarcoma	institutional_diagnosis	primary_tumor		
GSM4181934	VALIDATION_SAMPLE 405	validation	Sarcoma, NOS	WDLS/DDLS	Sarcoma NOS	sarcoma	institutional_diagnosis	metastasis		Metastasis
GSM4181935	VALIDATION_SAMPLE 406	validation	Chondrosarcoma (mesenchymal)	CSA (MES)	Chondrosarcoma	sarcoma	institutional_diagnosis	primary_tumor	Bone, pelvis, os ilium	Primary
GSM4181936	VALIDATION_SAMPLE 407	validation	Ewing´s sarcoma	EWING	Ewing	sarcoma	institutional_diagnosis	primary_tumor		
GSM4181937	VALIDATION_SAMPLE 408	validation	Ewing´s sarcoma	EWING	Ewing	sarcoma	institutional_diagnosis	metastasis	Bone, lim	Metastasis
GSM4181938	VALIDATION_SAMPLE 409	validation	Ewing´s sarcoma	SEF	Ewing	sarcoma	institutional_diagnosis	primary_tumor		
GSM4181939	VALIDATION_SAMPLE 410	validation	Ewing´s sarcoma	EWING	Ewing	sarcoma	institutional_diagnosis	primary_tumor		
GSM4181940	VALIDATION_SAMPLE 411	validation	Ewing´s sarcoma	EWING	Ewing	sarcoma	institutional_diagnosis	primary_tumor		
GSM4181941	VALIDATION_SAMPLE 412	validation	Ewing´s sarcoma	EWING	Ewing	sarcoma	institutional_diagnosis	primary_tumor	Intracranial	
GSM4181942	VALIDATION_SAMPLE 413	validation	Ewing´s sarcoma	EWING	Ewing	sarcoma	institutional_diagnosis	primary_tumor		
GSM4181943	VALIDATION_SAMPLE 414	validation	Ewing´s sarcoma	EWING	Ewing	sarcoma	institutional_diagnosis	primary_tumor		
GSM4181944	VALIDATION_SAMPLE 415	validation	Ewing´s sarcoma	EWING	Ewing	sarcoma	institutional_diagnosis	primary_tumor	Bone, limbs, upper limbs, humerus	
GSM4181945	VALIDATION_SAMPLE 416	validation	Ewing´s sarcoma	EWING	Ewing	sarcoma	institutional_diagnosis	primary_tumor		
GSM4181946	VALIDATION_SAMPLE 417	validation	Sarcoma, NOS	AS	Sarcoma NOS	sarcoma	institutional_diagnosis	primary_tumor	Bone, head and neck, skull	
GSM4181947	VALIDATION_SAMPLE 418	validation	Chordoma	CHORD	Chordoma	sarcoma	institutional_diagnosis	primary_tumor	Bone, pelvis, os sacrum	
GSM4181948	VALIDATION_SAMPLE 419	validation	Chordoma	USARC	Chordoma	sarcoma	institutional_diagnosis	primary_tumor		
GSM4181949	VALIDATION_SAMPLE 420	validation	Chordoma	CHORD	Chordoma	sarcoma	institutional_diagnosis	primary_tumor		
GSM4181950	VALIDATION_SAMPLE 421	validation	Chordoma	CHORD	Chordoma	sarcoma	institutional_diagnosis	primary_tumor	Bone, head and neck, skull base	
GSM4181951	VALIDATION_SAMPLE 422	validation	Chordoma	CHORD	Chordoma	sarcoma	institutional_diagnosis	metastasis		Metastasis
GSM4181952	VALIDATION_SAMPLE 423	validation	Chordoma	WDLS/DDLS	Chordoma	sarcoma	institutional_diagnosis	primary_tumor		
GSM4181953	VALIDATION_SAMPLE 424	validation	Sarcoma, NOS	ASPS	Sarcoma NOS	sarcoma	institutional_diagnosis	primary_tumor		
GSM4181954	VALIDATION_SAMPLE 425	validation	Alveolar soft part sarcoma	ASPS	ASPS	sarcoma	institutional_diagnosis	primary_tumor		
GSM4181955	VALIDATION_SAMPLE 426	validation	Alveolar soft part sarcoma	ASPS	ASPS	sarcoma	institutional_diagnosis	primary_tumor		
GSM4181956	VALIDATION_SAMPLE 427	validation	Alveolar soft part sarcoma	ASPS	ASPS	sarcoma	institutional_diagnosis	primary_tumor		
GSM4181957	VALIDATION_SAMPLE 428	validation	Sarcoma, NOS	ASPS	Sarcoma NOS	sarcoma	institutional_diagnosis	primary_tumor	Soft tissue, limbs, lower limbs, thigh	
