accession	title	n_samples	is_epigenomic	technologies	dataset_types	access_type	released	policy	policy_title	dac	dac_name	description	url
EGAD00001007080	WGS of cell-free DNA derived from plasma of patients with pediatric sarcoma and healthy controls, and lcWGS/RRBS of matched tumor tissue	346	Y	Illumina NovaSeq 6000 unspecified	Methylation profiling by high-throughput sequencing Whole genome sequencing	controlled	2001-01-01	EGAP00001002028	This data can be used for general research purposes (DUO_0000042; subject to the full data access agreement).	EGAC00001002037	DAC Liquid biopsies and matched tumor tissue - EwS and other pediatric sarcomas	This dataset contains: i) 241 deep (median 12x) whole-genome sequencing profiles of 95 patients with Ewing sarcoma, 31 patients with other pediatric sarcomas, and 22 additional profiles from healthy controls. Sequencing was performed on a NovaSeq 6000 instrument using the NovaSeq S4 2x100 bp configuration. In addition, pilot experiments for 18 cfDNA samples were performed using Illumina HiSeq 2000/2500 machines (2x75 bp configuration). Data is provided as .fastq.gz files (2 files, .R1 and .R2, per sample). i) Low coverage whole-genome-sequencing on 43 tumor biopsy samples from patients with Ew	https://ega-archive.org/datasets/EGAD00001007080
EGAD00010002451	Methylation profiling of sarcoma and TFCP2-rearranged rhadomyosarcoma samples	345	Y	Infinium Methylation EPIC BeadChip		controlled	2023-11-17	EGAP00001000441	Data Transfer Agreement for the German Cancer Research Center	EGAC00001000452	DKFZ-HIPO Data Access Committee of Heidelberg Center for Personalized Oncology	"Methylation profiling of 345 sarcoma and TFCP2-rearranged rhadomyosarcoma samples, using the approach described ""Genomic, transcriptomic, functional, and mechanistic characterization of rhabdomyosarcoma with FUS-TFCP2 or EWSR1-TFCP2 fusions"""	https://ega-archive.org/datasets/EGAD00010002451
EGAD00001006398	ChIP-Seq files for RMS.	242	Y	Illumina HiSeq 2000		controlled	2001-01-01	EGAP00001000051	DAC to obtain datasets submitted by St. Jude Children's Research Hospital - Washington University Pediatric Cancer Genome Project	EGAC00001000044	St. Jude Children’s Research Hospital – Washington University Pediatric Cancer Genome Project Steering Committee	"ChIP-Seq files accompanying the paper titled ""Identification of Therapeutic Targets in Rhabdomyosarcoma Through Integrated Genomic, Epigenomic, and Proteomic Analyses""."	https://ega-archive.org/datasets/EGAD00001006398
EGAD50000002051	Plasma cfDNA dataset from healthy donors and cancer patients	224	Y	Illumina NovaSeq 6000	Whole genome sequencing Methylation binding domain sequencing	controlled	2025-12-08	EGAP50000000737	CRUK UK MI/NBC General policy for Access to Genomic Data or other large data sets	EGAC50000000795	Cancer Research UK Manchester Institute/ Cancer Research UK National Biomarker Centre Data Access Committee	The dataset contains 424 paired-end raw fastq files of 224 plasma cfDNA samples from healthy donors and cancer (Ewing Sarcoma, CIC) patients. WGS and methylation binding domain sequencing was performed at 2 × 150 bp on an NovaSeq6000 or NextSeq 500. 200 samples underwent both WGS and methylation binding domain sequencing. 24 samples underwent only WGS.	https://ega-archive.org/datasets/EGAD50000002051
EGAD00010001433	Array_dataset_1	162	Y	Illumina HumanMethylation450 BeadChip		controlled	2017-11-16	EGAP00001000290	Policy Agreement for Access to ATRT Array Data	EGAC00001000306	Data access agreement for ATRT	ATRT methylation	https://ega-archive.org/datasets/EGAD00010001433
EGAD00001004312	ChIP-Seq files for RMS.	158	Y	Illumina HiSeq 2000		controlled	2001-01-01	EGAP00001000051	DAC to obtain datasets submitted by St. Jude Children's Research Hospital - Washington University Pediatric Cancer Genome Project	EGAC00001000044	St. Jude Children’s Research Hospital – Washington University Pediatric Cancer Genome Project Steering Committee	"ChIP-Seq files accompanying the paper titled ""Identification of Therapeutic Targets in Rhabdomyosarcoma Through Integrated Genomic, Epigenomic, and Proteomic Analyses""."	https://ega-archive.org/datasets/EGAD00001004312
EGAD50000000743	Target sequencing of 53 synovial sarcoma patients	138	Y	Illumina NovaSeq 6000	Genotyping by array Amplicon sequencing Phenotype information Genomic variant calling Chip-Seq	controlled	2024-09-12	EGAP00000000002	MalariaGEN data access policy	EGAC00000000002	Wellcome Trust Sanger Institute	This dataset contains 138 .bam files sequenced with Illumina NovaSeq 6000. The files with the variant calling performed to the sequencing data, as well as the clinical data (phenotype) extracted during the sample extraction.	https://ega-archive.org/datasets/EGAD50000000743
EGAD00001006253	MPNST_Data	98	Y	Illumina HiSeq 2500	Exome sequencing Transcriptome profiling by high-throughput sequencing	controlled	2001-01-01	EGAP00001001626	Data access agreement in order to use the MPNST WES and RNA seq data.	EGAC00001001651	MPNST Data	"WES from 51 cases initially diagnosed as Malignant Nerve Sheath Tumours (MPNST) and RNA sequencing data from 10 MPNST cases. Find more information in article: Lyskjær et al, 2020, J Pathol, ""H3K27me3 expression and methylation status in histological variants of malignant peripheral nerve sheath tumours""."	https://ega-archive.org/datasets/EGAD00001006253
EGAD00001003133	Methylation of Ewing sarcoma tumors - RRBS (ICGC)	86	Y	Illumina HiSeq 2000	Methylation profiling by high-throughput sequencing	controlled	2017-02-28	EGAP00001000030	ICGC Data Access	EGAC00001000010	ICGC Data Access Compliance Office	RRBS data of 86 Ewing patients (French). Illumina HiSeq 2000/2500 (Fastq files available). Sheffield et al. Nat Med. 2017 Jan 30	https://ega-archive.org/datasets/EGAD00001003133
EGAD00001004135	SS18-SSX-mediated hijacking of BAF complexes drives synovial sarcoma	85	Y	Illumina HiSeq 2000 NextSeq 500	Exome sequencing Transcriptome profiling by high-throughput sequencing	controlled	2001-01-01	EGAP00001000857	UNIVERSITY OF TEXAS MD ANDERSON CANCER CENTER DEPARTMENT OF GENOMIC MEDICINE DATA ACCESS AGREEMENT	EGAC00001000921	Synovial Sarcoma Data Access Committee	Synovial sarcoma (SS) is defined by a recurrent t(x;18) chromosomal translocation, which produces the hallmark SS18-SSX oncogenic fusion. Incorporation of SS18-SSX into BAF complexes renders BAF complexes aberrant in two distinct manners: the addition of 78aa of SSX onto SS18, and concomitant loss of BAF47 assembly. However, the importance and functional contributions of each of these perturbations on BAF complex targeting and gene expression regulation remain unclear. Here we use an integrative set of genomic approaches in human cancer cell lines and primary tumor samples to define the mechan	https://ega-archive.org/datasets/EGAD00001004135
EGAD00010002338	Chordoma_methylation	68	Y	Illumina		controlled	2022-08-10	EGAP00001002784	Data Access Committee - Chordoma tissue methylation data	EGAC00001002759	Chordoma tissue methylation data	Chordoma tumors DNA methylation profiling by genome tiling array	https://ega-archive.org/datasets/EGAD00010002338
EGAD50000001673	De novo modeling of chromoplectic Ewing sarcoma tumors from patient-derived mesenchymal stem cells	66	Y	Illumina HiSeq 2500 Illumina NovaSeq 6000	Transcriptome profiling by high-throughput sequencing Chip-Seq	controlled	2025-10-02	EGAP00001002072	Standard policy of the Data Access Committee for Institut Curie	EGAC00001000670	Data Access Committee for Institut Curie	Ewing sarcoma is characterized by pathognomonic translocations fusing most frequently EWSR1 with FLI1 (EF1). In addition, Ewing sarcoma can also display alterations in STAG2, TP53 and CDKN2A (SPC). Starting from Ewing sarcoma derived human mesenchymal stem cells (MSCpat), we recapitulated this translocation and SPC alterations using a CRISPR/cas9 approach and generated a bona fide Ewing sarcoma model (EWIma1) displaying transcriptomic (RNA-seq) and epigenetic (ChIP-seq) hallmarks of EwS.	https://ega-archive.org/datasets/EGAD50000001673
EGAD00001004162	Undifferentiated sarcomas develop through distinct evolutionary pathways	56	Y	HiSeq X Ten		controlled	2001-01-01	EGAP00001000001	Wellcome Trust Sanger Institute Cancer Genome Group Data Sharing Policy	EGAC00001000000	WTSI CGP Data access committee	Undifferentiated sarcomas (USARC) of adults are diverse, rare and aggressive soft tissue cancers. Recent efforts have confirmed that USARC exhibit one of the highest burdens of structural aberrations across human cancer. Here, we sought to unravel the genomic basis of this structural complexity by integrating whole genome sequencing, ploidy analysis and methylation profiling of 53 USARC. We identified whole genome doubling as a prevalent and pernicious force in USARC tumourigenesis. Deconvolution of the complex copy number and rearrangement landscapes show distinct signatures associated with c	https://ega-archive.org/datasets/EGAD00001004162
EGAD50000002533	WGS, RNAseq and ATACseq data for the validation of an iPSC model of MPNST progression	56	Y	BGISEQ-500 Illumina HiSeq 4000	Whole genome sequencing Transcriptome profiling by high-throughput sequencing Chromatin accessibility profiling by high-throughput sequencing	controlled	2026-04-30	EGAP00001002137	Data Acces Policy for the MPNST Genomics Data Access Committee	EGAC00001002138	MPNST Genomics Data Access Comitee	WGS, RNA-seq and ATAC-seq data for the validation of an iPSC model of MPNST progression. It includes the cells of the model (1KO, 2KO and 3KO) at various differentiation stages plus primary human tumors of the peripheral nervous system associated to NF1 (plexiform neurofibromas (PNFs), Atypical Neurofibromas (ANFs) and Malignant Peripheral Nerve Sheath Tumors (MPNSTs). Data linked to paper iPSC-derived NF1-CDKN2A-PRC2 deficient neural crest mimics MPNST glial-to-neuro-mesenchymal transition and uncover new therapeutic opportunities by Uriarte-Arrazola et. al. 2026	https://ega-archive.org/datasets/EGAD50000002533
EGAD00001001444	Atypical teratoid/rhabdoid tumors (ATRT) are comprised of three epigenetic subgroups with distinct enhancer landscapes	55	Y	Illumina HiSeq 2000 Illumina HiSeq 2500	Methylation profiling by high-throughput sequencing Transcriptome profiling by high-throughput sequencing Whole genome sequencing	controlled	2016-03-29	EGAP00001000441	Data Transfer Agreement for the German Cancer Research Center	EGAC00001000452	DKFZ-HIPO Data Access Committee of Heidelberg Center for Personalized Oncology	Atypical teratoid/rhabdoid tumor (ATRT) is one of the most common brain tumors in infants and young children. Although the prognosis of ATRT patients is poor, some patients respond very well to current treatments, suggesting inter-tumor molecular heterogeneity. To investigate this further, we genetically and epigenetically analyzed a large cohort of ATRTs (n = 170). Three distinct molecular subgroups of ATRTs, associated with differences in demographics, tumor location and type of SMARCB1 alterations, were identified using DNA-methylation or gene expression analyses. Whole genome DNA- and RNA-	https://ega-archive.org/datasets/EGAD00001001444
EGAD00010000897	RMS_Infinium450K	53	Y	Infinium HumanMethylation450 BeadChip		controlled	2016-03-17	EGAP00001000212	Department of Pediatrics, The University of Tokyo, Data Access Committee	EGAC00001000207	Department of Pediatrics, The University of Tokyo Data Access Committee	Infinium 450K in Rhabdomyosarcoma	https://ega-archive.org/datasets/EGAD00010000897
EGAD50000000073	Agilent Sarcoma cohort	52	Y	NextSeq 500	Methylation profiling by high-throughput sequencing	controlled	2023-11-27	EGAP50000000031	CEITEC DAC	EGAC50000000049	CEITEC DAC	Agilent Sarcoma cohort	https://ega-archive.org/datasets/EGAD50000000073
EGAD00010002515	Set_of_human_mesenchymal_CSA	51	Y	EPIC array (Illumina)		controlled	2023-06-06	EGAP00001003282	Data access policy for the project : Methylome profiling of human mesenchymal chondrosarcoma	EGAC00001003217	Data Access Commitee for the project : Methylome profiling of human mesenchymal chondrosarcoma	51 DNA methylation arrays of human samples initially diagnosed as mesenchymal chondrosarcoma. Microdissection of the cartilage and/or the small round cell component from the same sample may have occurred. As mentioned in the sample descriptions, the diagnoses of four samples have been revised. Additional molecular investigations were conducted for a subset of samples as described in the related publication.	https://ega-archive.org/datasets/EGAD00010002515
EGAD00010002275	RP1759 AYA sarcoma methylation array	48	Y	Illumina MethylationEPIC BeadChip Array		controlled	2022-01-14	EGAP00001001798	EORTC Data Sharing POL008	EGAC00001001818	EORTC Data Sharing DAC	Raw methylation array data for tumor samples from patients with newly diagnosed, recurrent intermediate or high-grade sarcoma.	https://ega-archive.org/datasets/EGAD00010002275
EGAD00001004315	Whole Genome Bi-Sulfite Sequencing files for RMS.	37	Y	Illumina HiSeq 2000		controlled	2001-01-01	EGAP00001000051	DAC to obtain datasets submitted by St. Jude Children's Research Hospital - Washington University Pediatric Cancer Genome Project	EGAC00001000044	St. Jude Children’s Research Hospital – Washington University Pediatric Cancer Genome Project Steering Committee	"WGBS files accompanying the paper titled ""Identification of Therapeutic Targets in Rhabdomyosarcoma Through Integrated Genomic, Epigenomic, and Proteomic Analyses""."	https://ega-archive.org/datasets/EGAD00001004315
EGAD00010001596	DNA methylation of Rhabdomyosarcoma tumors	32	Y	Illlimuna EPIC 450 K		controlled	2018-08-20	EGAP00001000051	DAC to obtain datasets submitted by St. Jude Children's Research Hospital - Washington University Pediatric Cancer Genome Project	EGAC00001000044	St. Jude Children’s Research Hospital – Washington University Pediatric Cancer Genome Project Steering Committee	DNA methylation data from patient RMS tumor samples from Illumina 450 K arays	https://ega-archive.org/datasets/EGAD00010001596
EGAD00010002571	EpS_methylation_850K	32	Y	EPIC_850K		controlled	2023-08-11	EGAP00001003316	Access will be granted automatically upon request	EGAC00001003250	Data Access Commitee epithelioid sarcoma	Methylation profile (array data using EPIC_850K) from tumour samples (epithelioid sarcoma)	https://ega-archive.org/datasets/EGAD00010002571
EGAD00001005109	Genomic, epigenomic and transcriptomic profiling of GCTB	29	Y	HiSeq X Ten Illumina HiSeq 2000	Chip-Seq Chromatin accessibility profiling by high-throughput sequencing Histone modification profiling by high-throughput sequencing Methylation profiling by high-throughput sequencing Transcriptome	controlled	2001-01-01	EGAP00001000277	DKFZ-Epigenomics-Data-Transfer-Agreement	EGAC00001000279	Data Access Committee of DKFZ-Epigenomics	This dataset contains primary raw data of whole-genome sequencing, whole-genome bisulfite sequencing, ATAC-seq, ChIP-seq (ChIP-mentation) of histone variants and modifications, as well as RNA-seq of giant cell tumor of bone tissue and primary cell line samples.	https://ega-archive.org/datasets/EGAD00001005109
EGAD00010002689	Dataset for desmoplastic small round cell tumor array data	24	Y	Illumina 850k.		controlled	2026-02-16	EGAP00001000441	Data Transfer Agreement for the German Cancer Research Center	EGAC00001000452	DKFZ-HIPO Data Access Committee of Heidelberg Center for Personalized Oncology	This dataset contains 24 methylation array samples of patients with desmoplastic small round cell tumor measured on Illumina 850k.	https://ega-archive.org/datasets/EGAD00010002689
EGAD00001000721	Chordoma Sequencing Project Whole Genome	20	Y	Illumina HiSeq 2000		controlled	2015-05-27	EGAP00001000037		EGAC00001000010	ICGC Data Access Compliance Office	This is a continuation of the Chordoma Sequencing Project. All cancers arise due to somatically acquired abnormalities in DNA sequence. Systematic sequencing of cancer genomes allows acquisition of complete catalogues of all classes of somatic mutation present in cancer. These mutation catalogues will allow identification of the somatically mutated cancer genes that are operative and characterise patterns of somatic mutation that may reflect previous exogenous and endogenous mutagenic exposures. In this application, we aim to perform whole genome sequencing on 10 chordoma matched genome pairs.	https://ega-archive.org/datasets/EGAD00001000721
EGAD00001003408	Chip-Seq sequencing data of Atypical teratoid/rhabdoid tumors (ATRT)	19	Y	Illumina HiSeq 2000	Chip-Seq	controlled	2017-07-04	EGAP00001000441	Data Transfer Agreement for the German Cancer Research Center	EGAC00001000452	DKFZ-HIPO Data Access Committee of Heidelberg Center for Personalized Oncology	Chip-Seq sequencing data of Atypical teratoid/rhabdoid tumors (ATRT)	https://ega-archive.org/datasets/EGAD00001003408
EGAD00001004847	ATRT ATACSeq	18	Y	Illumina HiSeq 2000	Chromatin accessibility profiling by high-throughput sequencing	controlled	2001-01-01	EGAP00001000290	Policy Agreement for Access to ATRT Array Data	EGAC00001000306	Data access agreement for ATRT	ATRT ATACSeq	https://ega-archive.org/datasets/EGAD00001004847
EGAD50000002890	Integrated Genomic, Transcriptomic, and Methylation Profiling of Ultra-Rare Malignant Rhabdoid Tumors	16	Y	Illumina NovaSeq 6000	Whole genome sequencing Transcriptome profiling by high-throughput sequencing Methylation profiling by high-throughput sequencing	controlled		EGAP50000001055	Malignant Rhabdoid Tumor (MRT) Xenograft Raw Data	EGAC50000001035	MRT PDXs (RNAseq, WGS, EMseq) raw data	This dataset contains the WGS, RNAseq, and enzymatic methylation sequencing data for 16 malignant rhabdoid tumors. All files are raw paired-end sequencing files generated by Illumina NoveSeq 6000.	https://ega-archive.org/datasets/EGAD50000002890
EGAD00001002135	ChIPseq data of Atypical teratoid/rhabdoid tumors (ATRT)	15	Y	Illumina HiSeq 2000 Illumina HiSeq 2500		controlled	2016-06-22	EGAP00001000441	Data Transfer Agreement for the German Cancer Research Center	EGAC00001000452	DKFZ-HIPO Data Access Committee of Heidelberg Center for Personalized Oncology	ChIPseq data of Atypical teratoid/rhabdoid tumors (ATRT)	https://ega-archive.org/datasets/EGAD00001002135
EGAD00001002137	WGBS data of Atypical teratoid/rhabdoid tumors (ATRT)	15	Y	Illumina HiSeq 2000 Illumina HiSeq 2500	Methylation profiling by high-throughput sequencing	controlled	2016-06-22	EGAP00001000441	Data Transfer Agreement for the German Cancer Research Center	EGAC00001000452	DKFZ-HIPO Data Access Committee of Heidelberg Center for Personalized Oncology	WGBS data of Atypical teratoid/rhabdoid tumors (ATRT)	https://ega-archive.org/datasets/EGAD00001002137
EGAD00001000646	Novel driver variants in the histone 3.3 genes, H3F3A and H3F3B, define bone and cartilage cancer sub-types	14	Y	Illumina HiSeq 2000		controlled	2016-08-13	EGAP00001000037		EGAC00001000010	ICGC Data Access Compliance Office	A selection of human cancers harbours somatic driver mutations in genes encoding histones, most notably childhood brain tumours with K27M substitutions of the histone 3.3 gene, H3F3A. We performed whole genome sequencing of the benign cartilage tumour, chondroblastoma, and targeted sequencing of histone 3.3 genes, H3F3A and H3F3B, in seven further skeletal tumour types. We identified an exceptionally high prevalence of novel histone 3.3 driver mutations at glycine 34 and at lysine 36. Histone 3.3 gene mutations were found in 91% in giant cell tumours of bone (48/53), mainly H3F3A G34W variants	https://ega-archive.org/datasets/EGAD00001000646
EGAD00010002357	Methylation files for Roussel-ATRT-TM	12	Y	Illumina Infinium MethylationEPIC		controlled	2023-04-17	EGAP00001000051	DAC to obtain datasets submitted by St. Jude Children's Research Hospital - Washington University Pediatric Cancer Genome Project	EGAC00001000044	St. Jude Children’s Research Hospital – Washington University Pediatric Cancer Genome Project Steering Committee	"Methylation files for Roussel-ATRT-TM paper titled ""Atypical teratoid/ rhabdoid tumoroids reveal subgroup-specific drug vulnerabilities"""	https://ega-archive.org/datasets/EGAD00010002357
EGAD00001000653	Chordoma Sequencing Project RNAseq	10	Y	Illumina HiSeq 2000		controlled	2015-05-27	EGAP00001000037		EGAC00001000010	ICGC Data Access Compliance Office	This is a continuation of the Chordoma Sequencing Project. All cancers arise due to somatically acquired abnormalities in DNA sequence. Systematic sequencing of cancer genomes allows acquisition of complete catalogues of all classes of somatic mutation present in cancer. These mutation catalogues will allow identification of the somatically mutated cancer genes that are operative and characterise patterns of somatic mutation that may reflect previous exogenous and endogenous mutagenic exposures. In this application, we aim to perform whole genome sequencing on 10 chordoma matched genome pairs.	https://ega-archive.org/datasets/EGAD00001000653
EGAD00010002760	Methylation profiling of CDS and ES tumor samples	9	Y	Infinium Methylation EPIC BeadChip		controlled	2025-06-23	EGAP00001003643	Data Access Policy	EGAC00001003558	Data Access Committee for Patient-derived tumoroids from CIC::DUX4 rearranged sarcoma identify MCL1 as a therapeutic target	"Methylation profiling of 9 CDS and ES tumor samples, using the approach described in ""Patient-derived tumoroids from CIC::DUX4 rearranged sarcoma identify MCL1 as a therapeutic target"	https://ega-archive.org/datasets/EGAD00010002760
EGAD00001009793	Atypical teratoid/rhabdoid tumoroids reveal subgroup-specific drug vulnerabilities - WGS	8	Y	Illumina NovaSeq 6000	Whole genome sequencing	controlled	2001-01-01	EGAP00001001121	Data Access Agreement of data controlled by the Data Access Commitee of the Princess Maxima Center for Pediatric Oncology	EGAC00001001864	EGAC00001001864 - Data Access Committee Princess Maxima Center	We demonstrate that ATRT tumoroids retain subgroup-specific epigenetic and gene expression profiles	https://ega-archive.org/datasets/EGAD00001009793
EGAD00001011819	RNA-Seq dataset for Malignant rhabdoid study	8	Y	NextSeq 550	Transcriptome profiling by high-throughput sequencing	controlled	2001-01-01	EGAP00001001121	Data Access Agreement of data controlled by the Data Access Commitee of the Princess Maxima Center for Pediatric Oncology	EGAC00001001864	EGAC00001001864 - Data Access Committee Princess Maxima Center	Study describing the dynamics of chromatin organization within malignant rhabdoid tumors. This study describes how this chromatin organization changes upon SMARCB1 rescue within patient-derived organoid models from malignant rhabdoid tumors. Identification of a novel super-enhancer of MYC and identification of patient-specific enhancer utilization to activate MYC expression in these tumors.	https://ega-archive.org/datasets/EGAD00001011819
EGAD00001011820	ATAC-Seq/Hi-C/4C-Seq dataset for Malignant rhabdoid study	8	Y	Illumina HiSeq 2500 Illumina NovaSeq 6000 NextSeq 550	Chromatin accessibility profiling by high-throughput sequencing	controlled	2001-01-01	EGAP00001001121	Data Access Agreement of data controlled by the Data Access Commitee of the Princess Maxima Center for Pediatric Oncology	EGAC00001001864	EGAC00001001864 - Data Access Committee Princess Maxima Center	Study describing the dynamics of chromatin organization within malignant rhabdoid tumors. This study describes how this chromatin organization changes upon SMARCB1 rescue within patient-derived organoid models from malignant rhabdoid tumors. Identification of a novel super-enhancer of MYC and identification of patient-specific enhancer utilization to activate MYC expression in these tumors.	https://ega-archive.org/datasets/EGAD00001011820
EGAD00010002400	DNA-Methylation data for atypical teratoid/rhabdoid tumoroids study	8	Y	Illumina Infinium EPIC		controlled	2023-05-12	EGAP00001001121	Data Access Agreement of data controlled by the Data Access Commitee of the Princess Maxima Center for Pediatric Oncology	EGAC00001001864	EGAC00001001864 - Data Access Committee Princess Maxima Center	We demonstrate that ATRT tumoroids retain subgroup-specific epigenetic and gene expression profiles	https://ega-archive.org/datasets/EGAD00010002400
EGAD00001008667	FACS sorting of ploidy populations in an undifferentiated soft tissue sarcoma for RRBS	6	Y	Illumina HiSeq 2500	Methylation profiling by high-throughput sequencing	controlled	2001-01-01	EGAP00001002635	UCL Research Information and IT Services Group (RIISG) Research Data Policy.	EGAC00001002609	Sarcoma biology and genomics data access commitee	Groups of cells belonging to different ploidy populations (based on PI staining) were collected from an undifferentiated soft tissue sarcoma. The different ploidy populations underwent RRBS, after which copy number signatures for the ploidy-sorted populations and the bulk population were extracted.	https://ega-archive.org/datasets/EGAD00001008667
EGAD00001015546	scATAC-seq dataset of A cycling, progenitor-like cell population at the root of atypical teratoid rhabdoid tumor subtype differentiation trajectories	6	Y	Illumina NovaSeq 6000	Chromatin accessibility profiling by high-throughput sequencing	controlled	2001-01-01	EGAP00001001121	Data Access Agreement of data controlled by the Data Access Commitee of the Princess Maxima Center for Pediatric Oncology	EGAC00001001864	EGAC00001001864 - Data Access Committee Princess Maxima Center	Study describing the differentiation trajectory...	https://ega-archive.org/datasets/EGAD00001015546
EGAD00001011821	CUT&amp;RUN/ChIP-Seq dataset for Malignant rhabdoid study	5	Y	Illumina HiSeq 2500 Illumina NovaSeq 6000 NextSeq 2000	Chip-Seq	controlled	2001-01-01	EGAP00001001121	Data Access Agreement of data controlled by the Data Access Commitee of the Princess Maxima Center for Pediatric Oncology	EGAC00001001864	EGAC00001001864 - Data Access Committee Princess Maxima Center	Study describing the dynamics of chromatin organization within malignant rhabdoid tumors. This study describes how this chromatin organization changes upon SMARCB1 rescue within patient-derived organoid models from malignant rhabdoid tumors. Identification of a novel super-enhancer of MYC and identification of patient-specific enhancer utilization to activate MYC expression in these tumors.	https://ega-archive.org/datasets/EGAD00001011821
EGAD00001009794	Atypical teratoid/rhabdoid tumoroids reveal subgroup-specific drug vulnerabilities - RNA-Seq	4	Y	Illumina NovaSeq 6000	Transcriptome profiling by high-throughput sequencing	controlled	2001-01-01	EGAP00001001121	Data Access Agreement of data controlled by the Data Access Commitee of the Princess Maxima Center for Pediatric Oncology	EGAC00001001864	EGAC00001001864 - Data Access Committee Princess Maxima Center	We demonstrate that ATRT tumoroids retain subgroup-specific epigenetic and gene expression profiles	https://ega-archive.org/datasets/EGAD00001009794
EGAD00001004836	ATRT ChIPSeq H3K27ac	3	Y	Illumina HiSeq 2500	Chip-Seq	controlled	2001-01-01	EGAP00001000290	Policy Agreement for Access to ATRT Array Data	EGAC00001000306	Data access agreement for ATRT	ATRT ChIPSeq H3K27ac	https://ega-archive.org/datasets/EGAD00001004836
EGAD00001007680	"McGill EMC Community projects Release 7 for cell line ""hTERT RPE1"""	3	Y	unspecified	Chip-Seq Methylation profiling by high-throughput sequencing Transcriptome profiling by high-throughput sequencing	controlled	2001-01-01	EGAP00001000252	McGill EMC Data Access Policy	EGAC00001000250	McGill ECDAC	Complete reference epigenome (as defined by IHEC) of normal hTERT RPE1 cell line as well as hTERT RPE1 cell lines engineered to express EPC1-PHF1 and JAZF1-SUZ12 fusion proteins, found in Endometrial Stromal Sarcoma.	https://ega-archive.org/datasets/EGAD00001007680
EGAD00001009074	Transcriptome profiling of three giant cell tumour of bone (GCTB) cell lines	3	Y	unspecified	Transcriptome profiling by high-throughput sequencing	controlled	2001-01-01	EGAP00001002802	DAC for transcriptome profiling of three giant cell tumour of bone cell lines.	EGAC00001002775	GCTB Cell Lines DAC	"This dataset contains RNA-seq data of giant cell tumour of bone (GCTB) cell lines (n=3). Cell lines consist of neoplastic ""stromal"" cells harboring a heterozygous H3F3A p.G34W mutation. RNA-seq was performed on the BGISEQ-500 platform (PE100) and uploaded data contains fastq files, vcf files, and gene expression values (TPM). Cell lines, data generation, and data analysis are described in the following publication: Venneker et al., Histone deacetylase inhibitors as a therapeutic strategy to eliminate neoplastic “stromal” cells from giant cell tumors of bone, 2022."	https://ega-archive.org/datasets/EGAD00001009074
EGAD00010002495	Additional Methylation files for Roussel-ATRT-TM	3	Y	Illumina Infinium MethylationEPIC		controlled	2023-04-27	EGAP00001000051	DAC to obtain datasets submitted by St. Jude Children's Research Hospital - Washington University Pediatric Cancer Genome Project	EGAC00001000044	St. Jude Children’s Research Hospital – Washington University Pediatric Cancer Genome Project Steering Committee	Additional Methylation files for Roussel-ATRT-TM paper titled &quot;Atypical teratoid/ rhabdoid tumoroids reveal subgroup-specific drug vulnerabilities&quot;	https://ega-archive.org/datasets/EGAD00010002495
EGAD50000000040	Methylome profiling of Solitary fibrous tumor/Hemangiopericytoma (SFT/HPC) and a patient derived cell-line model	3	Y	Illumina NovaSeq 6000	Methylation profiling by high-throughput sequencing	controlled	2023-11-08	EGAP50000000022	Policy for the projects by Cancer Discovery Hub (CDH), National Cancer Center Singapore	EGAC50000000039	Cancer Discovery Hub (CDH), National Cancer Center Singapore	Solitary fibrous tumor/Hemangiopericytoma (SFT/HPC) is a rare subtype of soft tissue sarcoma associated with NAB2-STAT6 gene fusions. This study established and characterized a novel SFT/HPC patient-derived cell line called SFT-S1 using the twist human methylome panel.	https://ega-archive.org/datasets/EGAD50000000040
EGAD50000002741	Somatic long-read and short-read sequencing of clear cell sarcoma case CCS15	2	Y	Illumina NovaSeq 6000 PromethION Revio	Whole genome sequencing Methylation profiling by high-throughput sequencing Genomic variant calling Chromatin accessibility profiling by high-throughput sequencing	controlled		EGAP00001003327	This policy applies to the access to and transfer of VIB research datasets that contain non-anonymous Personal Data which are subject to the provisions of the G	EGAC00001003263	VIB Data Access Committee	Whole-genome sequencing dataset for clear cell sarcoma case CCS15: matched tumour and normal profiled by PacBio HiFi Fiber-seq, Oxford Nanopore Fiber-seq, and Illumina short-read WGS. Includes raw reads, GRCh38 alignments, and somatic variant calls (LRSomatic and Oncoanalyser).	https://ega-archive.org/datasets/EGAD50000002741
EGAD00001007678	"McGill EMC Community projects Release 7 for cell line ""SaOS-2"""	1	Y	unspecified	Chip-Seq Methylation profiling by high-throughput sequencing Transcriptome profiling by high-throughput sequencing	controlled	2001-01-01	EGAP00001000252	McGill EMC Data Access Policy	EGAC00001000250	McGill ECDAC	Complete reference epigenome (as defined by IHEC) of a SaOS-2 cell line with osteosarcoma.	https://ega-archive.org/datasets/EGAD00001007678
EGAD00001015707	Whole-genome sequencing of rhabdomyosarcoma tumouroids (2025-09-30)	1	Y	Illumina NovaSeq 6000		controlled	2001-01-01	EGAP00001000210	Wellcome Trust Sanger Institute Data Sharing Policy	EGAC00001000205	Wellcome Trust Sanger Institute	This study investigates high-risk rhabdomyosarcoma (RMS) using multiple single-cell and spatial genomic technologies. We generated and analysed single-cell and single-nucleus RNA-sequencing, chromatin accessibility, and spatial transcriptomics data from primary tumours and validation samples. These datasets characterise cellular diversity within rhabdomyosarcoma and identify cell states associated with aggressive disease. The data support research into tumour biology, risk stratification, and therapeutic target discovery. This repository houses the whole-genome sequencing of RMS tumoroids data	https://ega-archive.org/datasets/EGAD00001015707
EGAD00001015708	Single-cell RNA-sequencing of rhabdomyosarcoma tumouroids (2025-09-30)	1	Y	Illumina NovaSeq 6000		controlled	2001-01-01	EGAP00001000210	Wellcome Trust Sanger Institute Data Sharing Policy	EGAC00001000205	Wellcome Trust Sanger Institute	This study investigates high-risk rhabdomyosarcoma (RMS) using multiple single-cell and spatial genomic technologies. We generated and analysed single-cell and single-nucleus RNA-sequencing, chromatin accessibility, and spatial transcriptomics data from primary tumours and validation samples. These datasets characterise cellular diversity within rhabdomyosarcoma and identify cell states associated with aggressive disease. The data support research into tumour biology, risk stratification, and therapeutic target discovery. This repository houses the single-cell RNA sequencing of RMS tumouroids	https://ega-archive.org/datasets/EGAD00001015708
EGAD00001015709	Whole Genome-sequencing of rhabdomyosarcoma tumour tissue (2025-09-30)	1	Y	Illumina NovaSeq 6000		controlled	2001-01-01	EGAP00001000210	Wellcome Trust Sanger Institute Data Sharing Policy	EGAC00001000205	Wellcome Trust Sanger Institute	This study investigates high-risk rhabdomyosarcoma (RMS) using multiple single-cell and spatial genomic technologies. We generated and analysed single-cell and single-nucleus RNA-sequencing, chromatin accessibility, and spatial transcriptomics data from primary tumours and validation samples. These datasets characterise cellular diversity within rhabdomyosarcoma and identify cell states associated with aggressive disease. The data support research into tumour biology, risk stratification, and therapeutic target discovery. This repository houses the whole-genome sequencing of RMS tumours data.	https://ega-archive.org/datasets/EGAD00001015709
EGAD00001015710	Single-cell RNA-sequencing of rhabdomyosarcoma tumour tissue (2025-09-30)	1	Y	Illumina NovaSeq 6000		controlled	2001-01-01	EGAP00001000210	Wellcome Trust Sanger Institute Data Sharing Policy	EGAC00001000205	Wellcome Trust Sanger Institute	This study investigates high-risk rhabdomyosarcoma (RMS) using multiple single-cell and spatial genomic technologies. We generated and analysed single-cell and single-nucleus RNA-sequencing, chromatin accessibility, and spatial transcriptomics data from primary tumours and validation samples. These datasets characterise cellular diversity within rhabdomyosarcoma and identify cell states associated with aggressive disease. The data support research into tumour biology, risk stratification, and therapeutic target discovery. This repository houses the single-cell RNA sequencing of RMS tumours dat	https://ega-archive.org/datasets/EGAD00001015710
EGAD00001015711	Single-cell ATAC-sequencing of rhabdomyosarcoma tumour tissue (2025-09-30)	1	Y	Illumina NovaSeq 6000		controlled	2001-01-01	EGAP00001000210	Wellcome Trust Sanger Institute Data Sharing Policy	EGAC00001000205	Wellcome Trust Sanger Institute	This study investigates high-risk rhabdomyosarcoma (RMS) using multiple single-cell and spatial genomic technologies. We generated and analysed single-cell and single-nucleus RNA-sequencing, chromatin accessibility, and spatial transcriptomics data from primary tumours and validation samples. These datasets characterise cellular diversity within rhabdomyosarcoma and identify cell states associated with aggressive disease. The data support research into tumour biology, risk stratification, and therapeutic target discovery. This repository houses the single-cell ATAC sequencing of RMS tumours da	https://ega-archive.org/datasets/EGAD00001015711
EGAD00001015712	Whole Genome-sequencing of rhabdomyosarcoma tumour tissue (2025-09-30)	1	Y	HiSeq X Ten Illumina HiSeq 4000 Illumina NovaSeq 6000		controlled	2001-01-01	EGAP00001000210	Wellcome Trust Sanger Institute Data Sharing Policy	EGAC00001000205	Wellcome Trust Sanger Institute	This study investigates high-risk rhabdomyosarcoma (RMS) using multiple single-cell and spatial genomic technologies. We generated and analysed single-cell and single-nucleus RNA-sequencing, chromatin accessibility, and spatial transcriptomics data from primary tumours and validation samples. These datasets characterise cellular diversity within rhabdomyosarcoma and identify cell states associated with aggressive disease. The data support research into tumour biology, risk stratification, and therapeutic target discovery. This repository houses the whole-genome sequencing of RMS tumours data.	https://ega-archive.org/datasets/EGAD00001015712
EGAD00001015713	Single-cell RNA-sequencing of rhabdomyosarcoma tumour tissue (2025-09-30)	1	Y	Illumina HiSeq 2500 Illumina HiSeq 4000 Illumina NovaSeq 6000		controlled	2001-01-01	EGAP00001000210	Wellcome Trust Sanger Institute Data Sharing Policy	EGAC00001000205	Wellcome Trust Sanger Institute	This study investigates high-risk rhabdomyosarcoma (RMS) using multiple single-cell and spatial genomic technologies. We generated and analysed single-cell and single-nucleus RNA-sequencing, chromatin accessibility, and spatial transcriptomics data from primary tumours and validation samples. These datasets characterise cellular diversity within rhabdomyosarcoma and identify cell states associated with aggressive disease. The data support research into tumour biology, risk stratification, and therapeutic target discovery. This repository houses the single-cell RNA sequencing of RMS tumours dat	https://ega-archive.org/datasets/EGAD00001015713
EGAD00001015714	Bulk RNA-sequencing of rhabdomyosarcoma tumour tissue (2025-09-30)	1	Y	Illumina NovaSeq 6000		controlled	2001-01-01	EGAP00001000210	Wellcome Trust Sanger Institute Data Sharing Policy	EGAC00001000205	Wellcome Trust Sanger Institute	This study investigates high-risk rhabdomyosarcoma (RMS) using multiple single-cell and spatial genomic technologies. We generated and analysed single-cell and single-nucleus RNA-sequencing, chromatin accessibility, and spatial transcriptomics data from primary tumours and validation samples. These datasets characterise cellular diversity within rhabdomyosarcoma and identify cell states associated with aggressive disease. The data support research into tumour biology, risk stratification, and therapeutic target discovery. This repository houses the bulk RNA sequencing of RMS tumours data. . Th	https://ega-archive.org/datasets/EGAD00001015714
EGAD00001015715	Single-cell ATAC-sequencing of rhabdomyosarcoma tumour tissue (2025-09-30)	1	Y	Illumina NovaSeq 6000		controlled	2001-01-01	EGAP00001000210	Wellcome Trust Sanger Institute Data Sharing Policy	EGAC00001000205	Wellcome Trust Sanger Institute	This study investigates high-risk rhabdomyosarcoma (RMS) using multiple single-cell and spatial genomic technologies. We generated and analysed single-cell and single-nucleus RNA-sequencing, chromatin accessibility, and spatial transcriptomics data from primary tumours and validation samples. These datasets characterise cellular diversity within rhabdomyosarcoma and identify cell states associated with aggressive disease. The data support research into tumour biology, risk stratification, and therapeutic target discovery. This repository houses the single-cell ATAC sequencing of RMS tumours da	https://ega-archive.org/datasets/EGAD00001015715
EGAD00001015716	Whole Genome-sequencing of rhabdomyosarcoma tumour tissue (2025-09-30)	1	Y	Illumina NovaSeq 6000		controlled	2001-01-01	EGAP00001000210	Wellcome Trust Sanger Institute Data Sharing Policy	EGAC00001000205	Wellcome Trust Sanger Institute	This study investigates high-risk rhabdomyosarcoma (RMS) using multiple single-cell and spatial genomic technologies. We generated and analysed single-cell and single-nucleus RNA-sequencing, chromatin accessibility, and spatial transcriptomics data from primary tumours and validation samples. These datasets characterise cellular diversity within rhabdomyosarcoma and identify cell states associated with aggressive disease. The data support research into tumour biology, risk stratification, and therapeutic target discovery. This repository houses the whole-genome sequencing of RMS tumours data.	https://ega-archive.org/datasets/EGAD00001015716
EGAD00001015717	Single-cell RNA-sequencing of rhabdomyosarcoma tumour tissue (2025-09-30)	1	Y	Illumina NovaSeq 6000		controlled	2001-01-01	EGAP00001000210	Wellcome Trust Sanger Institute Data Sharing Policy	EGAC00001000205	Wellcome Trust Sanger Institute	This study investigates high-risk rhabdomyosarcoma (RMS) using multiple single-cell and spatial genomic technologies. We generated and analysed single-cell and single-nucleus RNA-sequencing, chromatin accessibility, and spatial transcriptomics data from primary tumours and validation samples. These datasets characterise cellular diversity within rhabdomyosarcoma and identify cell states associated with aggressive disease. The data support research into tumour biology, risk stratification, and therapeutic target discovery. This repository houses the single-cell RNA sequencing of RMS tumours dat	https://ega-archive.org/datasets/EGAD00001015717
EGAD00001015718	Bulk RNA-sequencing of rhabdomyosarcoma tumour tissue (2025-09-30)	1	Y	Illumina NovaSeq 6000		controlled	2001-01-01	EGAP00001000210	Wellcome Trust Sanger Institute Data Sharing Policy	EGAC00001000205	Wellcome Trust Sanger Institute	This study investigates high-risk rhabdomyosarcoma (RMS) using multiple single-cell and spatial genomic technologies. We generated and analysed single-cell and single-nucleus RNA-sequencing, chromatin accessibility, and spatial transcriptomics data from primary tumours and validation samples. These datasets characterise cellular diversity within rhabdomyosarcoma and identify cell states associated with aggressive disease. The data support research into tumour biology, risk stratification, and therapeutic target discovery. This repository houses the bulk RNA sequencing of RMS tumours data. . Th	https://ega-archive.org/datasets/EGAD00001015718
EGAD00001015719	Single-cell ATAC-sequencing of rhabdomyosarcoma tumour tissue (2025-09-30)	1	Y	Illumina NovaSeq 6000		controlled	2001-01-01	EGAP00001000210	Wellcome Trust Sanger Institute Data Sharing Policy	EGAC00001000205	Wellcome Trust Sanger Institute	This study investigates high-risk rhabdomyosarcoma (RMS) using multiple single-cell and spatial genomic technologies. We generated and analysed single-cell and single-nucleus RNA-sequencing, chromatin accessibility, and spatial transcriptomics data from primary tumours and validation samples. These datasets characterise cellular diversity within rhabdomyosarcoma and identify cell states associated with aggressive disease. The data support research into tumour biology, risk stratification, and therapeutic target discovery. This repository houses the single-cell ATAC sequencing of RMS tumours da	https://ega-archive.org/datasets/EGAD00001015719
EGAD00001005110	Genomic, epigenomic and transcriptomic profiling of GCTB	0	Y	HiSeq X Ten Illumina HiSeq 2000	Chip-Seq Chromatin accessibility profiling by high-throughput sequencing Histone modification profiling by high-throughput sequencing Methylation profiling by high-throughput sequencing Transcriptome	controlled	2001-01-01	EGAP00001000277	DKFZ-Epigenomics-Data-Transfer-Agreement	EGAC00001000279	Data Access Committee of DKFZ-Epigenomics	This dataset contains primary raw data of whole-genome sequencing, whole-genome bisulfite sequencing, ATAC-seq, ChIP-seq (ChIP-mentation) of histone variants and modifications, as well as RNA-seq of giant cell tumor of bone tissue and primary cell line samples.	https://ega-archive.org/datasets/EGAD00001005110
EGAD00001015649	Bulk ATAC-Seq profiling of 42 flash-frozen malignant rhabdoid tumor samples	0	Y	Illumina HiSeq 2500 Illumina NovaSeq 6000		controlled	2001-01-01	EGAP00001000262	BC Cancer, part of the Provincial Health Services Authority - Data Access Policy	EGAC00000000011	BC Cancer, part of the Provincial Health Services Authority, Technology Development Office, Data Access Committee (PHSA TDO DAC)	Bulk ATAC-Seq profiling of 42 flash-frozen malignant rhabdoid tumor samples obtained from the Children's Oncology Group (COG). Libraries were prepared using a protocol adapted from the Omni-ATAC protocol (Corces, M. R. et al. An improved ATAC-seq protocol reduces background and enables interrogation of frozen tissues. Nat Methods 14, 959–962 (2017))	https://ega-archive.org/datasets/EGAD00001015649
EGAD00001015654	Single-cell multi-omics profiling of 1 MRT cell line (G401) and 4 flash-frozen malignant rhabdoid tumor samples	0	Y	DNBSEQ-G400		controlled	2001-01-01	EGAP00001000262	BC Cancer, part of the Provincial Health Services Authority - Data Access Policy	EGAC00000000011	BC Cancer, part of the Provincial Health Services Authority, Technology Development Office, Data Access Committee (PHSA TDO DAC)	Single-cell multi-omics profiling of 1 MRT cell line (G401) and 4 flash-frozen malignant rhabdoid tumor samples obtained from BC Children's Hospital using the 10X Genomics Chromium Single Cell Epi Multiome ATAC + Gene Expression (previously known as Chromium Single Cell Multiome ATAC + Gene Expression) Kit	https://ega-archive.org/datasets/EGAD00001015654
EGAD00001009848	Population-based analysis of POT1 variants in a cutaneous melanoma case-control cohort	6226		Illumina MiSeq		controlled	2001-01-01	EGAP00001000001	Wellcome Trust Sanger Institute Cancer Genome Group Data Sharing Policy	EGAC00001000000	WTSI CGP Data access committee	Pathogenic germline variants in the protection of telomeres 1 gene (POT1) have been associated with predisposition to a range of tumor types, including melanoma, glioma, leukemia and cardioangiosarcoma. We sequenced all coding exons of the POT1 gene in 2,929 European-descent melanoma cases and 3,298 controls, identifying 43 protein-changing genetic variants. We performed functional studies on each of these variants and explored their possible contribution to disease risk.	https://ega-archive.org/datasets/EGAD00001009848
EGAD50000002200	Cohort of patients with Ewing sarcoma	1400		Illumina NovaSeq 6000 unspecified	Whole genome sequencing Genomic variant calling	controlled		EGAP50000000806	Curie Policy	EGAC50000000862	ctDNA of Ewing Sarcoma (panel and lcWGS)	The dataset includes 222 patients with Ewing sarcoma, comprising 818 plasma, tumor, and bone marrow samples, profiled using custom targeted and shallow whole-genome sequencing	https://ega-archive.org/datasets/EGAD50000002200
EGAD50000002120	RNAseq of 704 patients with soft tissue tumors	704		unspecified	Transcriptome profiling by high-throughput sequencing	controlled	2026-01-26	EGAP50000000565	Request for data	EGAC50000000619	Research Data Office, Lund University	The dataset contains transcriptome sequencing (RNA-seq) data of 704 soft tissue tumors (STT) from 704 patients. The sequencing data comes in FASTQ format and contains 1408 files. A total of 56 different STT types were included in the present study and each tumor type was represented by >2 samples. The vast majority of the patients had been diagnosed and treated at the sarcoma centers in Lund (Sweden) or Stockholm (Sweden) during the period 1988-2020, but also a few samples from other centers, obtained through previous collaborative projects, were included. RNA was extracted from fresh frozen t	https://ega-archive.org/datasets/EGAD50000002120
EGAD00001006786	Exploring the heterogeneity of sarcoma using single cell sequencing	672		Illumina HiSeq 4000		controlled	2001-01-01	EGAP00001000210	Wellcome Trust Sanger Institute Data Sharing Policy	EGAC00001000205	Wellcome Trust Sanger Institute	Multi region samples are collected from patients, with consent, immediately after resection of the tumour. Samples are digested and sorted using FACS as single cells into lysis buffer. Cells are then stored until further processing for G&amp;T-seq. After sequencing, we will explore intra-tumour heterogeneity using computational approaches to integrate RNA and DNA data onto the tumour phylogeny This data is part of a pre-publication release. For information on the proper use of pre-publication data shared by the Wellcome Trust Sanger Institute (including details of any publication moratoria), p	https://ega-archive.org/datasets/EGAD00001006786
EGAD00001004877	Targeted analysis of chondrosarcoma cancer genes (2019-04-01)	445		Illumina HiSeq 2500		controlled	2001-01-01	EGAP00001000001	Wellcome Trust Sanger Institute Cancer Genome Group Data Sharing Policy	EGAC00001000000	WTSI CGP Data access committee	Targeted analysis of chondrosarcoma cancer genes . This dataset contains all the data available for this study on 2019-04-01.	https://ega-archive.org/datasets/EGAD00001004877
EGAD00001009863	Genomic profiling of subcutaneous patient derived xenograft models of solid childhood cancer	352		Illumina HiSeq 3000	Exome sequencing Transcriptome profiling by high-throughput sequencing Whole genome sequencing	controlled	2001-01-01	EGAP00001003077	Data policy	EGAC00001003036	UTHSCSA PDX Project Committee	The pediatric cancer cohort in this study included 70 PDX models from 65 different individuals. This cohort included a total of 16 different pediatric solid tumor subtypes, including fourteen Wilms tumors, thirteen hepatoblastomas, thirteen osteosarcomas, ten germ cell tumors, four neuroblastomas, three clear cell sarcomas, two adrenal cortical carcinomas, two leydig cell tumors, two medulloblastomas, one embryonal rhabdomyosarcoma (ERMS), one Ewing sarcoma, one pleomorphic sarcoma, one adenocarcinoma, one glioblastoma, one mesothelioma and one ovarian tumor. Notably, we have five samples with	https://ega-archive.org/datasets/EGAD00001009863
EGAD00001008608	Genomics of Malignant Peripheral Nerve Sheath Tumor (MPNST)	332		Illumina HiSeq 4000 Illumina NovaSeq 6000	Transcriptome profiling by high-throughput sequencing Whole genome sequencing	controlled	2001-01-01	EGAP00001002588	The Genomics of MPNST (GeM) Consortium data use and publications policy attempts to address the needs of transparency, cooperation, and appropriate recognition	EGAC00001002563	Genomics of MPNST (GeM) Consortium Data Access Committee	The Genomics of MPNST (GeM) Consortium dataset includes de-identified whole genome sequencing data (.bam) for germline samples (DNA primarily derived from blood) sequenced at standard (30x) coverage (n=88) and for tumor samples (DNA derived from fresh frozen tissue) sequenced at 90x coverage (n=105). This dataset also includes transcriptome profiling data (.fastq) for paired normal nerve samples (n=7) and for tumor samples (n=132).	https://ega-archive.org/datasets/EGAD00001008608
EGAD00001001427	GIST SSGXVIII trial targeted gene sequencing	312		Illumina HiSeq 2000		controlled	2015-07-14	EGAP00001000001	Wellcome Trust Sanger Institute Cancer Genome Group Data Sharing Policy	EGAC00001000000	WTSI CGP Data access committee	Targeted cancer gene sequencing of samples enrolled in the SSGXVIII trial from Finland.	https://ega-archive.org/datasets/EGAD00001001427
EGAD50000000846	Genomic and transcriptomic profiling of soft tissue sarcoma	307		Illumina HiSeq 2500 Illumina NovaSeq 6000 Illumina NovaSeq X	Transcriptome profiling by high-throughput sequencing Amplicon sequencing	controlled	2025-12-15	EGAP50000000341	The committee reviews data access request to the dataset obtained from proteogenomics projects	EGAC50000000386	Proteogenomics Data Access Committee	We characterized soft tissue sarcoma by targeted gene panel sequencing (MSK-IMPACT) and transcriptome profiling to discover biological mechanisms under metastatic progression.	https://ega-archive.org/datasets/EGAD50000000846
EGAD00001001238	Chordoma Extension Study	262		Illumina HiSeq 2000		controlled	2015-05-27	EGAP00001000037		EGAC00001000010	ICGC Data Access Compliance Office	Extension analysis to pursue candidate genes of interest in chordoma	https://ega-archive.org/datasets/EGAD00001001238
EGAD00001001239	Chordoma Extension (known cancer genes)	262		Illumina HiSeq 2000		controlled	2015-05-27	EGAP00001000037		EGAC00001000010	ICGC Data Access Compliance Office	Extension analysis to pursue candidate genes of interest in chordoma	https://ega-archive.org/datasets/EGAD00001001239
EGAD00001000127	Burden of Disease in Sarcoma	220		Illumina HiSeq 2000		controlled	2016-08-15	EGAP00001000001	Wellcome Trust Sanger Institute Cancer Genome Group Data Sharing Policy	EGAC00001000000	WTSI CGP Data access committee	Burden of Disease in Sarcoma	https://ega-archive.org/datasets/EGAD00001000127
EGAD00001001051	Ewing sarcoma genome sequencing	200		Illumina HiSeq 2000	Whole genome sequencing	controlled	2015-05-27	EGAP00001000030	ICGC Data Access	EGAC00001000010	ICGC Data Access Compliance Office		https://ega-archive.org/datasets/EGAD00001001051
EGAD00001004101	Target sequencing of myxofibrosarcoma	198		Illumina HiSeq 2000 Illumina MiSeq	Exome sequencing	controlled	2001-01-01	EGAP00001000925	DATA ACCESS AGREEMENT	EGAC00001000957	Division of Cancer Genomics, National Cancer Center Research Institute Data Access Committee	Target sequencing (fastq files) of 99 pairs (198 samples) of myxofibrosarcoma	https://ega-archive.org/datasets/EGAD00001004101
EGAD00001010256	Paired RNA-Seq for Sarcoma tumors	198		HiSeq X Ten Illumina HiSeq 4000 Illumina NovaSeq 6000	Transcriptome profiling by high-throughput sequencing	controlled	2001-01-01	EGAP00001000441	Data Transfer Agreement for the German Cancer Research Center	EGAC00001000452	DKFZ-HIPO Data Access Committee of Heidelberg Center for Personalized Oncology	Paired RNA-Seq of 199 samples of Sarcoma tumors. The sequencing was done mostly on HiSeq 4000 with Illumina TruSeq Stranded mRNA, ist was also done on NovaSeq 6000 using the same kit. Very few samples were sequenced on HiSeq X Ten with Illumina TruSeq RNA or Illumina TruSeq Stranded mRNA.	https://ega-archive.org/datasets/EGAD00001010256
EGAD50000002415	GCAT Hereditary Cancer Panel Sequencing Dataset	194		Illumina MiSeq	Exome sequencing Genomic variant calling	controlled	2026-06-09	EGAP00001000907	2. GENERAL POLICY FOR TRANSMISSION OF GCAT SAMPLES AND DATA The GCAT samples and data are accessible to the international scientific community for biomedica	EGAC00001000940	DAC GCAT	This dataset comprises targeted sequencing data from 191 participants of the GCAT cohort generated using the I2HCP custom hereditary cancer panel. The panel is based on a custom bait library covering 122 genes associated with hereditary cancer syndromes, including genes related to hereditary colorectal cancer, hereditary breast and ovarian cancer, neurofibromatosis, and related disorders. Target enrichment was performed using a clinically validated design optimized for diagnostic accuracy. The panel and associated bioinformatic pipeline were previously validated, achieving analytical sensitivi	https://ega-archive.org/datasets/EGAD50000002415
EGAD50000002690	WES_sarcoma_PDXs	185		Illumina NovaSeq 6000	Exome sequencing	controlled		EGAP50000000666	Data access policy for Division of Cancer Evolution, National Cancer Center Research Institute	EGAC50000000737	Division of Cancer Evolution National Cancer Center Research Institute Data Access Committee	Whole exome-sequencing for sarcoma PDXs, along with their matched original tumors when available.	https://ega-archive.org/datasets/EGAD50000002690
EGAD00001011048	Pediatric Patient-Derived-Xenograft development in MAPPYACTS – international pediatric cancer precision medicine trial in relapsed and refractory tumors	166		Illumina HiSeq 4000 Illumina NovaSeq 6000 NextSeq 500	Exome sequencing Transcriptome profiling by high-throughput sequencing	controlled	2001-01-01	EGAP00001003357	Data Access Policy for “Pediatric Patient-Derived-Xenograft development in MAPPYACTS – international pediatric cancer precision medicine trial in relapsed and r	EGAC00001003292	Gustave Roussy's DAC MAPPYACTS PDX	Pediatric patients with recurrent and refractory cancers are in most need for new treatments. This study developed patient-derived-xenograft (PDX) models within the European MAPPYACTS cancer precision medicine trial (NCT02613962). To date, 131 PDX models were established following heterotopical and/or orthotopical implantation in immunocompromised mice: 76 sarcomas, 25 other solid tumors, 12 central nervous system tumors, 15 acute leukemias, and 3 lymphomas. PDX establishment rate was 43%. Histology, whole exome and RNA sequencing revealed a high concordance with the primary patient’s tumor pr	https://ega-archive.org/datasets/EGAD00001011048
EGAD00001003121	Monomorphic sarcomas RNAseq dataset	165		Illumina HiSeq 2500 NextSeq 500	Transcriptome profiling by high-throughput sequencing	controlled	2017-06-08	EGAP00001000575	Data sharing Policy for study EGAS00001002189	EGAC00001000584	Monomorphic Sarcomas RNAseq DAC	Dataset is composed of FASTQ files from 165 samples of small round cell sarcomas which were RNA-sequenced (whole transcriptome) with either Illumina HiSeq 2500 (120 million reads per sample, paired-end 100 pb) or Illumina NextSeq 500 (110 million reads per sample, paired-end 150)	https://ega-archive.org/datasets/EGAD00001003121
EGAD50000002691	RNA_sarcoma_PDXs	143		Illumina NovaSeq 6000	Transcriptome profiling by high-throughput sequencing	controlled		EGAP50000000666	Data access policy for Division of Cancer Evolution, National Cancer Center Research Institute	EGAC50000000737	Division of Cancer Evolution National Cancer Center Research Institute Data Access Committee	RNA sequencing data for sarcoma patient-derived xenografts.	https://ega-archive.org/datasets/EGAD50000002691
EGAD50000001392	Nanopore whole-genome sequencing of human bone and soft-tissue sarcomas	125		PromethION	Whole genome sequencing	controlled	2025-04-15	EGAP50000000367	Access to nanopore whole-genome sequencing data of sarcomas	EGAC50000000415	Sarcoma long-read nanopore whole-genome sequencing Data Access Committee	We performed single and multi-region nanopore whole-genome sequencing on human bone and soft-tissue sarcoma samples. We also performed nanopore whole-genome sequencing on matched whole blood samples.	https://ega-archive.org/datasets/EGAD50000001392
EGAD00001000107	SCAT osteosarcoma sequencing	114		Illumina Genome Analyzer II Illumina HiSeq 2000		controlled	2015-05-27	EGAP00001000037		EGAC00001000010	ICGC Data Access Compliance Office	SCAT osteosarcoma sequencing	https://ega-archive.org/datasets/EGAD00001000107
EGAD00001000280	SCAT_Osteosarcoma_Validation	112		Illumina HiSeq 2000		controlled	2015-05-27	EGAP00001000037		EGAC00001000010	ICGC Data Access Compliance Office	This experiment is to validate putative somatic substitutions and indels identified in an exome screen of ~50 osteosarcoma tumour/normal pairs. It is the first stage in our ICGC commitment to study osteosarcoma. The validation process is an important component of our analysis to clarify the data prior to looking for evidence of new cancer genes, or subverted pathways important in the development of cancer. This data is part of a pre-publication release. For information on the proper use of pre-publication data shared by the Wellcome Trust Sanger Institute (including details of any publication	https://ega-archive.org/datasets/EGAD00001000280
EGAD00001000266	Osteosarcoma Targeted Sequencing Study	110		Illumina HiSeq 2000		controlled	2015-05-27	EGAP00001000001	Wellcome Trust Sanger Institute Cancer Genome Group Data Sharing Policy	EGAC00001000000	WTSI CGP Data access committee	This Study uses a focused bespoke bait pull down library method to target findings of Osteosarcoma whole genome and whole exome sequencing studies in order to validate findings. This method will also be used on a larger set of tumour only samples in order to find precedence of these findings in a larger set of patient samples.	https://ega-archive.org/datasets/EGAD00001000266
EGAD00001000147	Osteosarcoma Whole Genome	108		Illumina HiSeq 2000		controlled	2016-08-12	EGAP00001000037		EGAC00001000010	ICGC Data Access Compliance Office	Osteosarcoma Whole Genome	https://ega-archive.org/datasets/EGAD00001000147
EGAD00001007826	Targeted-capture sequencing (bam files) of 81 samples of myxofibrosarcoma and 44 matched pairs	108		Illumina HiSeq 2500	Exome sequencing	controlled	2001-01-01	EGAP00001002206	These terms and conditions govern access to the managed access datasets (details of which are set out in Appendix I) to which the User Institution has requested	EGAC00001002205	Department of Pathology and Tumor Biology, Kyoto University Data Access Committee	Myxofibrosarcoma (MFS) is a rare subtype of sarcomas in the elderly, whose genetic basis is poorly understood. To elucidate it, the Targeted-capture sequencing was performed.	https://ega-archive.org/datasets/EGAD00001007826
EGAD00001000679	Angiosarcoma follow-up 2 validation study	107		Illumina HiSeq 2000		controlled	2015-05-27	EGAP00001000037		EGAC00001000010	ICGC Data Access Compliance Office	A bespoke targeted pulldown experiment will be performed on patients with Angiosarcoma. the resulting products will be sequenced to determine the prevalence of previously found mutations in these patients.	https://ega-archive.org/datasets/EGAD00001000679
EGAD00001011127	CHEWIE ctDNA in Rhabdomyosarcoma	107		Illumina NovaSeq 6000	Exome sequencing	controlled	2001-01-01	EGAP00001003402	The data provided by Gaelle Pierron, PhD at Unité de Génétiaue Somatique (UGS), Institut Curie, Paris, FR is the intelectual property of UGS and any use of such	EGAC00001003334	Portail CHEWIE	Targeted DNA based panel of multiple ctDNA samples from 10 patients througout clinical care to assess treatment response. The panel is custom-designed and property of UGS, IC.	https://ega-archive.org/datasets/EGAD00001011127
EGAD00001000125	Chondrosarcoma Exome	104		Illumina HiSeq 2000		controlled	2015-05-27	EGAP00001000001	Wellcome Trust Sanger Institute Cancer Genome Group Data Sharing Policy	EGAC00001000000	WTSI CGP Data access committee	Chondrosarcoma Exome	https://ega-archive.org/datasets/EGAD00001000125
EGAD00001000118	Osteosarcoma Exome Sequencing	102		Illumina Genome Analyzer II Illumina HiSeq 2000		controlled	2015-05-27	EGAP00001000037		EGAC00001000010	ICGC Data Access Compliance Office	Osteosarcoma Exome Sequencing	https://ega-archive.org/datasets/EGAD00001000118
EGAD00001005307	RNA sequencing and whole-genome mate-pair sequencing of osteosarcoma	101		NextSeq 500	Transcriptome profiling by high-throughput sequencing Whole genome sequencing	controlled	2001-01-01	EGAP00001001283	Data access policy for RNAseq and matepair data.	EGAC00001001306	DNA mate pair and RNAseq data of conventional osteosarcomas DAC	This data set includes 72 mate pair sequenced osteosarcomas (36 as part of a discovery cohort and 36 as part of a validation cohort). It also includes RNA-sequencing data on 67 osteosarcomas (mostly overlapping with the above mate pair sequenced cases) and 13 osteoblastomas used as controls for gene expression levels.	https://ega-archive.org/datasets/EGAD00001005307
EGAD00001007824	Whole exome sequencing (bam files) of 55 samples of myxofibrosarcoma and 44 matched pairs	99		Illumina HiSeq 2500	Exome sequencing	controlled	2001-01-01	EGAP00001002208	These terms and conditions govern access to the managed access datasets (details of which are set out in Appendix I) to which the User Institution has requested	EGAC00001002207	Department of Pathology and Tumor Biology, Kyoto University Data Access Committee	Whole exome sequencing data (bam files) of 55 samples of myxofibrosarcoma and 44 matched pairs.	https://ega-archive.org/datasets/EGAD00001007824
EGAD50000001419	Multi-omics profiling identifies two epithelioid sarcoma molecular subtypes with distinct signaling and immune characteristics	99		Illumina NovaSeq 6000 NextSeq 500	Exome sequencing Transcriptome profiling by high-throughput sequencing Genomic variant calling	controlled	2025-05-28	EGAP50000000502	SWISARC policy	EGAC50000000552	Multi-omics profiling identifies two epithelioid sarcoma molecular subtypes with distinct signaling and immune characteristics	Bulk RNA Sequencing of 33 epithelioid sarcomas (EpS) and 3 extracranial extra-renal rhabdoid tumors (EERT) Whole-exome sequencing of 30 EpS and 3 EERT Single-cell RNA Sequencing of 8 EpS Visium Spatial Transcriptomics of 3 EpS	https://ega-archive.org/datasets/EGAD50000001419
EGAD00001003216	Identifying new diagnostic and treatment pathways for patients with unclassifiable sarcomas	98		HiSeq X Ten		controlled	2017-03-13	EGAP00001000001	Wellcome Trust Sanger Institute Cancer Genome Group Data Sharing Policy	EGAC00001000000	WTSI CGP Data access committee	Whole genome sequencing of tumour normal pairs of human undifferentiated sarcomas.	https://ega-archive.org/datasets/EGAD00001003216
EGAD00001003829	Exome sequencing data for LMS tumor and control samples	96		Illumina HiSeq 2000 Illumina HiSeq 2500	Exome sequencing	controlled	2017-12-13	EGAP00001000441	Data Transfer Agreement for the German Cancer Research Center	EGAC00001000452	DKFZ-HIPO Data Access Committee of Heidelberg Center for Personalized Oncology	The data set contains paired end fastq files for whole exome sequencing data for Leiomyosarcoma tumor and control samples	https://ega-archive.org/datasets/EGAD00001003829
EGAD50000002084	Profiling the genomic landscape and evolutionary history of polyploid giant cancer cells in undifferentiated pleomorphic sarcomas	96		Illumina HiSeq 4000	Whole genome sequencing	controlled	2025-12-10	EGAP50000000102	Francis Crick - Data Access Agreement - General Anon	EGAC50000000111	Francis Crick Institute Data Access Committee	In this study, we characterise PGCCs in ten pleomorphic sarcomas and use topographic single-cell DNA sequencing (scDNA-seq) to investigate their genomic landscape. We selected PGCCs based on their nuclear morphology, including mononucleated or multinucleated bizarre, misshapen nuclei, and analysed them at single-cell resolution. Histopathological analysis showed that PGCCs were often randomly distributed throughout the tumour and did not appear in clusters, suggesting that they arise de novo rather than through clonal expansion. scDNA-seq revealed that PGCCs originate from the dominant tumour	https://ega-archive.org/datasets/EGAD50000002084
EGAD50000001197	Single-Cell and Bulk RNA Sequencing of Oncolytic Measles Virus Treatment in Pediatric Medulloblastoma and ATRT	93		Illumina HiSeq 4000 Illumina NovaSeq 6000	Transcriptome profiling by high-throughput sequencing	controlled	2025-04-15	EGAP00001002723	UCSF Brain Tumor Data Access Agreement	EGAC00001001858	UCSF Brain Tumor Bioinformatics DAC	This dataset includes single-cell RNA sequencing profiles from five mice bearing Group 3 medulloblastoma (CSCG) treated with oncolytic measles virus (MV-NIS) and three mice treated with MV-NIS combined with anti-PD1 therapy. Additionally, bulk RNA sequencing data were generated from 12 samples across PBS control, heat-inactivated (HI) control, MV mid-treatment, and treatment resistance conditions. Pediatric patient data were collected from the PNOC005 trial, which enrolled patients into three strata: Stratum A (focal recurrence, local MV-NIS administration post-surgical resection), Stratum B (	https://ega-archive.org/datasets/EGAD50000001197
EGAD00001008885	Dataset for leiomyosarcoma-EXON	89		Illumina HiSeq 2000 Illumina HiSeq 2500 Illumina HiSeq 4000	Exome sequencing	controlled	2001-01-01	EGAP00001000441	Data Transfer Agreement for the German Cancer Research Center	EGAC00001000452	DKFZ-HIPO Data Access Committee of Heidelberg Center for Personalized Oncology	Rare cancer sequencing data of 96 runs in tumor/control pairs, which were uploaded to umbrella studies. The sequencing was always paired	https://ega-archive.org/datasets/EGAD00001008885
EGAD00001014787	Characterisation of the genetic landscape of cutaneous leiomyoma and leiomyosarcoma - Leiomyoma WES	89		Illumina NovaSeq 6000		controlled	2001-01-01	EGAP00001000001	Wellcome Trust Sanger Institute Cancer Genome Group Data Sharing Policy	EGAC00001000000	WTSI CGP Data access committee	Cutaneous leiomyoma (cLM) and leiomyosarcoma (cLMS) are rare benign and malignant soft tissue neoplasms showing smooth muscle differentiation, respectively, that arise from mesenchymal cells in the dermis and subcutis. Through whole exome sequencing of cLM and cLMS cases, we observed distinct differences between the somatic mutational profile of these tumour types. FH was identified as a driver gene in cLM with genetic alterations of FH occurring via somatic point mutation, somatic copy number loss, biallelic inactivation and germline point mutations. TP53 and RB1 were identified as driver gen	https://ega-archive.org/datasets/EGAD00001014787
EGAD00001007722	Leiomyosarcoma Whole Genome Sequencing	87		Illumina HiSeq 2500	Whole genome sequencing	controlled	2001-01-01	EGAP00001002138	Sickkids policy	EGAC00001002139	Sickkids DAC	DNA was extracted from fresh frozen LMS material for 29 untreated tumors (24 primary tumors, 5 metastatic 13 relapses) and 13 tumors treated with radiation (7 primaries, 6 metastatic relapses). DNA from matched blood was used as a normal reference. Whole-genome sequencing was performed using established protocols on Illumina instruments.	https://ega-archive.org/datasets/EGAD00001007722
EGAD00001008436	Whole transcriptome profiling of osteosarcoma	86		Illumina HiSeq 2000	Transcriptome profiling by high-throughput sequencing	controlled	2001-01-01	EGAP00001002480	MDACC GM Data Access Agreement (00025401)	EGAC00001001328	Osteosarcoma Data Access Committee	This dataset contains 86 osteosarcoma samples and their matched normals that underwent RNA sequencing using size fractionation, NuGEN Ovation Ultralow Library System V2 preparation, and paired-end sequencing on Illumina HiSeq 2000.	https://ega-archive.org/datasets/EGAD00001008436
EGAD50000000114	Phase II Trial with Correlative Genomic Analysis of Durvalumab plus Pazopanib Combination in Patients with Advanced Soft Tissue Sarcomas	83		Illumina HiSeq 2500	Exome sequencing Transcriptome profiling by high-throughput sequencing	controlled	2024-01-05	EGAP50000000029	Data policy	EGAC50000000046	DAC for YCC Sarcoma	This study includes an open-label, phase 2 study to determine the activity of the anti-VEGF receptor tyrosine-kinase inhibitor, pazopanib, combined with the anti-PD-L1 immune checkpoint inhibitor, durvalumab, in unselected advanced sarcomas. We conducted whole exome and transcriptomic sequencing with pre-treatment tissue biopsy to correlate clinical outcomes with molecular and genomic biomarkers to identify patients who would most likely benefit from the combination treatment.	https://ega-archive.org/datasets/EGAD50000000114
EGAD00001004095	Whole exome sequencing of myxofibrosarcoma	82		Illumina HiSeq 2000	Exome sequencing	controlled	2001-01-01	EGAP00001000925	DATA ACCESS AGREEMENT	EGAC00001000957	Division of Cancer Genomics, National Cancer Center Research Institute Data Access Committee	Whole exome sequencing (fastq files) of 41 pairs (82 samples) of myxofibrosarcoma	https://ega-archive.org/datasets/EGAD00001004095
EGAD00001008213	OSTEOMICS_RNA	79		Illumina HiSeq 4000	Transcriptome profiling by high-throughput sequencing	controlled	2001-01-01	EGAP00001002134	Unicancer hereby certifies that it will share de-identified individual data that underlie the results reported. The following conditions apply: - Unicancer wi	EGAC00001002133	Immune infiltrate and tumor microenvironment transcriptional programs stratify pediatric osteosarcoma into prognostic groups at diagnosis	RNA sequencing of 79 libraries were prepared, from sample of Osteosarcoma tumors biopsied at diagnosis, with TruSeq Stranded mRNA kit following recommendations: the key steps consist of PolyA mRNA capture with oligo dT beads using 1µg total RNA, fragmentation to approximately 400pb, DNA double strand synthesis, and ligation of Illumina adaptors amplification of the library by PCR for sequencing. Libraries sequencing was performed using Illumina sequencers (NextSeq 500 or Hiseq 2000/2500/4000) in 75 bp paired-end mode.	https://ega-archive.org/datasets/EGAD00001008213
EGAD00001003191	Leiomyosarcoma Cancer Genome Sequencing	78		Illumina HiSeq 2000	Whole genome sequencing	controlled	2001-01-01	EGAP00001000011	ICGC Data Access	EGAC00001000010	ICGC Data Access Compliance Office	WGS cancer data (fastq raw read sequences) for French ICGC leiomyosarcoma cancer sequencing project, 78 samples representing 67 donors. Sequencing was performed on Illumina HiSeq. The libraries were then sequenced with a 2 x 100bp paired-end protocol to a minimum mean coverage of 50x.	https://ega-archive.org/datasets/EGAD00001003191
EGAD00001003192	Leiomyosarcoma Cancer Transcriptome Sequencing	78		Illumina HiSeq 2000	Transcriptome profiling by high-throughput sequencing	controlled	2001-01-01	EGAP00001000011	ICGC Data Access	EGAC00001000010	ICGC Data Access Compliance Office	RNA-Seq data (fastq raw read sequences) for French ICGC leiomyosarcoma cancer sequencing project, 78 samples representing 67 donors. Sequencing was performed on Illumina HiSeq. The libraries were then sequenced with a 2 x 75bp paired-end protocol to a minimum mean reads of 50 million.	https://ega-archive.org/datasets/EGAD00001003192
EGAD00001004482	Whole genome sequencing and whole exome sequencing of pediatric osteosarcoma	78		Illumina HiSeq 2000 Illumina HiSeq 2500	Exome sequencing Whole genome sequencing	controlled	2001-01-01	EGAP00001001045	BC Cancer, part of the Provincial Health Services Authority - Data Access Policy	EGAC00000000011	BC Cancer, part of the Provincial Health Services Authority, Technology Development Office, Data Access Committee (PHSA TDO DAC)	Whole genome sequencing and whole exome sequencing of 13 pediatric osteosarcoma patients including 13 primary, 10 metastatic, and 3 relapsed tumors.	https://ega-archive.org/datasets/EGAD00001004482
EGAD00001004537	WGS profiling of pediatric osteosarcoma	75		unspecified	Whole genome sequencing	controlled	2001-01-01	EGAP00001000989	Research focused data access	EGAC00001001014	IPCGS Data Access Committee	Primary pediatric osteosarcoma samples were collected and profiled using WGS. When possible, germline and tumor samples were collected. For some patients, multiple tumor tissues were collected and sequenced. Some of the samples were used to derive PDTX models, which were also profiled with WGS. Paired end sequencing was performed on Illumina HiSeq instruments and FASTQ files reported.	https://ega-archive.org/datasets/EGAD00001004537
EGAD00001005389	Whole genome sequencing of osteosarcoma from patients seen at UT MD Anderson Cancer Center.	72		HiSeq X Ten	Whole genome sequencing	controlled	2001-01-01	EGAP00001001320	UT MD Anderson Cancer Center Department of Genomic Medicine Data Access Agreement	EGAC00001001328	Osteosarcoma Data Access Committee	Whole genome sequencing of 35 osteosarcoma patients (primary, relapsed, and metastatic) with matched normals. Tumors were sequenced at target 60X and matched normals at target 30X.	https://ega-archive.org/datasets/EGAD00001005389
EGAD00001007509	Paired WES and low coverage WGS of osteosarcoma	72		Illumina HiSeq 4000	Exome sequencing Whole genome sequencing	controlled	2001-01-01	EGAP00001002061	The file access request must be send to Pr. Daniel Baumhoer from the University Hospital Basel : daniel.baumhoer@usb.ch	EGAC00001002062	Bone Tumor Reference Centre Data Access Committee	Longitudinal genome-sequencing analysis of 12 patients with metastatic or refractory osteosarcoma. The study was approved at the University Hospital Basel, following the approval of the ethical committee for mutational analysis of anonymized samples (“Ethikkommission beider Basel” ref. 274/12). Informed consent was obtained from all 12 patients. All tumor samples were evaluated by an experienced bone pathologist to conﬁrm the diagnosis. WES and low coverage WGS are aligned against the reference genome GRCh37. More details in the associated publication.	https://ega-archive.org/datasets/EGAD00001007509
EGAD00001014789	Characterisation of the genetic landscape of cutaneous leiomyoma and leiomyosarcoma - Leiomyosarcoma WES	72		Illumina NovaSeq 6000		controlled	2001-01-01	EGAP00001000001	Wellcome Trust Sanger Institute Cancer Genome Group Data Sharing Policy	EGAC00001000000	WTSI CGP Data access committee	Cutaneous leiomyoma (cLM) and leiomyosarcoma (cLMS) are rare benign and malignant soft tissue neoplasms showing smooth muscle differentiation, respectively, that arise from mesenchymal cells in the dermis and subcutis. Through whole exome sequencing of cLM and cLMS cases, we observed distinct differences between the somatic mutational profile of these tumour types. FH was identified as a driver gene in cLM with genetic alterations of FH occurring via somatic point mutation, somatic copy number loss, biallelic inactivation and germline point mutations. TP53 and RB1 were identified as driver gen	https://ega-archive.org/datasets/EGAD00001014789
EGAD00001003190	Constit Genome Sequencing	67		Illumina HiSeq 2000	Whole genome sequencing	controlled	2017-03-29	EGAP00001000011	ICGC Data Access	EGAC00001000010	ICGC Data Access Compliance Office	WGS blood data (fastq raw read sequences) for French ICGC leiomyosarcoma cancer sequencing project, 67 samples representing 67 donors. Sequencing was performed on Illumina HiSeq. The libraries were then sequenced with a 2 x 100bp paired-end protocol to a minimum mean coverage of 30x.	https://ega-archive.org/datasets/EGAD00001003190
EGAD00001008611	Clear cell sarcoma dataset	67		Illumina HiSeq 2000 Illumina HiSeq 4000	Exome sequencing Transcriptome profiling by high-throughput sequencing	controlled	2001-01-01	EGAP00001001809	Data access policy	EGAC00001001828	Children's Cancer Therapy Institute DAC	This deposit consists of DNA and RNA sequencing data from 67 CCS samples. 55 samples had tumor DNA sequencing data. 6 had matched normal sequencing data. 34 samples had tumor RNA sequencing data.	https://ega-archive.org/datasets/EGAD00001008611
EGAD50000000902	Arcagen - Sarcoma	62		Illumina HiSeq 4000	Exome sequencing	controlled	2026-07-02	EGAP00001001798	EORTC Data Sharing POL008	EGAC00001001818	EORTC Data Sharing DAC	Arcagen is an EORTC/SPECTA pan-European project that aims to recruit 1000 rare cancer patients from different tumour domains of EURACAN. This study collected samples from advanced or metastatic rare cancer from patients older than 12, and analysed them using Foundation Medicine next-generation sequencing (NGS) panels (FoundationOne CDx for FFPE samples or FoundationOne Liquid CDx for blood samples). Here we are submitting the dataset that contain NGS files in .BAM format from 62 patients with undifferentiated sarcoma of the bone; aggressive angiomyxoma; alveolar soft part sarcoma; small round	https://ega-archive.org/datasets/EGAD50000000902
EGAD00001008875	Dataset for GIST-EXON	61		Illumina HiSeq 2500 Illumina HiSeq 4000	Exome sequencing	controlled	2001-01-01	EGAP00001000441	Data Transfer Agreement for the German Cancer Research Center	EGAC00001000452	DKFZ-HIPO Data Access Committee of Heidelberg Center for Personalized Oncology	Rare cancer sequencing data of 64 runs in tumor/control pairs, which were uploaded to umbrella studies. The sequencing was always paired	https://ega-archive.org/datasets/EGAD00001008875
EGAD00001000392	Chondrosarcoma Validation Study	60		Illumina MiSeq		controlled	2015-05-27	EGAP00001000001	Wellcome Trust Sanger Institute Cancer Genome Group Data Sharing Policy	EGAC00001000000	WTSI CGP Data access committee	Agilent whole exome hybridisation capture was performed on genomic DNA derived from Chondrosarcoma cancer and matched normal DNA from the same patients. Next Generation sequencing performed on the resulting exome libraries and mapped to build 37 of the human reference genome to facilitate the identification of novel cancer genes. Now we aim to re find and validate the findings of those exome libraries using bespoke pulldown methods and sequencing the products.	https://ega-archive.org/datasets/EGAD00001000392
EGAD00001006973	Clinical phenotype data	59			Phenotype information	controlled	2001-01-01	EGAP00001001936	Genentech Data Access Agreement for Academic Research	EGAC00001001946	Genentech DAC	Clinical data corresponding to the patients with ovarian cancer studied using scRNA-seq and bulk RNA-seq. Variables include molecular subtype, predicted immune phenotype, reviewing pathologist comment, final immune phenotype, histology characterization, and tumor stage.	https://ega-archive.org/datasets/EGAD00001006973
EGAD00001010140	Whole Genome Sequencing of Head and Neck Angiosarcoma	59		unspecified	Whole genome sequencing	controlled	2001-01-01	EGAP00001003189	Academic use only	EGAC00001003145	CDH Asian Head and Neck Angiosarcoma	This dataset contains 55 Whole Genome Sequencing of the study titled Spatial transcriptomics reveal topological immune landscapes of Asian head and neck angiosarcoma.	https://ega-archive.org/datasets/EGAD00001010140
EGAD00001000333	Exome sequencing of patients with Ewings sarcoma	58		Illumina HiSeq 2000		controlled	2016-08-12	EGAP00001000001	Wellcome Trust Sanger Institute Cancer Genome Group Data Sharing Policy	EGAC00001000000	WTSI CGP Data access committee	Cancer is driven by mutations in the genome. We will uncover the mutations that give rise to Ewing's sarcoma, a bone tumour that largely affects children. We will use second generation Illumina massively parallel sequencing, and bespoke software, to characterise the genomes and transcriptomes of Ewing,s sarcoma tumours.	https://ega-archive.org/datasets/EGAD00001000333
EGAD00001008849	Dataset for leiomyosarcoma-RNA	58		HiSeq X Ten Illumina HiSeq 2500 Illumina HiSeq 4000	Transcriptome profiling by high-throughput sequencing	controlled	2001-01-01	EGAP00001000441	Data Transfer Agreement for the German Cancer Research Center	EGAC00001000452	DKFZ-HIPO Data Access Committee of Heidelberg Center for Personalized Oncology	Rare cancer sequencing data of 87 runs in tumor/control pairs, which were uploaded to umbrella studies. The sequencing was always paired	https://ega-archive.org/datasets/EGAD00001008849
EGAD00001008887	Dataset for leiomyosarcoma-WHOLE_GENOME	58		HiSeq X Ten	Whole genome sequencing	controlled	2001-01-01	EGAP00001000441	Data Transfer Agreement for the German Cancer Research Center	EGAC00001000452	DKFZ-HIPO Data Access Committee of Heidelberg Center for Personalized Oncology	Rare cancer sequencing data of 66 runs in tumor/control pairs, which were uploaded to umbrella studies. The sequencing was always paired	https://ega-archive.org/datasets/EGAD00001008887
EGAD00001004493	Transcriptome of Ewing sarcoma tumors - RNA-seq (ICGC)	57		Illumina HiSeq 2500	Transcriptome profiling by high-throughput sequencing	controlled	2001-01-01	EGAP00001000030	ICGC Data Access	EGAC00001000010	ICGC Data Access Compliance Office	Transcriptome of Ewing sarcoma tumors (ICGC project). Fastq files of 57 RNA-seq are available (2x101bp).	https://ega-archive.org/datasets/EGAD00001004493
EGAD00001001059	Whole Exome Sequencing files accompanying Genetic landscape of pediatric Rhabdomyosarcoma	56		Illumina HiSeq 2000		controlled	2015-05-27	EGAP00001000051	DAC to obtain datasets submitted by St. Jude Children's Research Hospital - Washington University Pediatric Cancer Genome Project	EGAC00001000044	St. Jude Children’s Research Hospital – Washington University Pediatric Cancer Genome Project Steering Committee	Whole Exome Sequencing files accompanying Genetic landscape of pediatric Rhabdomyosarcoma	https://ega-archive.org/datasets/EGAD00001001059
EGAD00001004589	Ewing's Sarcoma Whole Genome Sequencing	54		Illumina HiSeq 2500	Whole genome sequencing	controlled	2001-01-01	EGAP00001001096	The Hospital for Sick Children policy	EGAC00001001125	The Shlien Lab, The Hospital for Sick Children	"54 WGS Ewing's sarcoma samples sequenced at The Hospital for Sick Children Toronto (Adam Shlien's lab) and published on Science 2018. Reference Anderson et al. ""Rearrangement bursts generate canonical gene fusions in bone and soft tissue tumors"""	https://ega-archive.org/datasets/EGAD00001004589
EGAD00001004439	RNA sequencing of undifferentiated sarcomas	53		Illumina HiSeq 2500	Transcriptome profiling by high-throughput sequencing	controlled	2001-01-01	EGAP00001001024	Data access policy for RNA sequencing data of undifferentiated sarcomas	EGAC00001001055	RNA sequencing of undifferentiated sarcomas	mRNA sequencing of 50 undifferentiated sarcoma tumour samples and 5 adjacent muscle tissue samples. BAM files are provided, with metadata specifying which samples are tumour/normal.	https://ega-archive.org/datasets/EGAD00001004439
EGAD00001014788	Characterisation of the genetic landscape of cutaneous leiomyoma and leiomyosarcoma - Leiomyoma RNA	52		Illumina NovaSeq 6000		controlled	2001-01-01	EGAP00001000001	Wellcome Trust Sanger Institute Cancer Genome Group Data Sharing Policy	EGAC00001000000	WTSI CGP Data access committee	Cutaneous leiomyoma (cLM) and leiomyosarcoma (cLMS) are rare benign and malignant soft tissue neoplasms showing smooth muscle differentiation, respectively, that arise from mesenchymal cells in the dermis and subcutis. Through whole exome sequencing of cLM and cLMS cases, we observed distinct differences between the somatic mutational profile of these tumour types. FH was identified as a driver gene in cLM with genetic alterations of FH occurring via somatic point mutation, somatic copy number loss, biallelic inactivation and germline point mutations. TP53 and RB1 were identified as driver gen	https://ega-archive.org/datasets/EGAD00001014788
EGAD50000000925	Nanopore whole-genome sequencing of human osteosarcomas	52		PromethION	Whole genome sequencing	controlled	2024-12-18	EGAP50000000367	Access to nanopore whole-genome sequencing data of sarcomas	EGAC50000000415	Sarcoma long-read nanopore whole-genome sequencing Data Access Committee	We performed single and multi-region nanopore whole-genome sequencing on human osteosarcoma samples from adult and paediatric patients.	https://ega-archive.org/datasets/EGAD50000000925
EGAD00001003976	Genomic profiling of well-differentiated and dedifferentiated liposarcoma from the same patient	51		Illumina HiSeq 2000	Exome sequencing Transcriptome profiling by high-throughput sequencing	controlled	2001-01-01	EGAP00001000796	UNIVERSITY OF TEXAS MD ANDERSON CANCER CENTER DEPARTMENT OF GENOMIC MEDICINE DATA ACCESS AGREEMENT	EGAC00001000821	UT MD Anderson Cancer Center Department of Genomic Medicine Lipoasarcoma Data Access Committee	Well-differentiated, dedifferentiated, and matched normal tissues from liposarcoma (51 specimens) from 17 patients were obtained for whole exome sequencing. Tumors were submitted from 9 patients were used for RNA sequencing. The bam files are made available in this dataset.	https://ega-archive.org/datasets/EGAD00001003976
EGAD00001006628	Leiomyosarcoma RNA-Seq	51		Illumina HiSeq 2500	Transcriptome profiling by high-throughput sequencing	controlled	2001-01-01	EGAP00001001807	Sickkids policy	EGAC00001001817	Sickkids DAC	RNA was extracted from fresh frozen LMS material for 29 untreated tumors (24 primary tumors, 5 metastatic12 relapses) and 13 tumors treated with radiation(7 primaries, 6 metastatic relapses). RNA-Seq sequencing was performed using established protocols on Illumina HiSeq 2500	https://ega-archive.org/datasets/EGAD00001006628
EGAD00001008394	WES tumor samples	51		Illumina HiSeq 4000	Exome sequencing	controlled	2001-01-01	EGAP00001001798	EORTC Data Sharing POL008	EGAC00001001818	EORTC Data Sharing DAC	Raw FASTQ files obtained from whole exome sequencing (WES) of tumor samples from patients with newly diagnosed, recurrent intermediate or high-grade sarcoma.	https://ega-archive.org/datasets/EGAD00001008394
EGAD00001000119	Chordoma Exome Sequencing	50		Illumina Genome Analyzer II Illumina HiSeq 2000		controlled	2015-05-27	EGAP00001000001	Wellcome Trust Sanger Institute Cancer Genome Group Data Sharing Policy	EGAC00001000000	WTSI CGP Data access committee	Chordoma Exome Sequencing	https://ega-archive.org/datasets/EGAD00001000119
EGAD00001010108	Whole genome, exome and RNA sequencing of TFCP2-rearranged rhabdomyosarcoma	50		HiSeq X Ten Illumina HiSeq 2500 Illumina HiSeq 4000 Illumina NovaSeq 6000	Exome sequencing Transcriptome profiling by high-throughput sequencing Whole genome sequencing	controlled	2001-01-01	EGAP00001000441	Data Transfer Agreement for the German Cancer Research Center	EGAC00001000452	DKFZ-HIPO Data Access Committee of Heidelberg Center for Personalized Oncology	Whole genome, exome and RNA sequencing of TFCP2-rearranged rhabdomyosarcoma, 86 samples of paired fastq files, sequenced on: Illumina HiSeq 2500 using Agilent SureSelect WGS, Illumina HiSeq 2500 using Illumina TruSeq RNA, Illumina HiSeq 2500 using Agilent SureSelect v5 WES (+UTRs), Illumina HiSeq 4000 using Agilent SureSelect WGS, Illumina HiSeq 4000 using Illumina TruSeq stranded mRNA Kit, Illumina HiSeq 4000 using Agilent SureSelect v5 WES stranded mRNA Kit, Illumina NovaSeq 6000 using Illumina TruSeq Stranded mRNA, Illumina NovaSeq 6000 using Illumina TruSeq Nano DNA, Illumina HiSeq X Ten u	https://ega-archive.org/datasets/EGAD00001010108
EGAD00001011370	Exome sequencing of osteosarcoma, blood and saliva	50		unspecified	Exome sequencing	controlled	2001-01-01	EGAP00001003510	Access to data generated by our group is available by emailing application to the data access committee and will be granted to qualified investigators for appro	EGAC00001003437	DAC for EGAS00001007531	We profiled 31 osteosarcoma tumor patient samples, 18 blood and 1 saliva control samples by exome sequencing, for a total of 50 samples. The raw fastqs are provided.	https://ega-archive.org/datasets/EGAD00001011370
EGAD00001007978	Pathogenic Neurofibromatosis type 1 (NF1) RNA splicing resolved by targeted RNAseq	47		NextSeq 500	Amplicon sequencing Genomic variant calling Transcriptome profiling by high-throughput sequencing	controlled	2001-01-01	EGAP00001002262	Targeted RNA sequencing of NF1 and SPRED1	EGAC00001002259	Department of Clinical Genetics of Maastricht University Medical Center	Neurofibromatosis type 1 (NF1) is caused by loss-of-function variants in the NF1 gene. Approximately 10% of these variants affect RNA splicing and are either missed by conventional DNA diagnostics or are misinterpreted by in silico splicing predictions. Therefore, a targeted RNAseq-based approach was designed to detect pathogenic RNA splicing and associated pathogenic DNA variants. an in-house developed tool (QURNAS) was used to calculate the enrichment score (ERS) for each splicing event. RNA enrichment of NF1 and SPRED1 was done using SPET (NUGEN - NF1 only) and using SureSelect (Agilent - N	https://ega-archive.org/datasets/EGAD00001007978
EGAD00001000267	Chordoma Targeted Sequencing Study	46		Illumina HiSeq 2000		controlled	2015-05-27	EGAP00001000001	Wellcome Trust Sanger Institute Cancer Genome Group Data Sharing Policy	EGAC00001000000	WTSI CGP Data access committee	This Study uses a focused bespoke bait pull down library method to target findings of Chordoma whole genome and whole exome sequencing studies in order to validate findings. This method will also be used on a larger set of tumour only samples in order to find precedence of these findings in a larger set of patient samples.	https://ega-archive.org/datasets/EGAD00001000267
EGAD50000000910	Dataset for desmoplastic small round cell tumor - WES	45		Illumina HiSeq 2500 Illumina HiSeq 4000 Illumina NovaSeq 6000	Exome sequencing	controlled	2026-01-27	EGAP00001000441	Data Transfer Agreement for the German Cancer Research Center	EGAC00001000452	DKFZ-HIPO Data Access Committee of Heidelberg Center for Personalized Oncology	This dataset contains 45 WES sequencing samples of patients with desmoplastic small round cell tumor. Sequencing was performed on Illumina HiSeq 2500, Illumina HiSeq 4000 and NovaSeq 6000 using Agilent SureSelect Human All Exon V5 Kit. The sequencing was always paired.	https://ega-archive.org/datasets/EGAD50000000910
EGAD50000002703	RNA sequencing data and whole exome sequencing data of genetically modified IDH1 wildtype and mutant chondrosarcoma cell lines	45		Illumina NovaSeq 6000 Illumina NovaSeq X	Exome sequencing Transcriptome profiling by high-throughput sequencing	controlled	2026-06-22	EGAP50000000684	Policy: LUMC Department Pathology, Bone and Soft Tissue Tumor Group	EGAC50000000763	LUMC Department Pathology, Bone and Soft Tissue Tumor Group	This dataset contains total RNA sequencing (polyA enriched) data of early and late passages of n=5 vector-based CH2879 empty vector and IDH1mut cell lines. Total RNA sequencing (polyA enriched) using 150bp paired-end reads was performed in triplicate using the NEBNext Ultra II Directional RNA Library Prep Kit (New England Biolabs) on the NovaSeq6000 platform (Illumina). Additionally, this dataset contains whole exome sequencing data of n=15 parental, mock, and CRISPR-edited IDH1mut and IDH1wt CH2879 and JJ012 cell lines. Whole exome sequencing using 150bp paired-end reads with a minimum covera	https://ega-archive.org/datasets/EGAD50000002703
EGAD00001000007	Osteosarcoma Sequencing	43		Illumina Genome Analyzer II		controlled	2015-05-27	EGAP00001000001	Wellcome Trust Sanger Institute Cancer Genome Group Data Sharing Policy	EGAC00001000000	WTSI CGP Data access committee	Osteosarcoma Sequencing	https://ega-archive.org/datasets/EGAD00001000007
EGAD00010001546	Array_dataset_ega_box_64	43		Illumina HumanHT-12 v4.0 Array		controlled	2019-05-02	EGAP00001000290	Policy Agreement for Access to ATRT Array Data	EGAC00001000306	Data access agreement for ATRT	ATRT expression	https://ega-archive.org/datasets/EGAD00010001546
EGAD50000002016	Desmoid type fibromatosis profiling	43		Illumina NovaSeq 6000	Transcriptome profiling by high-throughput sequencing	controlled		EGAP00001003330	Institut Curie Data Access Agreement - These terms and conditions govern access to the managed access datasets to which the User Institution has requested acces	EGAC00001003266	Institut Curie Data Access Commitee	Desmoid type fibromatosis RNA profiling to study role of iron in tumorigenesis	https://ega-archive.org/datasets/EGAD50000002016
EGAD00001000878	RNA-Seq files accompanying Genetic landscape of pediatric Rhabdomyosarcoma	42		Illumina HiSeq 2000		controlled	2015-05-27	EGAP00001000051	DAC to obtain datasets submitted by St. Jude Children's Research Hospital - Washington University Pediatric Cancer Genome Project	EGAC00001000044	St. Jude Children’s Research Hospital – Washington University Pediatric Cancer Genome Project Steering Committee	RNA-Seq files accompanying Genetic landscape of pediatric Rhabdomyosarcoma	https://ega-archive.org/datasets/EGAD00001000878
EGAD00001005099	Genomic profiling of patient-derived xenograft models of myxoid liposarcoma either sensitive or resistant to trabectedin	41		NextSeq 500	Exome sequencing	controlled	2001-01-01	EGAP00001001225	If you need access to the data please contact Maurizio D'Incalci at maurizio.dincalci@marionegri.it	EGAC00001001247	Department of Oncology	The dataset consists of two patient-derived xenograft model of myxoid liposarcoma one sensitive and one resistant to trabectedin. Both models underwent the same treatment schedule with trabectedin (tree time points and one treatment with doxorubicin). We performed genomic profiling using Agilent OneSeq assay.	https://ega-archive.org/datasets/EGAD00001005099
EGAD00001008888	Dataset for liposarcoma-WHOLE_GENOME	41		HiSeq X Ten	Whole genome sequencing	controlled	2001-01-01	EGAP00001000441	Data Transfer Agreement for the German Cancer Research Center	EGAC00001000452	DKFZ-HIPO Data Access Committee of Heidelberg Center for Personalized Oncology	Rare cancer sequencing data of 48 runs in tumor/control pairs, which were uploaded to umbrella studies. The sequencing was always paired	https://ega-archive.org/datasets/EGAD00001008888
EGAD00001014790	Characterisation of the genetic landscape of cutaneous leiomyoma and leiomyosarcoma - Leiomyosarcoma RNA	41		Illumina NovaSeq 6000		controlled	2001-01-01	EGAP00001000001	Wellcome Trust Sanger Institute Cancer Genome Group Data Sharing Policy	EGAC00001000000	WTSI CGP Data access committee	Cutaneous leiomyoma (cLM) and leiomyosarcoma (cLMS) are rare benign and malignant soft tissue neoplasms showing smooth muscle differentiation, respectively, that arise from mesenchymal cells in the dermis and subcutis. Through whole exome sequencing of cLM and cLMS cases, we observed distinct differences between the somatic mutational profile of these tumour types. FH was identified as a driver gene in cLM with genetic alterations of FH occurring via somatic point mutation, somatic copy number loss, biallelic inactivation and germline point mutations. TP53 and RB1 were identified as driver gen	https://ega-archive.org/datasets/EGAD00001014790
EGAD00010000790	EGAS00001000506_expression_2	41		Illumina Human HT6-v3 Array		controlled	2018-03-08	EGAP00001000290	Policy Agreement for Access to ATRT Array Data	EGAC00001000306	Data access agreement for ATRT	ATRT expression	https://ega-archive.org/datasets/EGAD00010000790
EGAD00001009099	Sequence-based gene expression in uterine and ovarian carcinosarcomas	40		Illumina HiSeq 2500	Transcriptome profiling by high-throughput sequencing	controlled	2001-01-01	EGAP00001002820	Policy of Synergie Lyon Cancer	EGAC00001002795	DAC Synergie Lyon Cancer	Gynecologic carcinosarcomas (CS), including more generally uterine (endometrial) and less frequently ovarian localization, are histologically defined as biphasic neoplasms composed of carcinomatous (C) epithelial and sarcomatous (S) malignant components. We report a comprehensive analysis of 20 patients of macro-dissected samples of C and S components through RNA sequencing.	https://ega-archive.org/datasets/EGAD00001009099
EGAD00010000712		40				controlled	2018-02-22	EGAP00001000290	Policy Agreement for Access to ATRT Array Data	EGAC00001000306	Data access agreement for ATRT	ATRT genotyping	https://ega-archive.org/datasets/EGAD00010000712
EGAD00001006394	Exome profiling of desmoplastic small round cell tumors (DSRCTs)	39		Illumina HiSeq 2000	Exome sequencing	controlled	2001-01-01	EGAP00001001701	Department of Genomic Medicine Data Access Agreement	EGAC00001001728	DSRCT Data Access Committee	Exome sequencing of frozen resected specimens of desmoplastic small round cell tumors (DSRCTs). Four patients have specimens from multiple tissue sites included in this dataset.	https://ega-archive.org/datasets/EGAD00001006394
EGAD00001001105	Whole-exome and transcriptome in RMS	38		Illumina HiSeq 2000	Exome sequencing Genotyping by array Transcriptome profiling by high-throughput sequencing	controlled	2015-07-09	EGAP00001000212	Department of Pediatrics, The University of Tokyo, Data Access Committee	EGAC00001000207	Department of Pediatrics, The University of Tokyo Data Access Committee	Whole-exome sequencing in 16 RMS casesWhole-transcriptome sequencing in 8 RMS cases	https://ega-archive.org/datasets/EGAD00001001105
EGAD00001003884	Congenital mesoblastic nephroma and infantile fibrosarcoma	37		HiSeq X Ten		controlled	2018-01-09	EGAP00001000001	Wellcome Trust Sanger Institute Cancer Genome Group Data Sharing Policy	EGAC00001000000	WTSI CGP Data access committee	The genetic basis of many rare childhood cancers remains unknown. These include a spectrum of infant soft tissue tumors without canonical gene fusions, encompassing congenital mesoblastic nephroma (CMN) of the kidney and infantile fibrosarcoma (IFS). Here, we integrated whole genome and transcriptome sequencing and identified diagnostic markers and novel therapeutic strategies.	https://ega-archive.org/datasets/EGAD00001003884
EGAD00001008974	Sequencing data for rare tumors and sarcomas	37		HiSeq X Ten Illumina HiSeq 2000 Illumina HiSeq 2500	Exome sequencing Transcriptome profiling by high-throughput sequencing Whole genome sequencing	controlled	2001-01-01	EGAP00001001809	Data access policy	EGAC00001001828	Children's Cancer Therapy Institute DAC	This dataset contains DNA and RNA sequencing information for AML, Gliomas, brain tumors (medulloblastoma and ependymoma), DIPG, rhabdoid tumors and soft tissue sarcomas. In total 39 samples are present (14 matched normal, 25 tumor samples). Not all samples have matched normals and not all samples have RNA sequencing data..	https://ega-archive.org/datasets/EGAD00001008974
EGAD00001011285	Whole genome sequencing of Osteosarcoma clonal evolution	37		Illumina NovaSeq 6000	Whole genome sequencing	controlled	2001-01-01	EGAP00001003452	MSKCC Medical Donation Program Data Access Policy	EGAC00001000588	MSKCC Medical Donation Program Data Access Committee	Multiple large-scale genomic profiling efforts have been undertaken in osteosarcoma to define the genomic drivers of tumorigenesis, therapeutic response, and disease recurrence. The spatial and temporal intratumor heterogeneity could also play a role in promoting tumor growth and treatment resistance. Here, we conducted longitudinal whole-genome sequencing of 37 tumor samples from eight patients with osteosarcoma that relapsed or became refractory to initial therapy. We found that the chemoresistant population in recurrent osteosarcoma is subclonal at diagnosis, emerges at the time of primary	https://ega-archive.org/datasets/EGAD00001011285
EGAD00001002138	WGS data of Atypical teratoid/rhabdoid tumors (ATRT)	36		Illumina HiSeq 2000	Whole genome sequencing	controlled	2016-06-22	EGAP00001000441	Data Transfer Agreement for the German Cancer Research Center	EGAC00001000452	DKFZ-HIPO Data Access Committee of Heidelberg Center for Personalized Oncology	WGS data of Atypical teratoid/rhabdoid tumors (ATRT)	https://ega-archive.org/datasets/EGAD00001002138
EGAD00010000452		36		Affymetrix_SNP6		controlled	2015-05-27					Chondrosarcoma case sample genotype using Affymetrix SNP6.0	https://ega-archive.org/datasets/EGAD00010000452
EGAD50000000065	Berlin Pediatric Sarcoma PDX Whole Exome Sequencing dataset	36		unspecified	Exome sequencing	controlled	2023-12-12	EGAP50000000034	Data access agreement to access sequencing data from the Berlin Pediatric Sarcoma PDX DAC	EGAC50000000051	Pediatric Sarcoma PDX whole exome sequencing dataset	Fastq files of 18 pediatric sarcoma PDX WXS samples. Each sample was sequenced on 2 Lanes.	https://ega-archive.org/datasets/EGAD50000000065
EGAD00001006540	Low Coverage Whole Genome Sequencing from high grade osteosarcoma	35		Illumina HiSeq 2500	Whole genome sequencing	controlled	2001-01-01	EGAP00001001083	"This DATA ACCESS AGREEMENT governs access to the dataset associated to the study "" Activating mutations in the MAP-kinase pathway define non-ossifying fibroma o"	EGAC00001001114	Bone Tumor Reference Centre Data Access Commitee	This dataset contains the WGS of 35 samples (high grade osteosarcoma). All cases were reviewed by an expert bone pathologist and have a tumour content of 50% minimum. Paired-end libraries from fresh frozen tumour samples were prepared using the Agilent SureSelectXT HumanV5 kit for whole-genome sequencing (WGS). These were sequenced together with a tumour complementary DNA on an Illumina HiSeq2500 (paired-end 100 bp). Sequencing reads were mapped to the GRCh37 human reference genome using HISAT2	https://ega-archive.org/datasets/EGAD00001006540
EGAD00001008852	Dataset for GIST-RNA	34		HiSeq X Ten Illumina HiSeq 2000 Illumina HiSeq 2500 Illumina HiSeq 4000	Transcriptome profiling by high-throughput sequencing	controlled	2001-01-01	EGAP00001000441	Data Transfer Agreement for the German Cancer Research Center	EGAC00001000452	DKFZ-HIPO Data Access Committee of Heidelberg Center for Personalized Oncology	Rare cancer sequencing data of 50 runs in tumor/control pairs, which were uploaded to umbrella studies. The sequencing was always paired	https://ega-archive.org/datasets/EGAD00001008852
EGAD50000002614	SV Based ctDNA detection in localized soft tissue sarcoma	33		Illumina NovaSeq X	Whole genome sequencing	controlled	2026-05-28	EGAP50000000431	DATA ACCESS AGREEMENT	EGAC00001000912	UHN Genomics Data Access Committee	"WGS from FFPE for ""Detecting ctDNA Using Personalized Structural Variants to Forecast Recurrence in Localized Soft Tissue Sarcoma."" study. 33 patients had whole genome sequencing through the Illumina platform at an average depth of 15x. Tumor informed structural variants were identified and ddPCR assays were designed for individualized structural variant-based ctDNA detection."	https://ega-archive.org/datasets/EGAD50000002614
EGAD00001004576	ATRT whole exome sequencing	32		Illumina HiSeq 2000 unspecified	Exome sequencing	controlled	2001-01-01	EGAP00001000290	Policy Agreement for Access to ATRT Array Data	EGAC00001000306	Data access agreement for ATRT	ATRT whole exome sequencing	https://ega-archive.org/datasets/EGAD00001004576
EGAD00001008515	Epithelioid sarcoma dataset	32		Illumina HiSeq 2000	Exome sequencing Transcriptome profiling by high-throughput sequencing	controlled	2001-01-01	EGAP00001001809	Data access policy	EGAC00001001828	Children's Cancer Therapy Institute DAC	This deposit consists of DNA and RNA sequencing data from 32 EPS patients. 28 samples had tumor DNA sequencing data. 2 had matched normal sequencing data. 27 samples had tumor RNA sequencing data.	https://ega-archive.org/datasets/EGAD00001008515
EGAD50000000912	Dataset for desmoplastic small round cell tumor - RNA	32		Illumina HiSeq 2500 Illumina HiSeq 4000 Illumina HiSeq X Illumina NovaSeq 6000	Transcriptome profiling by high-throughput sequencing	controlled	2026-01-27	EGAP00001000441	Data Transfer Agreement for the German Cancer Research Center	EGAC00001000452	DKFZ-HIPO Data Access Committee of Heidelberg Center for Personalized Oncology	This dataset contains 32 RNA sequencing samples of patients with desmoplastic small round cell tumor. Sequencing was performed on Illumina HiSeq 2500, Illumina HiSeq 4000, Illumina HiSeq X and NovaSeq 6000 using Illumina TruSeq RNA and TruSeq Stranded RNA Kit. The sequencing was always paired.	https://ega-archive.org/datasets/EGAD50000000912
EGAD00001005366	WGS data of patients diagnosed with angiosarcoma	31		HiSeq X Ten Illumina HiSeq 2000	Whole genome sequencing	controlled	2001-01-01	EGAP00001001286	Data access policy for Angiosarcoma study. National Cancer Centre Singapore	EGAC00001001311	DAC for Angiosarcoma Study. National Cancer Centre Singapore.	Whole-genome sequencing (WGS) was performed for 13 pairs of tumor-normal and 5 tumor-only samples from patients diagnosed with angiosarcoma. Genomic DNA from tumor tissue was extracted with QIAamp DNA Mini Kit. The DNA for the matching normal was obtained from blood or buccal swabs and purified by Blood and Cell Culture DNA Mini kit or E.Z.N.A. Tissue DNA Kit (Omega Bio-tek) according to manufacturer’s instructions. The quantity and quality were assessed by Quant-iT PicoGreen dsDNA Assay Kit (Invitrogen) and agarose gel electrophoresis. All sequencing libraries were prepared using TruSeq Nano	https://ega-archive.org/datasets/EGAD00001005366
EGAD00001004538	RNAseq profiling of pediatric osteosarcoma	30		unspecified	Transcriptome profiling by high-throughput sequencing	controlled	2001-01-01	EGAP00001000989	Research focused data access	EGAC00001001014	IPCGS Data Access Committee	Primary pediatric osteosarcoma samples were collected and profiled using RNAseq. When possible, germline and tumor samples were collected. For some patients, multiple tumor tissues were collected and sequenced. Some of the samples were used to derive PDTX models, which were also profiled with RNAseq. Paired end sequencing was performed on Illumina HiSeq instruments and FASTQ files reported.	https://ega-archive.org/datasets/EGAD00001004538
EGAD00001006574	RNA-Seq of SMARCB1 re-expression and HDAC+mTOR inhibition experiments in malignant rhabdoid tumor organoids	30		Illumina NovaSeq 6000	Transcriptome profiling by high-throughput sequencing	controlled	2001-01-01	EGAP00001001842	The Princess Maxima Center for pediatric oncology default access policy to enable re-production of research and re-use of data for scientific purposes.	EGAC00001001864	EGAC00001001864 - Data Access Committee Princess Maxima Center		https://ega-archive.org/datasets/EGAD00001006574
EGAD00001008873	Dataset for Ewing_sarcoma_PNET-EXON	30		Illumina HiSeq 2500 Illumina HiSeq 4000	Exome sequencing	controlled	2001-01-01	EGAP00001000441	Data Transfer Agreement for the German Cancer Research Center	EGAC00001000452	DKFZ-HIPO Data Access Committee of Heidelberg Center for Personalized Oncology	Rare cancer sequencing data of 30 runs in tumor/control pairs, which were uploaded to umbrella studies. The sequencing was always paired	https://ega-archive.org/datasets/EGAD00001008873
EGAD50000000475	Osteosarcoma WGS on multiple tissue samples from six patients	30		Illumina NovaSeq 6000	Whole genome sequencing	controlled	2024-08-02	EGAP50000000197	Policy osteosarcoma WGS data	EGAC50000000228	DAC Bone and soft tissue tumor pathology	Osteosarcoma is a primary bone tumor that exhibits a complex genome characterized by gross chromosomal abnormalities. Osteosarcoma patients often develop metastatic disease, resulting in limited therapeutic options and poor survival rates. To gain knowledge on the mechanisms underlying osteosarcoma heterogeneity and metastatic process, it is important to obtain a detailed profile of the genomic alterations that accompany osteosarcoma progression. Therefore, in this study we performed WGS on multiple tissue samples from six patients with osteosarcoma, including the treatment naïve biopsy of the	https://ega-archive.org/datasets/EGAD50000000475
EGAD00001000164	Whole Genome Sequencing accompanying Genetic landscape of pediatric Rhabdomyosarcoma	29		Illumina HiSeq 2000		controlled	2016-08-24	EGAP00001000051	DAC to obtain datasets submitted by St. Jude Children's Research Hospital - Washington University Pediatric Cancer Genome Project	EGAC00001000044	St. Jude Children’s Research Hospital – Washington University Pediatric Cancer Genome Project Steering Committee	Whole Genome Sequencing accompanying Genetic landscape of pediatric Rhabdomyosarcoma.	https://ega-archive.org/datasets/EGAD00001000164
EGAD00001004102	RNA sequencing of myxofibrosarcoma	29		Illumina HiSeq 2000	Transcriptome profiling by high-throughput sequencing	controlled	2001-01-01	EGAP00001000925	DATA ACCESS AGREEMENT	EGAC00001000957	Division of Cancer Genomics, National Cancer Center Research Institute Data Access Committee	RNA sequencing (fastq files) of 29 samples of myxofibrosarcoma	https://ega-archive.org/datasets/EGAD00001004102
EGAD00001004188	Ewing's Sarcoma RNA-Seq	28		Illumina HiSeq 2500	Transcriptome profiling by high-throughput sequencing	controlled	2001-01-01	EGAP00001000910	The Hospital for Sick Children policy	EGAC00001000942	The Shlien Lab, The Hospital for Sick Children	28 Pretreated Ewing sarcoma tumor blood samples were collected from the Hospital for Sick Children (SickKids) and Mount Sinai Hospital in Toronto, Canada in accordance with each institution’s Research Ethical Board (REB) guidelines. Detailed clinical information (age at presentation, gender, tumor site, stage, etc.) were obtained from the corresponding institutional tumor banks. Transcriptome (RNA-Seq) sequencing was performed using established protocols on Illumina instruments.	https://ega-archive.org/datasets/EGAD00001004188
EGAD00001007696	mRNA capture sequencing and RT-qPCR for the detection of pathognomonic, novel and secondary fusion transcripts in formalin-fixed paraffin-embedded tissue: a sarcoma showcase	28		Illumina MiSeq NextSeq 500	Transcriptome profiling by high-throughput sequencing	controlled	2001-01-01	EGAP00001002062	DAC for the Center of Medical Genetics Ghent	EGAC00001002063	Center of Medical Genetics Ghent	mRNA capture sequencing data (FASTQ files) of 28 FFPE sarcoma tumors	https://ega-archive.org/datasets/EGAD00001007696
EGAD00001008886	Dataset for liposarcoma-EXON	28		Illumina HiSeq 2000 Illumina HiSeq 2500 Illumina HiSeq 4000	Exome sequencing	controlled	2001-01-01	EGAP00001000441	Data Transfer Agreement for the German Cancer Research Center	EGAC00001000452	DKFZ-HIPO Data Access Committee of Heidelberg Center for Personalized Oncology	Rare cancer sequencing data of 29 runs in tumor/control pairs, which were uploaded to umbrella studies. The sequencing was always paired	https://ega-archive.org/datasets/EGAD00001008886
EGAD00001003755	Whole genome sequencing data of normal/tumors pairs from 9 patients with uterine or ovarian carcinosarcoma.	27		Illumina HiSeq 2000	Whole genome sequencing	controlled	2017-09-20	EGAP00001000011	ICGC Data Access	EGAC00001000010	ICGC Data Access Compliance Office	This dataset provides whole genome sequencing data of normal/tumors pairs from 9 patients with uterine or ovarian carcinosarcoma using the HiSeq 2000 sequencing system. It includes 27 samples (9 normals, 16 uterine tumors and 2 ovarian tumors). Through separate whole genome sequencing of carcinomatous and sarcomatoid components, we analyse and compare the genomic alterations of these components.	https://ega-archive.org/datasets/EGAD00001003755
EGAD00001008393	RNA-seq samples	26		Illumina HiSeq 4000	Transcriptome profiling by high-throughput sequencing	controlled	2001-01-01	EGAP00001001798	EORTC Data Sharing POL008	EGAC00001001818	EORTC Data Sharing DAC	Raw FASTQ files obtained by RNA sequencing of tumor samples from patients (age 12-29) with newly diagnosed, recurrent intermediate or high-grade sarcoma.	https://ega-archive.org/datasets/EGAD00001008393
EGAD00001008854	Dataset for liposarcoma-RNA	26		HiSeq X Ten Illumina HiSeq 2000 Illumina HiSeq 2500 Illumina HiSeq 4000	Transcriptome profiling by high-throughput sequencing	controlled	2001-01-01	EGAP00001000441	Data Transfer Agreement for the German Cancer Research Center	EGAC00001000452	DKFZ-HIPO Data Access Committee of Heidelberg Center for Personalized Oncology	Rare cancer sequencing data of 40 runs in tumor/control pairs, which were uploaded to umbrella studies. The sequencing was always paired	https://ega-archive.org/datasets/EGAD00001008854
EGAD00001002136	RNA sequencing data of Atypical teratoid/rhabdoid tumors (ATRT)	25		Illumina HiSeq 2000	Transcriptome profiling by high-throughput sequencing	controlled	2016-06-22	EGAP00001000441	Data Transfer Agreement for the German Cancer Research Center	EGAC00001000452	DKFZ-HIPO Data Access Committee of Heidelberg Center for Personalized Oncology	RNA sequencing data of Atypical teratoid/rhabdoid tumors (ATRT)	https://ega-archive.org/datasets/EGAD00001002136
EGAD00001010839	RNAseq of 25 sarcoma samples	25		Illumina NovaSeq 6000	Transcriptome profiling by high-throughput sequencing	controlled	2001-01-01	EGAP00001003293	Access can be obtained by submission of a data and sample request to Sarcoma Data Acess Commitee	EGAC00001003226	Sarcoma Data Access Committee	100 bp paired-end fastq RNAseq files for 25 sarcoma samples. RNAseq data from exon capture library prep.	https://ega-archive.org/datasets/EGAD00001010839
EGAD50000000707	Genetic investigation of 12q-amplified osteosarcomas	25		NextSeq 500 unspecified	Whole genome sequencing Transcriptome profiling by high-throughput sequencing	controlled	2024-09-09	EGAP50000000294	Data access to Genetic investigation of 12q-amplified ostesarcomas	EGAC50000000340	Genetic investigation of 12q-amplified osteosarcomas	Further investigation and characterisation of 12q-amplified low- and high-grade osteosarcomas with MDM2 and/or CDK4 amplification focusing on SV, copy number and gene fusion analyses. In total, 25 cases (33 samples total due to multi-sampling) were included, with some form of sequencing data available for 27 samples. Mate-pair whole genome sequencing (Illumina) is available for 19 samples, longread whole genome sequencing (PacBio HiFi) on 10 samples and RNA-sequencing (Illumina Truseq) on 21 samples. Data is available as BAM files.	https://ega-archive.org/datasets/EGAD50000000707
EGAD50000000911	Dataset for desmoplastic small round cell tumor - WGS	25		Illumina HiSeq X Illumina NovaSeq 6000	Whole genome sequencing	controlled	2026-01-27	EGAP00001000441	Data Transfer Agreement for the German Cancer Research Center	EGAC00001000452	DKFZ-HIPO Data Access Committee of Heidelberg Center for Personalized Oncology	This dataset contains 25 WGS sequencing samples of patients with desmoplastic small round cell tumor. Sequencing was performed on Illumina HiSeq X and NovaSeq 6000 using Illumina TruSeq Nano DNA Kit. The sequencing was always paired.	https://ega-archive.org/datasets/EGAD50000000911
EGAD00001003343	Generation and comparison of CRISPR/Cas9 and Cre-mediated genetically engineered mouse models of sarcoma	24		Illumina HiSeq 2500	Exome sequencing	controlled	2017-06-07	EGAP00001000634	Data access agreement for CRISPR mouse sarcoma data	EGAC00001000538	DAC for Dave Lab, Duke University	Genetically engineered mouse models (GEMMs) that employ site-specific recombinase (SSR) technology are important tools for pre-clinical studies, but this approach is costly and time-consuming. Here, we show that the CRISPR/Cas9 system can be used to efficiently complement existing GEMMs of sarcoma and generate primary sarcomas in wild type mice. Mice with the genotype KrasLSL-G12D/+; Rosa26LSL-Cas9-EGFP/+ received intramuscular delivery of an adenovirus expressing Cre recombinase and a single guide RNA (sgRNA) targeting Trp53. Cre-mediated expression of oncogenic Kras and Cas9, in combination	https://ega-archive.org/datasets/EGAD00001003343
EGAD00001004825	24 Chordoma samples (WES,WGS)	24		HiSeq X Ten Illumina HiSeq 2500 Illumina HiSeq 4000	Exome sequencing Whole genome sequencing	controlled	2001-01-01	EGAP00001000441	Data Transfer Agreement for the German Cancer Research Center	EGAC00001000452	DKFZ-HIPO Data Access Committee of Heidelberg Center for Personalized Oncology	Case series of the rare tumor entity chordoma. 9 cases sequenced with Whole Exome Sequencing (WES) and 2 cases sequenced with Whole Genome Sequencing (WGS) were recruited from the personalized oncology program NCT-MASTER/DKTK-MASTER at the German Cancer Research Center. One of the WES patients was re-sequenced at a later time point when he relapsed, this resequencing was done by WGS. Therefore there are 11 patients, one of which with two samples, all of which were sequenced with matched normal controls, amounting to a total number of 24 NGS samples.	https://ega-archive.org/datasets/EGAD00001004825
EGAD00001006388	Transcriptome profiling of desmoplastic small round cell tumors (DSRCTs)	24		Illumina HiSeq 2500	Transcriptome profiling by high-throughput sequencing	controlled	2001-01-01	EGAP00001001701	Department of Genomic Medicine Data Access Agreement	EGAC00001001728	DSRCT Data Access Committee	RNA sequencing of frozen resected specimens of desmoplastic small round cell tumors (DSRCTs). Four patients have specimens from multiple tissue sites included in this dataset.	https://ega-archive.org/datasets/EGAD00001006388
EGAD50000001020	WES and WGS data of chordoma and control samples	24		HiSeq X Ten Illumina HiSeq 4000 Illumina NovaSeq 6000	Whole genome sequencing Exome sequencing	controlled		EGAP00001000441	Data Transfer Agreement for the German Cancer Research Center	EGAC00001000452	DKFZ-HIPO Data Access Committee of Heidelberg Center for Personalized Oncology	This dataset contained paired-end WES and WGS data of chondoma and control samples from 12 patients. Sequencing was performed on Illumina HiSeq 4000, X Ten or NovaSeq 6000.	https://ega-archive.org/datasets/EGAD50000001020
EGAD50000002721	Spatial transcriptomics of human lung organoids	24		NextSeq 500	Transcriptome profiling by high-throughput sequencing	controlled		EGAP50000000901	St. Anna Children's Cancer Research Institute DATA ACCESS AGREEMENT	EGAC50000000884	St. Anna Children's Cancer Research Institute DAC	The dataset comprises spatial transcriptomes generated from 24 slides of primary tumors and lung metastases of 6 osteosarcoma and 3 Ewing-sarcoma patients. The spatial transcriptomes were captured using the 10x Visium Spatial Gene Expression for FFPE v1 technology. Fastq files from 58 gene expression libraries are provided.	https://ega-archive.org/datasets/EGAD50000002721
EGAD00001011371	Bulk RNA-seq osteosarcoma	23		unspecified	Transcriptome profiling by high-throughput sequencing	controlled	2001-01-01	EGAP00001003510	Access to data generated by our group is available by emailing application to the data access committee and will be granted to qualified investigators for appro	EGAC00001003437	DAC for EGAS00001007531	We profiled 23 patient osteosarcoma tumor samples by bulk RNA-seq. The raw fastqs are provided.	https://ega-archive.org/datasets/EGAD00001011371
EGAD00001003746	Highly differentiated, fusion-negative rhabdomyosarcoma.	22		Illumina HiSeq 2500	Exome sequencing	controlled	2017-09-15	EGAP00001000700	Terms and conditions that govern access to a dataset on highly differentiated rhabdomyosarcomas	EGAC00001000722	ZKJ - Highly differentiated rhabdomyosarcoma	Sequencing was performed using OncoPanel v.2 (OPv2), an Agilent SureSelect custom designed bait set consisting of the coding regions of 504 genes, previously linked to human cancer. Sequencing wa sperformed on an Illumina HiSeq 2500. 14 highly differentiated, fusion-negative rhabdomyosarcoma tumor samples, and 8 non-matched normal skeletal muscle samples weer sequenced. BAM files are available for download.	https://ega-archive.org/datasets/EGAD00001003746
EGAD00001008845	Dataset for Ewing_sarcoma_PNET-RNA	22		HiSeq X Ten Illumina HiSeq 2500 Illumina HiSeq 4000	Transcriptome profiling by high-throughput sequencing	controlled	2001-01-01	EGAP00001000441	Data Transfer Agreement for the German Cancer Research Center	EGAC00001000452	DKFZ-HIPO Data Access Committee of Heidelberg Center for Personalized Oncology	Rare cancer sequencing data of 28 runs in tumor/control pairs, which were uploaded to umbrella studies. The sequencing was always paired	https://ega-archive.org/datasets/EGAD00001008845
EGAD00001007033	The clinicopathologic spectrum and genomic landscape of de-/trans-differentiated melanoma	21		Illumina HiSeq 4000		controlled	2001-01-01	EGAP00001000210	Wellcome Trust Sanger Institute Data Sharing Policy	EGAC00001000205	Wellcome Trust Sanger Institute	De- and trans-differentiation is a rare and only poorly understood phenomenon in cutaneous melanoma. To study this disease more comprehensively we have retrieved 11 primary cutaneous melanomas from our pathology archives showing biphasic features characterized by a conventional melanoma and additional areas of de-/trans-differentiation as defined by a lack of immunohistochemical expression of all conventional melanocytic markers (S-100 protein, SOX10, Melan-A and HMB-45). The clinical, histologic and immunohistochemical findings were recorded and follow-up was obtained. The patients were mostl	https://ega-archive.org/datasets/EGAD00001007033
EGAD00001000071	Kaposi sarcoma exome	20		Illumina HiSeq 2000		controlled	2015-05-27	EGAP00001000001	Wellcome Trust Sanger Institute Cancer Genome Group Data Sharing Policy	EGAC00001000000	WTSI CGP Data access committee	Kaposi sarcoma exome	https://ega-archive.org/datasets/EGAD00001000071
EGAD00001000389	Ewings Sarcoma Rearrangement Screen	20		Illumina HiSeq 2000		controlled	2015-05-27	EGAP00001000001	Wellcome Trust Sanger Institute Cancer Genome Group Data Sharing Policy	EGAC00001000000	WTSI CGP Data access committee	Cancer is driven by mutations in the genome. We will uncover the mutations that give rise to Ewing's sarcoma, a bone tumour that largely affects children. We will use second generation Illumina massively parallel sequencing, and bespoke software, to characterise the genomes and transcriptomes of Ewing's sarcoma tumours.	https://ega-archive.org/datasets/EGAD00001000389
EGAD00001010915	PRMS transcriptomes	20		NextSeq 500	Transcriptome profiling by high-throughput sequencing	controlled	2001-01-01	EGAP00001003331	PRMS Data Access Policy: to be amended according to the request.	EGAC00001003267	PRMS Data Access Commitee	Transcriptome sequencing of three normal skeletal muscle and 15 pleomorphic rhabdomyosarcoma patient tumors.	https://ega-archive.org/datasets/EGAD00001010915
EGAD50000000747	RNA-seq of murine osteosarcoma cell line genetically modified for CYR61	20		Illumina NovaSeq X	Transcriptome profiling by high-throughput sequencing	controlled	2025-03-11	EGAP50000000309	Policy of DAC_RNA-seq of murine osteosarcoma cell line genetically modified for CYR61	EGAC50000000352	DAC_RNA-seq of murine osteosarcoma cell line genetically modified for CYR61	Transcriptomic analysis of K7M2 murine osteosarcoma cells stably modified to overexpress or repress CYR61	https://ega-archive.org/datasets/EGAD50000000747
EGAD50000002056	Whole-genome sequencing data of metastatic salivary gland cancer	20		Illumina NovaSeq 6000	Whole genome sequencing	controlled	2025-11-27	EGAP50000000740	Access to data of the salivary gland cancer autopsy study	EGAC50000000792	Intrapatient tumor heterogeneity and clonal evolution in metastatic salivary gland cancer: an autopsy study: access to data	This dataset contains whole-genome sequencing data of three patients with metastatic salivary gland cancer who underwent autopsy to harvest tumor biopsies from spatially separated metastatic sites and biopsies from healthy skin as a control. Two patients had the subtype adenoid cystic carcinoma (patients 1 and 4) and one patient had the subtype myoepithelial carcinoma.	https://ega-archive.org/datasets/EGAD50000002056
EGAD00001001860	Exomic profiling of uterine leiomyosarcomas	19			Exome sequencing Genomic variant calling	controlled	2016-01-29	EGAP00001000402	Leiomyosarcoma data access committee data sharing policy	EGAC00001000415	Leiomyosarcoma Data Access Committee		https://ega-archive.org/datasets/EGAD00001001860
EGAD00001003885	Congenital mesoblastic nephroma and infantile fibrosarcoma	19		Illumina HiSeq 2500		controlled	2018-01-09	EGAP00001000001	Wellcome Trust Sanger Institute Cancer Genome Group Data Sharing Policy	EGAC00001000000	WTSI CGP Data access committee	The genetic basis of many rare childhood cancers remains unknown. These include a spectrum of infant soft tissue tumors without canonical gene fusions, encompassing congenital mesoblastic nephroma (CMN) of the kidney and infantile fibrosarcoma (IFS). Here, we integrated whole genome and transcriptome sequencing and identified diagnostic markers and novel therapeutic strategies.	https://ega-archive.org/datasets/EGAD00001003885
EGAD00001008434	Osteosarcoma capture-based RNA sequencing	19		Illumina HiSeq 2000	Transcriptome profiling by high-throughput sequencing	controlled	2001-01-01	EGAP00001002480	MDACC GM Data Access Agreement (00025401)	EGAC00001001328	Osteosarcoma Data Access Committee	This dataset includes 23 specimens from osteosarcoma patients (primary, relapsed, metastatic). It contains bam files from RNA sequencing using a library in which coding regions of cDNA are captured and short-read, paired-end sequencing.	https://ega-archive.org/datasets/EGAD00001008434
EGAD00001000226	A common single nucleotide variant in T is strongly associated with chordoma	18		Illumina Genome Analyzer II Illumina HiSeq 2000		controlled	2015-05-27	EGAP00001000001	Wellcome Trust Sanger Institute Cancer Genome Group Data Sharing Policy	EGAC00001000000	WTSI CGP Data access committee	Chordoma is a rare malignant bone tumor that expresses the transcription factor T. We conducted an association study of 40 patients with chordoma and 358 ancestry-matched, unaffected individuals with replication in an independent cohort. Whole-exome and Sanger sequencing of T exons reveals a strong risk association ( allelic odds ratio (OR) = 4.9, P = 3.3x10-11, CI= 2.9-8.1) with the common (minor allelic frequency &gt;5%) non-synonymous SNP rs2305089 in chordoma, which is exceptional in cancer genetics.	https://ega-archive.org/datasets/EGAD00001000226
EGAD00001005367	WTS data of patients diagnosed with angiosarcoma	18		Illumina HiSeq 2500	Transcriptome profiling by high-throughput sequencing	controlled	2001-01-01	EGAP00001001286	Data access policy for Angiosarcoma study. National Cancer Centre Singapore	EGAC00001001311	DAC for Angiosarcoma Study. National Cancer Centre Singapore.	Whole-transcriptome sequencing (WTS) of 6 tumor-normal and 6 tumor-only samples from patients diagnosed with angiosarcoma. Total RNA from snap frozen EITL tumor samples was extracted using TRIzol (Invitrogen) and purified with RNeasy Mini Kit (Qiagen) according to manufacturer’s instructions. The integrity of RNA was determined by electrophoresis using 2100 Bioanalyzer (Agilent Technologies). 500 ng of total RNA was reverse transcribed with iScript cDNA Synthesis Kit (Bio-Rad, Hercules, CA, USA). Quantification was performed using SsoFast EvaGreen Supermix and CFX96 Real-Time PCR System (both	https://ega-archive.org/datasets/EGAD00001005367
EGAD00001007034	The clinicopathologic spectrum and genomic landscape of de-/trans-differentiated melanoma	18		Illumina HiSeq 4000		controlled	2001-01-01	EGAP00001000210	Wellcome Trust Sanger Institute Data Sharing Policy	EGAC00001000205	Wellcome Trust Sanger Institute	De- and trans-differentiation is a rare and only poorly understood phenomenon in cutaneous melanoma. To study this disease more comprehensively we have retrieved 11 primary cutaneous melanomas from our pathology archives showing biphasic features characterized by a conventional melanoma and additional areas of de-/trans-differentiation as defined by a lack of immunohistochemical expression of all conventional melanocytic markers (S-100 protein, SOX10, Melan-A and HMB-45). The clinical, histologic and immunohistochemical findings were recorded and follow-up was obtained. The patients were mostl	https://ega-archive.org/datasets/EGAD00001007034
EGAD00001008832	RNA-seq for identification of neotranscripts	18		Illumina HiSeq 2500	Transcriptome profiling by high-throughput sequencing	controlled	2001-01-01	EGAP00001002724	Data sharing Policy for study EGAS00001002189	EGAC00001000584	Monomorphic Sarcomas RNAseq DAC	This dataset contains RNA-seq data (Fastq files of paired-end data) of 18 patient tumors used for identification of neotranscripts in 18 different types of fusion-driven sarcomas and other cancers as described in Vibert et al., Mol Cell 2022 (PMID: 35550257)	https://ega-archive.org/datasets/EGAD00001008832
EGAD00001008874	Dataset for Ewing_sarcoma_PNET-WHOLE_GENOME	18		HiSeq X Ten	Whole genome sequencing	controlled	2001-01-01	EGAP00001000441	Data Transfer Agreement for the German Cancer Research Center	EGAC00001000452	DKFZ-HIPO Data Access Committee of Heidelberg Center for Personalized Oncology	Rare cancer sequencing data of 18 runs in tumor/control pairs, which were uploaded to umbrella studies. The sequencing was always paired	https://ega-archive.org/datasets/EGAD00001008874
EGAD50000000556	Whole exome sequencing of Ewing sarcoma and CIC-DUX4 sarcoma	18		Illumina NovaSeq 6000	Exome sequencing	controlled	2024-10-28	EGAP50000000231	Data University Children`s Hospital Zurich	EGAC50000000260	University Children`s Hospital Sarcoma Research	Whole exome sequencing of a collection of 6 Ewing sarcoma and 3 CIC-DUX4 sarcoma tumoroids plus 4 matched patient tumors and normal tissue. Tumoroids were established from digested patient tumor material as 3D culture in Matrigel. After 2-3 month of growth, Genomic DNA was isolated from individual tumoroid models using the DNeasy Blood & Tissue Kit (Qiagen) and used for whole exome sequencing. Genomic DNA from corresponding patient tumors and matched normal tissue was tested in parallel, if available.	https://ega-archive.org/datasets/EGAD50000000556
EGAD00001000358	Frequent mutation of the major cartilage collagen gene, COL2A1, in chondrosarcoma	17		Illumina HiSeq 2000		controlled	2015-10-07	EGAP00001000011	ICGC Data Access	EGAC00001000010	ICGC Data Access Compliance Office	Chondrosarcoma (CHS) is a heterogeneous collection of malignant bone tumours and is the second most common primary malignancy of bone after osteosarcoma. Recent work has identified frequent, recurrent mutations in IDH1/2 in nearly half of central CHS. However, there has been little systematic genomic analysis of this tumour type and thus the contribution of other genes is unclear. Here we report comprehensive genomic analyses of 49 cases of CHS. We identified hypermutability of the major cartilage collagen COL2A1 with insertions, deletions and rearrangements identified in 37% of cases. The pat	https://ega-archive.org/datasets/EGAD00001000358
EGAD00001005458	Sequencing data for personalized therapy design and endotype identification	17		Illumina Genome Analyzer IIx Illumina HiSeq 2500	Exome sequencing Whole genome sequencing	controlled	2001-01-01	EGAP00001001339	Data is to be used only for research purposes by the requesting institution.	EGAC00001001160	Children's Cancer Therapy Development Institute Data Access Commitee	Whole exome sequencing of 15 DNA samples, and whole genome sequencing of 2 matched DNA samples. Whole exome sequencing is of RMS samples (both alveolar and embryonal) and from cell lines as well as patient samples. Patient samples are of pediatric RMS patients.	https://ega-archive.org/datasets/EGAD00001005458
EGAD00001001040	MPNST exome and genome	16		Illumina HiSeq 2500	Exome sequencing Whole genome sequencing	controlled	2016-10-28	EGAP00001000256	EGAS00001000974 access policy	EGAC00001000253	MPNST	This is the complete dataset (exome and genome) for the EGAS00001000974 study.	https://ega-archive.org/datasets/EGAD00001001040
EGAD00001007778	Alveolar Rhabdomyosarcoma sequencing data	16		Illumina HiSeq 2000	Exome sequencing Transcriptome profiling by high-throughput sequencing	controlled	2001-01-01	EGAP00001001809	Data access policy	EGAC00001001828	Children's Cancer Therapy Institute DAC	This dataset contains samples from 9 patients with alveolar rhabdomyosarcoma. 9 samples have whole exome data (one has multiple). 6 samples have RNAseq data (one has multiple). 6 samples have matched normals dna sequence data	https://ega-archive.org/datasets/EGAD00001007778
EGAD00001008117	Osteosarcoma sequencing data	16		Illumina HiSeq 2000	Exome sequencing Transcriptome profiling by high-throughput sequencing	controlled	2001-01-01	EGAP00001001809	Data access policy	EGAC00001001828	Children's Cancer Therapy Institute DAC	This dataset contains samples from 13 patients with osteosarcoma. 13 samples have whole exome tumor data. 12 samples have tumor RNAseq data. 3 samples have matched normal dna sequence data	https://ega-archive.org/datasets/EGAD00001008117
EGAD00001015544	RNA-seq dataset of A cycling, progenitor-like cell population at the root of atypical teratoid rhabdoid tumor subtype differentiation trajectories	16		Illumina NovaSeq X	Transcriptome profiling by high-throughput sequencing	controlled	2001-01-01	EGAP00001001121	Data Access Agreement of data controlled by the Data Access Commitee of the Princess Maxima Center for Pediatric Oncology	EGAC00001001864	EGAC00001001864 - Data Access Committee Princess Maxima Center	"Study describing the differentiation trajectory of atypical teratoid rhabdoid tumors (ATRTs) at single-cell level. This study describes how the differentiation trajectory differs per subtype of ATRTs, and how those findings could contribute to develop so-called ""maturation therapy"" tailored towards ATRTs."	https://ega-archive.org/datasets/EGAD00001015544
EGAD50000002508	scRNAseq from MPNST progression	16		Illumina HiSeq 4000	Transcriptome profiling by high-throughput sequencing	controlled	2026-04-30	EGAP00001002137	Data Acces Policy for the MPNST Genomics Data Access Committee	EGAC00001002138	MPNST Genomics Data Access Comitee	scRNAseq from tumors of the peripheral nerve system associated with Neurofibromatosis Type 1 (NF1). It includes 5 Plexiform Neurofibromas (PNF), 4 Atypical Neurofibromas (ANF or ANNUBP) and 3 Malignant Peripheral Nerve Sheath Tumors (MPNST) from patients with NF1 as well as 4 control nerves from healthy individuals. Gene Expression data from 10X scMultiome experiments.	https://ega-archive.org/datasets/EGAD50000002508
EGAD00001006322	Whole genome sequencing of Xeroderma Pigmentosum leukemias samples	15		Illumina HiSeq 2500 unspecified	Genomic variant calling Whole genome sequencing	controlled	2001-01-01	EGAP00001001658	Institut Gustave Roussy data access agreement	EGAC00001001644	INSERM U981 Team : Genomics of Non-Melanoma Skin Cancer	In the current study we report for the first time the unique collection of 6 leukemias and two sarcomas from XP-C. Comprehensive WGS-based mutational analysis provides genetic explanation for the increased incidence of leukemia in XP-C and describes an unique mutational process in internal tumors associated with NER deficiency. Raw data are provided in FASTQ format and variant analysis as VCF files.	https://ega-archive.org/datasets/EGAD00001006322
EGAD00001015642	Dataset for transcriptome sequencing of chordoma cells	15		Illumina HiSeq 4000 Illumina NovaSeq 6000	Transcriptome profiling by high-throughput sequencing	controlled	2001-01-01	EGAP00001000441	Data Transfer Agreement for the German Cancer Research Center	EGAC00001000452	DKFZ-HIPO Data Access Committee of Heidelberg Center for Personalized Oncology	This dataset contains transcriptome sequencing for 15 samples from chordoma cells. The sequencing was performed on Illumina HiSeq 4000 and Illumina NovaSeq 6000. The sequencing was always paired.	https://ega-archive.org/datasets/EGAD00001015642
EGAD00001000620	Angiosarcoma follow up study	14		Illumina HiSeq 2000		controlled	2015-05-27	EGAP00001000037		EGAC00001000010	ICGC Data Access Compliance Office	A bespoke targeted pulldown experiment will be performed on patients with Angiosarcoma. the resulting products will be sequenced to determine the prevalence of previously found mutations in these patients.	https://ega-archive.org/datasets/EGAD00001000620
EGAD00001003980	DSRCT RNAseq	14		Illumina HiSeq 2000	Transcriptome profiling by high-throughput sequencing	controlled	2001-01-01	EGAP00001000824	DSRCT RNAseq data will be available to researchers studying DSRCT and related conditions.	EGAC00001000851	Data Access Committee for desmoplastic small round cell tumor (DSRCT) RNAseq data.	Desmoplastic small round cell tumor (DSRCT) RNAseq data. 14 tumor samples.	https://ega-archive.org/datasets/EGAD00001003980
EGAD50000002264	Whole exome sequencing data of matched pairs of primary tumour and normal frozen tissue of seven osteosarcoma patients	14		Illumina NovaSeq 6000	Exome sequencing	controlled	2026-02-18	EGAP50000000684	Policy: LUMC Department Pathology, Bone and Soft Tissue Tumor Group	EGAC50000000763	LUMC Department Pathology, Bone and Soft Tissue Tumor Group	This dataset contains whole exome sequencing data of matched pairs of primary tumour and normal frozen tissue of seven osteosarcoma patients. Whole exome sequencing with a minimum coverage of 100x was performed using the Illumina Novaseq6000 platform and the Agilent SureSelect Human All Exon V7 kit.	https://ega-archive.org/datasets/EGAD50000002264
EGAD50000002720	scRNA-seq of human lung organoids	14		Illumina NovaSeq X	Transcriptome profiling by high-throughput sequencing	controlled		EGAP50000000901	St. Anna Children's Cancer Research Institute DATA ACCESS AGREEMENT	EGAC50000000884	St. Anna Children's Cancer Research Institute DAC	The dataset comprises single‑cell transcriptomes generated from 14 samples of human lung organoids (5 co-cultures and 6 monocultures) co-cultured with osteo-, Ewing-sarcoma cells and non-malignant fibroblasts. Single cells were captured using droplet‑based 10X Genomics Chromium Next GEM Single Cell 3' Kit v3.1, and sequencing performed on the Illumina NovaSeq X platform. Fastq files from 14 gene expression libraries are provided.	https://ega-archive.org/datasets/EGAD50000002720
EGAD50000002864	MEK and CDK4/6 inhibitors induce neural differentiation and growth suppression in DICER1-mutated intracranial sarcoma (bulk RNA-seq)	14		Illumina HiSeq 4000 Illumina NovaSeq 6000 NextSeq 2000	Transcriptome profiling by high-throughput sequencing	controlled		EGAP00001003510	Access to data generated by our group is available by emailing application to the data access committee and will be granted to qualified investigators for appro	EGAC00001003437	DAC for EGAS00001007531	Bulk RNA sequencing of DICER1-mutant primary intracranial sarcoma patient tumours and preclinical models used in Hosein et al., for a total of 14 samples. The raw fastq files are provided.	https://ega-archive.org/datasets/EGAD50000002864
EGAD00001009385	Single-cell mRNA-sequencing to generate a transcriptomic atlas of RMS	13		NextSeq 500	Transcriptome profiling by high-throughput sequencing	controlled	2001-01-01	EGAP00001001121	Data Access Agreement of data controlled by the Data Access Commitee of the Princess Maxima Center for Pediatric Oncology	EGAC00001001864	EGAC00001001864 - Data Access Committee Princess Maxima Center	Single-cell mRNA-sequencing to generate a transcriptomic atlas of soft tissue sarcoma tumors	https://ega-archive.org/datasets/EGAD00001009385
EGAD00001000337	Ewings Sarcoma RNA-seq drug sensitivity	12		Illumina HiSeq 2000		controlled	2015-05-27	EGAP00001000001	Wellcome Trust Sanger Institute Cancer Genome Group Data Sharing Policy	EGAC00001000000	WTSI CGP Data access committee	Illumina RNA-Seq will be performed on four Ewing's sarcoma cell lines and two control cell lines. RNA was extracted from all the lines using a basic Trizol extraction protocol.	https://ega-archive.org/datasets/EGAD00001000337
EGAD00001001266	Primary angiosarcoma Whole Genome Sequencing	12		HiSeq X Ten		controlled	2015-05-27	EGAP00001000001	Wellcome Trust Sanger Institute Cancer Genome Group Data Sharing Policy	EGAC00001000000	WTSI CGP Data access committee	Whole genome sequencing of primary angiosarcoma	https://ega-archive.org/datasets/EGAD00001001266
EGAD00001003810	HDAC inhibitor quisinostat in synovial sarcoma cell lines	12		NextSeq 500	Transcriptome profiling by high-throughput sequencing	controlled	2017-11-29	EGAP00001000751	BC Cancer, part of the Provincial Health Services Authority - Data Access Policy	EGAC00000000011	BC Cancer, part of the Provincial Health Services Authority, Technology Development Office, Data Access Committee (PHSA TDO DAC)	An RNA Seq study of the effects of HDAC inhibitor Quisinostat on six different synovial sarcoma cell lines	https://ega-archive.org/datasets/EGAD00001003810
EGAD00001008876	Dataset for GIST-WHOLE_GENOME	12		HiSeq X Ten	Whole genome sequencing	controlled	2001-01-01	EGAP00001000441	Data Transfer Agreement for the German Cancer Research Center	EGAC00001000452	DKFZ-HIPO Data Access Committee of Heidelberg Center for Personalized Oncology	Rare cancer sequencing data of 18 runs in tumor/control pairs, which were uploaded to umbrella studies. The sequencing was always paired	https://ega-archive.org/datasets/EGAD00001008876
EGAD00001009658	PDX RNA	12		Illumina NovaSeq 6000	Transcriptome profiling by high-throughput sequencing	controlled	2001-01-01	EGAP00001002953	WEHI Data Access Committee data access policy	EGAC00001002877	Walter and Eliza Hall Institute Research Data Access Committee	RNAseq from PDX tumours under treatment with dpbs or eribulin. Sarcomatous or mixed sarcoma/carcinoma. 6 PDX tumours each with 2 treatments gave 12 pairs of fastq files.	https://ega-archive.org/datasets/EGAD00001009658
EGAD00001015542	Dataset for atypical teratoid rhabdoid tumors transcriptome sequencing	12		Illumina HiSeq 4000	Transcriptome profiling by high-throughput sequencing	controlled	2001-01-01	EGAP00001000441	Data Transfer Agreement for the German Cancer Research Center	EGAC00001000452	DKFZ-HIPO Data Access Committee of Heidelberg Center for Personalized Oncology	This dataset contains transcriptome sequencing for 12 samples from atypical teratoid rhabdoid tumors (ATRTs). The sequencing was performed on Illumina HiSeq 4000. The sequencing was always paired.	https://ega-archive.org/datasets/EGAD00001015542
EGAD00001005129	Human tumor single-cell	11		Illumina HiSeq 4000 unspecified	Transcriptome profiling by high-throughput sequencing	controlled	2001-01-01	EGAP00001001244	Access to data generated by our group is available by emailing application to the data access committee and will be granted to qualified investigators for appro	EGAC00001001270	DAC for the study EGAS00001003368	We profiled 11 patient tumor samples by single-cell and single-nuclei RNA-seq using 10X Chromium 3'. These include samples from the following entities: WNT-subtype medulloblastoma (N=3), embryonal tumors with multilayered rosettes (N=3), and atypical teratoid-rhabdoid tumors (N=5). The BAM files are provided.	https://ega-archive.org/datasets/EGAD00001005129
EGAD00001011100	SEF tumor sequencing data	11		Illumina HiSeq 2000	Exome sequencing Transcriptome profiling by high-throughput sequencing	controlled	2001-01-01	EGAP00001001809	Data access policy	EGAC00001001828	Children's Cancer Therapy Institute DAC	This dataset contains samples from 8 patients with Sclerosing epithelioid fibrosarcoma. All 8 samples have whole exome tumor data and tumor RNAseq data. 3 samples also have matched normal dna sequence data.	https://ega-archive.org/datasets/EGAD00001011100
EGAD00001015418	WGS dataset of Ewing and Ewing-like-sarcoma tumoroid biobank reveals distinct drug sensitivities: translocation makes the difference	11		Illumina NovaSeq 6000	Whole genome sequencing	controlled	2001-01-01	EGAP00001001121	Data Access Agreement of data controlled by the Data Access Commitee of the Princess Maxima Center for Pediatric Oncology	EGAC00001001864	EGAC00001001864 - Data Access Committee Princess Maxima Center	Creation of living organoid biobank for ewing and ewing-like sarcomas	https://ega-archive.org/datasets/EGAD00001015418
EGAD00010000710		11				controlled	2018-02-22	EGAP00001000290	Policy Agreement for Access to ATRT Array Data	EGAC00001000306	Data access agreement for ATRT	ATRT genotyping blood	https://ega-archive.org/datasets/EGAD00010000710
EGAD50000000557	RNA sequencing of Ewing sarcoma and CIC-DUX4 sarcoma	11		Illumina NovaSeq 6000	Transcriptome profiling by high-throughput sequencing	controlled	2024-10-28	EGAP50000000231	Data University Children`s Hospital Zurich	EGAC50000000260	University Children`s Hospital Sarcoma Research	RNA sequencing of a collection of 6 Ewing sarcoma and 3 CIC-DUX4 sarcoma tumoroids plus 3 matched patient tumors. Tumoroids were established from digested patient tumor material as 3D culture in Matrigel. After 2-3 month of growth, RNA was isolated from individual tumoroid models using the RNeasy Kit (Qiagen) and used for whole exome sequencing. RNA from corresponding patient tumors was tested in parallel, if available.	https://ega-archive.org/datasets/EGAD50000000557
EGAD00001000826	Osteosarcoma RNAseq	10		Illumina HiSeq 2000		controlled	2015-05-27	EGAP00001000037		EGAC00001000010	ICGC Data Access Compliance Office	We propose to definitively characterise the somatic genetics of Osteosarcoma cancer through generation of comprehensive catalogues of somatic mutations by high coverage genome and transcriptome sequencing.	https://ega-archive.org/datasets/EGAD00001000826
EGAD00001000874	Indel/point mutation of chondrosarcoma	10			Genomic variant calling	controlled	2015-05-27	EGAP00001000011	ICGC Data Access	EGAC00001000010	ICGC Data Access Compliance Office	Indel/point mutation of chondrosarcoma	https://ega-archive.org/datasets/EGAD00001000874
EGAD00001003898	Whole genome sequencing data of normal/tumors pairs from 4 patients with uterine or ovarian carcinosarcoma.	10		Illumina HiSeq 2000	Whole genome sequencing	controlled	2018-01-10	EGAP00001000011	ICGC Data Access	EGAC00001000010	ICGC Data Access Compliance Office	This dataset provides whole genome sequencing data of normal/tumors pairs from 4 patients with uterine or ovarian carcinosarcoma using the HiSeq 2000 sequencing system. It includes 10 samples (4 normals, 4 uterine tumors and 2 ovarian tumors). Through separate whole genome sequencing of carcinomatous and sarcomatoid components, we analyse and compare the genomic alterations of these components.	https://ega-archive.org/datasets/EGAD00001003898
EGAD00001004157	WES analysis in identifying additive genetic factors that may contribute to the occurrence of moyamoya in neurofibromatosis type 1	10		Illumina HiSeq 1000	Exome sequencing	controlled	2001-01-01	EGAP00001000903	In order to protect the privacy and confidentiality of the research participants, de-identified genetic data are available only upon request and regulated by	EGAC00001000936	Laboratory of Medical Genetics - Department of Precision Medicine	Five subjects from pedigree with co-occurrence of neurofibromatosis type 1 and moyamoya were sequenced in duplicate (0 and1). Kinship and phenotype: NF025, NF026 and NF027 were sibling all affected by neurofibromatosis type 1. NF026 also presented moyamoya. NF0262 and NF0263 were sibling both affected by neurofibromatosis type 1. NF0262 also presented moyamoya. NF026 and NF0262 were first cousins.	https://ega-archive.org/datasets/EGAD00001004157
EGAD00001006296	Somatic mutations and single cell transcriptomes reveal the root of malignant rhabdoid tumours	10		HiSeq X Ten Illumina HiSeq 4000 Illumina NovaSeq 6000 NextSeq 500		controlled	2001-01-01	EGAP00001000001	Wellcome Trust Sanger Institute Cancer Genome Group Data Sharing Policy	EGAC00001000000	WTSI CGP Data access committee	Like many childhood cancers, malignant rhabdoid tumours (MRT) are thought to arise from aberrant foetal development. Although MRT predominantly exhibit a mesenchymal phenotype, it has been suggested that the foetal root of MRT lies in neural crest development. Here, we combine phylogenetic analyses of MRT, single cell mRNA assays, and functional experiments in patient-derived MRT organoids, to define the embryological origin of MRT and explore therapeutic avenues that may drive MRT differentiation. Phylogenetic analyses from the distribution of somatic mutations revealed that MRT were related	https://ega-archive.org/datasets/EGAD00001006296
EGAD00001007825	Whole genome sequencing (bam files) of 5 samples of myxofibrosarcoma and 5 matched pairs	10		HiSeq X Ten	Whole genome sequencing	controlled	2001-01-01	EGAP00001002207	These terms and conditions govern access to the managed access datasets (details of which are set out in Appendix I) to which the User Institution has requested	EGAC00001002205	Department of Pathology and Tumor Biology, Kyoto University Data Access Committee	Myxofibrosarcoma (MFS) is a rare subtype of sarcomas in the elderly, whose genetic basis is poorly understood. To elucidate it, the whole genome sequence was performed.	https://ega-archive.org/datasets/EGAD00001007825
EGAD00001007939	Embryonal Rhabdomyosarcoma sequencing data	10		Illumina HiSeq 2000	Exome sequencing Transcriptome profiling by high-throughput sequencing	controlled	2001-01-01	EGAP00001001809	Data access policy	EGAC00001001828	Children's Cancer Therapy Institute DAC	This dataset contains samples from 9 patients with embryonal rhabdomyosarcoma. 9 samples have whole exome tumor data (one has multiple). 7 samples have tumor RNAseq data. 1 sample has matched normal dna sequence data	https://ega-archive.org/datasets/EGAD00001007939
EGAD00001010278	Paired Exome sequencing of Sarcoma tumor and control	10		Illumina HiSeq 4000	Exome sequencing	controlled	2001-01-01	EGAP00001000441	Data Transfer Agreement for the German Cancer Research Center	EGAC00001000452	DKFZ-HIPO Data Access Committee of Heidelberg Center for Personalized Oncology	Paired Exome sequencing of Sarcoma tumor and control of 10 samples (5 tumor/control pairs). The sequencing was done on Illumina Hiseq 4000 and Agilent Sureselect V5+UTRs kit.	https://ega-archive.org/datasets/EGAD00001010278
EGAD00001011257	WGS of a Li-Fraumeni patient's HSPCs	10		Illumina NovaSeq 6000	Whole genome sequencing	controlled	2001-01-01	EGAP00001002026	default	EGAC00001001864	EGAC00001001864 - Data Access Committee Princess Maxima Center	WGS data of clonally expanded HSPCs from a Li-Fraumeni patient at the time of second cancer (Burkitt lymphoma and &lt;5% t-MN) after primary osteosarcoma diagnosis and a reference MSC bulk.	https://ega-archive.org/datasets/EGAD00001011257
EGAD00001015681	Embryonic tumour transmission in monozygotic twins	10		Illumina NovaSeq 6000		controlled	2001-01-01	EGAP00001000210	Wellcome Trust Sanger Institute Data Sharing Policy	EGAC00001000205	Wellcome Trust Sanger Institute	We have a case of two siblings (twins) who were born with nodular blue rashes over their body. The first twin had a large periorbital subcutaneous mass which was diagnosed as infantile undifferentiated sarcoma. This baby was too systematically unwell for chemotherapy and died at 12 days of age. The second sibling received two cycles of emergency chemotherapy however died due to disease progression and secondary haemorrhage at 2 months of age. Post-mortem normal and tumour samples have been taken. In addition to placental tissue and parental germline DNA, the goal will be to investigate intra-u	https://ega-archive.org/datasets/EGAD00001015681
EGAD00001008282	Ewings sarcoma sequencing data	9		Illumina HiSeq 2000	Exome sequencing Transcriptome profiling by high-throughput sequencing	controlled	2001-01-01	EGAP00001001809	Data access policy	EGAC00001001828	Children's Cancer Therapy Institute DAC	This dataset contains samples from 5 patients with ewings sarcoma. 5 samples have whole exome tumor data. 1 sample has tumor RNAseq data. 4 samples have matched normal dna sequence data	https://ega-archive.org/datasets/EGAD00001008282
EGAD00001011157	Whole exome sequencing of SarBC-01- and UroBC-01-related samples.	9		Illumina NovaSeq 6000	Whole genome sequencing	controlled	2001-01-01	EGAP00001003420	not available - do not use	EGAC00001002981	Data Access Committee of the Medical Faculty of the University of Basel (MF-DAC)	This dataset contains raw FASTQ files from DNA of SarBC-01-related samples (SarBC-01 patient Germline, SarBC-01 patient Urothelial tumor, SarBC-01 patient Sarcomatoid tumor, SarBC-01 Passage 6 organoids, SarBC-01 Passage 20 organoids) and UroBC-01 related samples (UroBC-01 patient Germline, UroBC-01 patient Urothelial tumor, UroBC-01 Passage 19 organoids, UroBC-01 Passage 6 organoids). DNA was extracted from FFPE tissue, using RecoverAll RNA/DNA extraction kit (Invitrogen, Carlsbad, CA, USA, AM1975) followed by incubation with Uracil-DNA Glycosylase, and fresh or flash frozen tissue, using Qui	https://ega-archive.org/datasets/EGAD00001011157
EGAD50000000039	Evaluating potential drug candidates for the treament of Henamgiopericytoma on patient derived cell line models	9		Illumina NovaSeq 6000	Transcriptome profiling by high-throughput sequencing	controlled	2023-11-08	EGAP50000000022	Policy for the projects by Cancer Discovery Hub (CDH), National Cancer Center Singapore	EGAC50000000039	Cancer Discovery Hub (CDH), National Cancer Center Singapore	Solitary fibrous tumor/Hemangiopericytoma (SFT/HPC) is a rare subtype of soft tissue sarcoma associated with NAB2-STAT6 gene fusions. This study established and characterized a novel SFT/HPC patient-derived cell line called SFT-S1. Potential drug candidates that could be repurposed for the treatment of SFT/HPC were screened. Screening was performed through RNA-Seq	https://ega-archive.org/datasets/EGAD50000000039
EGAD00001000722	Angiosarcoma whole exome	8		Illumina HiSeq 2000		controlled	2015-05-27	EGAP00001000037		EGAC00001000010	ICGC Data Access Compliance Office	Extension of angiosarcoma whole genome sequencing study	https://ega-archive.org/datasets/EGAD00001000722
EGAD00001003887	Highly differentiated, fusion-negative rhabdomyosarcoma.	8		Illumina HiSeq 2500	Exome sequencing	controlled	2018-01-04	EGAP00001000700	Terms and conditions that govern access to a dataset on highly differentiated rhabdomyosarcomas	EGAC00001000722	ZKJ - Highly differentiated rhabdomyosarcoma	Sequencing was performed using OncoPanel v.2 (OPv2), an Agilent SureSelect custom designed bait set consisting of the coding regions of 504 genes, previously linked to human cancer. Sequencing wa sperformed on an Illumina HiSeq 2500. 8 highly differentiated, fusion-negative rhabdomyosarcoma tumor samples were sequenced. BAM files are available for download.	https://ega-archive.org/datasets/EGAD00001003887
EGAD00001006859	Co-amplification of MYC and CCNE1 in aggressive childhood osteosarcoma	8		HiSeq X Ten		controlled	2001-01-01	EGAP00001000001	Wellcome Trust Sanger Institute Cancer Genome Group Data Sharing Policy	EGAC00001000000	WTSI CGP Data access committee	Osteosarcoma, the most common primary malignant tumour of bone, affects children and adults alike. No fundamental biological differences between paediatric and adult osteosarcoma are known. Here, we apply multi-region whole genome sequencing to an index case of a four-year old child whose aggressive tumour harboured high level, focal amplifications of MYC and CCNE1 connected by translocations. We re-analysed copy number readouts of 258 cases of high-grade osteosarcoma from three different cohorts and identified an additional three cases with MYC and CCNE1 co-amplification, confined to children	https://ega-archive.org/datasets/EGAD00001006859
EGAD00001006999	Genomic Landscape of Malignant Peripheral Nerve Sheath Tumor-like Melanoma	8		unspecified	Exome sequencing	controlled	2001-01-01	EGAP00001001976	Data Access Agreement for MPNST-like melanoma data	EGAC00001001987	Data Access Committee for the MPNST project	Malignant peripheral nerve sheath tumor (MPNST)-like melanoma is a rare malignancy with overlapping characteristics of both neural sarcoma and melanoma. The genomics of MPNST-like melanoma have not been previously described. In this study, we performed whole exome sequencing analysis in 8 samples from 6 patients diagnosed with MPNST-like melanoma. Our results demonstrate that, although MPNST-like melanoma shares oncogenic alterations common to both cutaneous melanoma and MPNST, it also presents unique genomic alterations not previously described in neither of the malignancies.	https://ega-archive.org/datasets/EGAD00001006999
EGAD00001008699	Transcriptome: chondrosarcoma	8		Illumina HiSeq 2500	Transcriptome profiling by high-throughput sequencing	controlled	2001-01-01	EGAP00001002656	MDACC GM Data Access Agreement (00025401)	EGAC00001002632	Chondrosarcoma DAC	Transcriptome sequencing of nine patients diagnosed with chondrosarcoma. cDNA was generated using the NuGEN Ovation RNA-Seq FFPE system. Total RNA was randomly primed and thermally sheared and the resulting cDNA fragment was amplified. The cDNA was then mechanically sheared using sonication to generate ~250 bp fragments. Sequencing libraries were generated using the NuGEN Ovation Ultralow System V2 library prep kit and sequenced on HiSeq2500 TruSeq v3.	https://ega-archive.org/datasets/EGAD00001008699
EGAD00001009163	WGS files for Roussel-ATRT-TM	8		Illumina HiSeq 2000		controlled	2001-01-01	EGAP00001000051	DAC to obtain datasets submitted by St. Jude Children's Research Hospital - Washington University Pediatric Cancer Genome Project	EGAC00001000044	St. Jude Children’s Research Hospital – Washington University Pediatric Cancer Genome Project Steering Committee	"WGS files for Roussel-ATRT-TM paper titled ""Atypical teratoid/ rhabdoid tumoroids reveal subgroup-specific drug vulnerabilities"""	https://ega-archive.org/datasets/EGAD00001009163
EGAD00001009164	WXS files for Roussel-ATRT-TM	8		Illumina HiSeq 2000		controlled	2001-01-01	EGAP00001000051	DAC to obtain datasets submitted by St. Jude Children's Research Hospital - Washington University Pediatric Cancer Genome Project	EGAC00001000044	St. Jude Children’s Research Hospital – Washington University Pediatric Cancer Genome Project Steering Committee	"WXS files for Roussel-ATRT-TM paper titled ""Atypical teratoid/ rhabdoid tumoroids reveal subgroup-specific drug vulnerabilities"""	https://ega-archive.org/datasets/EGAD00001009164
EGAD00001009302	RNASeq files for Roussel-ATRT-TM	8		Illumina HiSeq 2000		controlled	2001-01-01	EGAP00001000051	DAC to obtain datasets submitted by St. Jude Children's Research Hospital - Washington University Pediatric Cancer Genome Project	EGAC00001000044	St. Jude Children’s Research Hospital – Washington University Pediatric Cancer Genome Project Steering Committee	"RNASeq files for Roussel-ATRT-TM paper titled ""Atypical teratoid/ rhabdoid tumoroids reveal subgroup-specific drug vulnerabilities"""	https://ega-archive.org/datasets/EGAD00001009302
EGAD50000002564	MPNST study - Spatial data	8		Illumina HiSeq 4000	Transcriptome profiling by high-throughput sequencing	controlled	2026-05-12	EGAP50000000849	Francis Crick - Data Access Agreement	EGAC50000000904	Peter Van Loo MPNST phase 1	10X Visium spatial transcriptomic data of one MPNST patient	https://ega-archive.org/datasets/EGAD50000002564
EGAD00001000735	Somatic mutations in angiosarcoma	7		Illumina HiSeq 2000		controlled	2017-04-28	EGAP00001000037		EGAC00001000010	ICGC Data Access Compliance Office	Here we present the genomes of three secondary angiosarcomas	https://ega-archive.org/datasets/EGAD00001000735
EGAD00001003339	Radiotherapy induced Sarcoma exome (2017-05-17)	7		Illumina HiSeq 2000		controlled	2017-05-22	EGAP00001000037		EGAC00001000010	ICGC Data Access Compliance Office	Whole exome library making will be performed on genomic DNA derived from radiotherapy induced sarcoma samples and matched normal DNA from the same patients. Next Generation sequencing will be performed on the resulting libraries and mapped to build 37 of the human reference genome to facilitate the identification of mutations This dataset contains all the data available for this study on 2017-05-17.	https://ega-archive.org/datasets/EGAD00001003339
EGAD00001007000	Transcriptome Analysis of Malignant Peripheral Nerve Sheath Tumor-like Melanoma	7		unspecified	Transcriptome profiling by high-throughput sequencing	controlled	2001-01-01	EGAP00001000887	Access to data generated by UHN is made available by completing the data access agreement for review by the data access committee and will be granted to qualifi	EGAC00001000912	UHN Genomics Data Access Committee	Malignant peripheral nerve sheath tumor (MPNST)-like melanoma is a rare malignancy with overlapping characteristics of both neural sarcoma and melanoma. The genomics of MPNST-like melanoma have not been previously described. In this study, we performed whole transcriptome sequencing analysis in 8 samples from 6 patients diagnosed with MPNST-like melanoma. In correlation with deletion ofxa0SERPINB4xa0in all our samples, there was noxa0SERPINB4xa0mRNA expression in our cohort, suggesting a potential tumor-suppressor role of SERPINB4 in MPNST-like melanomas.xa0HRAS, a gene uncommonly mutated in c	https://ega-archive.org/datasets/EGAD00001007000
EGAD00001010197	RCRF release 1	7		Illumina NovaSeq 6000	Exome sequencing	controlled	2001-01-01	EGAP00001003217	Department of Genomic Medicine Data Access Agreement	EGAC00001003171	RTI Data Office	exome data from leiomyosarcoma, large cell neuroendocrine carcinoma, and clear cell sarcoma	https://ega-archive.org/datasets/EGAD00001010197
EGAD00010000488		7		Affymetrix_SNP6-		controlled	2015-05-27					Chondroblastoma case sample genotype using Affymetrix SNP6.0	https://ega-archive.org/datasets/EGAD00010000488
EGAD50000000548	GIST Comprehensive Cancer Panel	7		Illumina HiSeq 2500	Exome sequencing	controlled	2024-09-02	EGAP00001002958	Data Access Policy Including For-Profit Researchers	EGAC00001002930	KiCS Data Access Committee	DNA Sequencing of 864 genes from KiCS cancer panel. Multiple family members affected with multifocal GIST who underwent whole genome sequencing of the germline and tumor. Affected individuals with GIST harbored a germline variant found within exon 13 of the KIT gene, (c.1965T>G; p.Asn655Lys, p.N655K) and a variant in the MSR1 gene (c.877C>T; p.Arg293*, pR293X).	https://ega-archive.org/datasets/EGAD50000000548
EGAD50000000549	GIST Whole Genome Sequencing	7		HiSeq X Ten	Whole genome sequencing	controlled	2024-07-15	EGAP00001002958	Data Access Policy Including For-Profit Researchers	EGAC00001002930	KiCS Data Access Committee	Whole genome sequencing of tumour and normal samples from familial GIST. Multiple family members were affected with multifocal GIST who underwent whole genome sequencing of the germline and tumor. Affected individuals with GIST harbored a germline variant found within exon 13 of the KIT gene, (c.1965T>G; p.Asn655Lys, p.N655K) and a variant in the MSR1 gene (c.877C>T; p.Arg293*, pR293X).	https://ega-archive.org/datasets/EGAD50000000549
EGAD50000001019	RNA-seq of chordoma samples	7		Illumina HiSeq 4000 Illumina NovaSeq 6000	Transcriptome profiling by high-throughput sequencing	controlled	2025-12-01	EGAP00001000441	Data Transfer Agreement for the German Cancer Research Center	EGAC00001000452	DKFZ-HIPO Data Access Committee of Heidelberg Center for Personalized Oncology	This dataset contains paired-end bulk RNA-seq data of advanced chordoma samples from 7 patients. Sequencing was performed on Illumina HiSeq 4000 or NovaSeq 6000.	https://ega-archive.org/datasets/EGAD50000001019
EGAD50000002566	MPNST study - WGS data	7		Illumina HiSeq 4000	Whole genome sequencing	controlled	2026-05-12	EGAP50000000849	Francis Crick - Data Access Agreement	EGAC50000000904	Peter Van Loo MPNST phase 1	WGS data of one MPNST patient, including one primary, five recurrence regions, and blood sample as normal control.	https://ega-archive.org/datasets/EGAD50000002566
EGAD00001001031	MPNST	6		Illumina HiSeq 2500	Exome sequencing Whole genome sequencing	controlled	2015-05-27	EGAP00001000256	EGAS00001000974 access policy	EGAC00001000253	MPNST	These are only the whole exome sequences	https://ega-archive.org/datasets/EGAD00001001031
EGAD00001005370	WES from two human osteosarcoma with two samples each from the corresponding cell line	6		NextSeq 500	Exome sequencing	controlled	2001-01-01	EGAP00001001314	Policy from last submission by P. Richter-Pechanska	EGAC00001001337	Osteosarcoma Study HD Data Access Commitee	WES from two human osteosarcoma with two samples each from the corresponding cell line, BAM files	https://ega-archive.org/datasets/EGAD00001005370
EGAD00001007515	Metastatic Pediatric Sclerosing Epithelioid Fibrosarcoma	6		HiSeq X Ten Illumina HiSeq 2500 unspecified	Exome sequencing Transcriptome profiling by high-throughput sequencing Whole genome sequencing	controlled	2001-01-01	EGAP00001001809	Data access policy	EGAC00001001828	Children's Cancer Therapy Institute DAC	This dataset contains different samples from a single patient with SEF. The dataset contains whole genome, whole exome and RNAseq information. Two of the DNA sequencing samples also contain matched normals.	https://ega-archive.org/datasets/EGAD00001007515
EGAD00001007516	Metastatic Pediatric Sclerosing Epithelioid Fibrosarcoma	6		HiSeq X Ten Illumina HiSeq 2500 unspecified	Exome sequencing Transcriptome profiling by high-throughput sequencing Whole genome sequencing	controlled	2001-01-01	EGAP00001001809	Data access policy	EGAC00001001828	Children's Cancer Therapy Institute DAC	This dataset contains different samples from a single patient with SEF. The dataset contains whole genome, whole exome and RNAseq information. Two of the DNA sequencing samples also contain matched normals.	https://ega-archive.org/datasets/EGAD00001007516
EGAD00001007948	Transcriptome sequencing of rhabdoid tumor tissue, organoids and SMARCB1-reconstituted organoids	6		Illumina HiSeq 4000 Illumina NovaSeq 6000	Transcriptome profiling by high-throughput sequencing	controlled	2001-01-01	EGAP00001001842	The Princess Maxima Center for pediatric oncology default access policy to enable re-production of research and re-use of data for scientific purposes.	EGAC00001001864	EGAC00001001864 - Data Access Committee Princess Maxima Center	Transcriptome sequencing of rhabdoid tumor tissue, organoids and SMARCB1-reconstituted organoids	https://ega-archive.org/datasets/EGAD00001007948
EGAD00001015545	scRNA-seq dataset of A cycling, progenitor-like cell population at the root of atypical teratoid rhabdoid tumor subtype differentiation trajectories	6		Illumina NovaSeq 6000	Transcriptome profiling by high-throughput sequencing	controlled	2001-01-01	EGAP00001001121	Data Access Agreement of data controlled by the Data Access Commitee of the Princess Maxima Center for Pediatric Oncology	EGAC00001001864	EGAC00001001864 - Data Access Committee Princess Maxima Center	Study describing the differentiation trajectory...	https://ega-archive.org/datasets/EGAD00001015545
EGAD50000002565	MPNST study - scRNA	6		Illumina HiSeq 4000	Transcriptome profiling by high-throughput sequencing	controlled	2026-05-12	EGAP50000000849	Francis Crick - Data Access Agreement	EGAC50000000904	Peter Van Loo MPNST phase 1	10X single nucleus RNA data of one MPNST patient, including one primary and five recurrence regions	https://ega-archive.org/datasets/EGAD50000002565
EGAD50000002567	MPNST study - 10X single nucleus DNA data	6		Illumina HiSeq 4000	Whole genome sequencing	controlled	2026-05-12	EGAP50000000849	Francis Crick - Data Access Agreement	EGAC50000000904	Peter Van Loo MPNST phase 1	10X single nucleus DNA data of one MPNST patient, including one primary and five recurrence regions	https://ega-archive.org/datasets/EGAD50000002567
EGAD50000002569	MPNST phase1 DLP+ single nucleus DNA-seq data	6		Illumina HiSeq 4000	Whole genome sequencing	controlled	2026-05-12	EGAP50000000849	Francis Crick - Data Access Agreement	EGAC50000000904	Peter Van Loo MPNST phase 1	DLP+ single nucleus data of one MPNST patient, including one primary and five recurrence regions. Data in paired-fastq files.	https://ega-archive.org/datasets/EGAD50000002569
EGAD00001008702	Exome sequencing from a child with neurofibromatosis and relapsed refractory acute lymphoblastic leukaemia	5		NextSeq 500	Exome sequencing	controlled	2001-01-01	EGAP00001002659	SAHMRI data transfer agreement to access exam data files.	EGAC00001002637	SAHMRI Data Access Committee	Dataset contains 5 exome BAM files from a child with neurofibromatosis and relapsed refractory acute lymphoblastic leukaemia. The samples are CD19 positive and CD19 negative bone marrow mononuclear cells at both diagnosis and relapse as well as mesenchymal stem cells as the germline control. Libraries were prepared using the SureSelect Clinical Research Exome v2 kit (Agilent Technologies, Santa Clara, CA, USA) and run on the Illumina NextSeq 500 platform.	https://ega-archive.org/datasets/EGAD00001008702
EGAD00010000809		5				controlled	2001-01-01	EGAP00001000358	Radboud Pediatric Cancer Consortium Data Access Agreement	EGAC00001000369	Radboud Pediatric Cancer Data Access Committee	SNP6 data from germline and tumors (T-ALL, Histiocytic Sarcoma and non-Langerhans Cell Histiocytosis).	https://ega-archive.org/datasets/EGAD00010000809
EGAD00001000738	Angiosarcoma RNA sequencing	4		Illumina HiSeq 2000		controlled	2017-04-28	EGAP00001000037		EGAC00001000010	ICGC Data Access Compliance Office	Extension of angiosarcoma whole genome sequencing study	https://ega-archive.org/datasets/EGAD00001000738
EGAD00001001064	Angiosarcoma targeted pulldown cancer gene panel	4		Illumina MiSeq		controlled	2015-05-27	EGAP00001000037		EGAC00001000010	ICGC Data Access Compliance Office	Extension of angiosarcoma whole genome sequencing study	https://ega-archive.org/datasets/EGAD00001001064
EGAD00001001596	Independent development of lymphoid and histiocytic malignancies from a shared early precursor	4		AB 5500xl Genetic Analyzer	Exome sequencing	controlled	2016-08-15	EGAP00001000358	Radboud Pediatric Cancer Consortium Data Access Agreement	EGAC00001000369	Radboud Pediatric Cancer Data Access Committee	Whole Exome Sequencing data from the germline of the patient as well as the tumors in bone marrow (T-ALL), Liver (Histiocytic Sarcoma) and ileum (non-Langerhans Cell Histiocytosis).	https://ega-archive.org/datasets/EGAD00001001596
EGAD00001002145	Osteosarcoma exome sequencing dataset	4		Illumina HiSeq 2500	Exome sequencing	controlled	2016-07-25	EGAP00001000473	UTSW Data Access Policy	EGAC00001000494	UTSW Data Access Committee	Whole exome sequencing data of primary, secondary and tertiary tumor from a patient.	https://ega-archive.org/datasets/EGAD00001002145
EGAD00001004479	MGA-NUTM1 fusion in high grade spindle cell sarcoma Data	4			Transcriptome profiling by high-throughput sequencing Whole genome sequencing	controlled	2001-01-01	EGAP00001001041	MGA-NUTM1 fusion	EGAC00001001074	MGA-NUTM1 fusion in high grade spindle cell sarcoma	There is a total of 4 sample data (2 WGS and 2 RNAseq) belong to 2 patient deposited in this study.	https://ega-archive.org/datasets/EGAD00001004479
EGAD00001004837	ATRT RNASeq	4		Illumina HiSeq 2500	Transcriptome profiling by high-throughput sequencing	controlled	2001-01-01	EGAP00001000290	Policy Agreement for Access to ATRT Array Data	EGAC00001000306	Data access agreement for ATRT	ATRT RNASeq	https://ega-archive.org/datasets/EGAD00001004837
EGAD00001004885	Whole exome sequencing of human and mouse sarcoma samples for personalized therapy	4		Illumina HiSeq 4000	Exome sequencing	controlled	2001-01-01	EGAP00001001140	Data users should make every attempt to keep sensitive human data secure, and to not attempt to determine identifying information about de-identified human pati	EGAC00001001160	Children's Cancer Therapy Development Institute Data Access Commitee	Whole exome sequencing of human and mouse sarcoma samples for creation of personalized therapy options. Tissues were sequenced directly; no interventions or alterations were made to the tissue samples	https://ega-archive.org/datasets/EGAD00001004885
EGAD00001006125	Whole exome sequencing of an alveolar rhabdomyosarcoma patient with RET germline mutation	4		Illumina HiSeq 4000	Transcriptome profiling by high-throughput sequencing Whole genome sequencing	controlled	2001-01-01	EGAP00001001556	Standard data access policy for the Children's Cancer Therapy Development Institute (cc-TDI)	EGAC00001001581	Children's Cancer Therapy Development Institute DAC	Whole exome sequencing of an alveolar rhabdomyosarcoma patient with RET germline mutation and subsequent analysis of potential therapeutic mechanisms associated with the patient's rare germline mutation. Patient sampels were sequenced from an initial biopsy and from a relapse biopsy, in addition to normal blood as the matched normal DNA. RNA sequencing was performed on the relapse sample as initial sample was unable to produce usable RNA for analysis.	https://ega-archive.org/datasets/EGAD00001006125
EGAD00001008668	USARC 10X Genomics Single Cell DNA Sequencing Data	4		Illumina HiSeq 4000	Whole genome sequencing	controlled	2001-01-01	EGAP00001002636	UCL Research Information and IT Services Group (RIISG) Research Data Policy.	EGAC00001002610	Sarcoma biology and genomics data access committee	We investigated the impact of ploidy heterogeneity on copy number inference at a single cell level using fluorescence-activated cell sorted (FACS) nuclei from an undifferentiated soft tissue sarcoma. FACS revealed the presence of three aberrant subpopulations, including a haploid, a near diploid and a whole genome doubled population. Once sorted, single cell nuclei underwent whole genome sequencing using the chromium CNV single cell DNA library kit (10X Genomics). We sequenced single normal nuclei (2n) and single aberrant / tumour nuclei (1n, 2n and 2n+).	https://ega-archive.org/datasets/EGAD00001008668
EGAD00001010198	RCRF release 1	4		Illumina NovaSeq 6000	Transcriptome profiling by high-throughput sequencing	controlled	2001-01-01	EGAP00001003217	Department of Genomic Medicine Data Access Agreement	EGAC00001003171	RTI Data Office	Transcriptome sequencing from the Rare Cancer Research Foundation: leiomyosarcoma, large cell neuroendocrine carcinoma, clear cell carcinoma	https://ega-archive.org/datasets/EGAD00001010198
EGAD00001011372	Whole genome sequencing of osteosarcoma and blood	4		unspecified	Whole genome sequencing	controlled	2001-01-01	EGAP00001003510	Access to data generated by our group is available by emailing application to the data access committee and will be granted to qualified investigators for appro	EGAC00001003437	DAC for EGAS00001007531	We profiled 2 patient osteosarcoma tumor samples as well as the blood of the same patients by whole genome sequencing, for a total of 4 samples. The raw fastqs are provided.	https://ega-archive.org/datasets/EGAD00001011372
EGAD00010000789	EGAS00001000506_expression_1	4		Illumina Human HT6-v3 Array		controlled	2018-03-08	EGAP00001000290	Policy Agreement for Access to ATRT Array Data	EGAC00001000306	Data access agreement for ATRT	ATRT expression	https://ega-archive.org/datasets/EGAD00010000789
EGAD50000000872	RCRF release 2	4		Illumina NovaSeq 6000	Transcriptome profiling by high-throughput sequencing	controlled	2024-10-14	EGAP00001000796	UNIVERSITY OF TEXAS MD ANDERSON CANCER CENTER DEPARTMENT OF GENOMIC MEDICINE DATA ACCESS AGREEMENT	EGAC00001000821	UT MD Anderson Cancer Center Department of Genomic Medicine Lipoasarcoma Data Access Committee	RNA sequencing of a Chromophobe renal cell carcinoma, Non-clear cell chromophobe renal cell carcinoma, Neuroendocrine PDAC and clear cell sarcoma	https://ega-archive.org/datasets/EGAD50000000872
EGAD00001000368	Osteosarcoma whole genome rearrangement screen	3		Illumina HiSeq 2000		controlled	2015-05-27	EGAP00001000037		EGAC00001000010	ICGC Data Access Compliance Office	Genomic libraries (500 bps) will be generated from total genomic DNA derived from Osteosarcoma cancer patients and subjected to short paired end sequencing on the llumina platform. Paired reads will be mapped to build 37 of the human reference genome to facilitate the generation of genome wide copy number information, and the identification of novel rearranged cancer genes and gene fusions.	https://ega-archive.org/datasets/EGAD00001000368
EGAD00001000444	RNAseq of patients with Ewings sarcoma	3		Illumina HiSeq 2000		controlled	2015-05-27	EGAP00001000001	Wellcome Trust Sanger Institute Cancer Genome Group Data Sharing Policy	EGAC00001000000	WTSI CGP Data access committee	Cancer is driven my mutations in the genome. We will uncover the mutations that give rise to Ewing's sarcoma, a bone tumour that largely affects children. We will use second generation Illumina massively parallel sequencing, and bespoke software, to characterise the genomes and transcriptomes of Ewing's sarcoma tumours.	https://ega-archive.org/datasets/EGAD00001000444
EGAD00001003346	Whole Exome Sequencing of rhabdoid colorectal cancer sammples	3		Illumina HiSeq 1000	Whole genome sequencing	controlled	2001-01-01	EGAP00001000642	Rhabdoid colorectal cancer WES DATA ACCESS AGREEMENT	EGAC00001000668	Rhabdoid colorectal cancer WES		https://ega-archive.org/datasets/EGAD00001003346
EGAD00001006982	Mutational analysis of an oligoprogressive sarcomatoid hepatocellular carcinoma treated with an immune checkpoint inhibitor.	3		NextSeq 500	Exome sequencing	controlled	2001-01-01	EGAP00001001967	Tumor sequencing study policy	EGAC00001001976	Tumor Samples Data Access Committee	The dataset is composed of three sequenced tumor samples: (I) Meta-bone-557 (bone metastasis obtained from occipital lesion resection during treatment with Liposomal doxorubicin); (II) Meta-CNS-888 (brain metastasis obtained from surgical resection during treatment with Nivolumab); (III) Primary-liver-463 (primary hepatic tumor obtained from surgical resection during treatment with Nivolumab). Genomic DNA from tumor samples was extracted using GeneRead DNA FFPE kit (Qiagen), containing Uracyl-D Glycosylase, according to the manufacturer’s instructions. Whole-exome libraries were prepared using	https://ega-archive.org/datasets/EGAD00001006982
EGAD00001007947	Whole genome sequencing of rhabdoid tumor tissue and organoids	3		Illumina HiSeq 4000	Whole genome sequencing	controlled	2001-01-01	EGAP00001001842	The Princess Maxima Center for pediatric oncology default access policy to enable re-production of research and re-use of data for scientific purposes.	EGAC00001001864	EGAC00001001864 - Data Access Committee Princess Maxima Center		https://ega-archive.org/datasets/EGAD00001007947
EGAD00001009787	WGS files for CIC paper data	3		Illumina HiSeq 2000		controlled	2001-01-01	EGAP00001000051	DAC to obtain datasets submitted by St. Jude Children's Research Hospital - Washington University Pediatric Cancer Genome Project	EGAC00001000044	St. Jude Children’s Research Hospital – Washington University Pediatric Cancer Genome Project Steering Committee	"WGS files for CIC paper titled ""Malignant progression of an ancestral bone marrow clone harboring a CIC-NUTM2A fusion in isolated myeloid sarcoma"""	https://ega-archive.org/datasets/EGAD00001009787
EGAD00001010264	Additional WGS files for Roussel-ATRT-TM	3		Illumina HiSeq 2000		controlled	2001-01-01	EGAP00001000051	DAC to obtain datasets submitted by St. Jude Children's Research Hospital - Washington University Pediatric Cancer Genome Project	EGAC00001000044	St. Jude Children’s Research Hospital – Washington University Pediatric Cancer Genome Project Steering Committee	"Additional WGS files for Roussel-ATRT-TM paper titled ""Atypical teratoid/ rhabdoid tumoroids reveal subgroup-specific drug vulnerabilities"""	https://ega-archive.org/datasets/EGAD00001010264
EGAD50000001530	RNA sequencing of human osteosarcoma tumor tissue	3		NextSeq 2000 Sequel II	Transcriptome profiling by high-throughput sequencing	controlled		EGAP50000000503	Human osteosarcoma - Data Access Policy	EGAC50000000545	Human Osteosarcoma	Total RNA was extracted from 3 human osteosarcoma tumor samples which were obtained from separate human subjects. Each sample was subjected to Pacific Biosciences (PacBio) long-read Iso-seq and illumina paired end short-read RNA-seq. PacBio Iso-seq sequencing data is contained in separate unmapped BAM files for each sample. Illumina sequencing data is contained in paired FASTQ files for each sample.	https://ega-archive.org/datasets/EGAD50000001530
EGAD50000002568	MPNST study - LCM WGS data	3		Illumina HiSeq 4000	Whole genome sequencing	controlled	2026-05-12	EGAP50000000849	Francis Crick - Data Access Agreement	EGAC50000000904	Peter Van Loo MPNST phase 1	LCM WGS data from one MPNST patient, including one primary and five recurrence regions	https://ega-archive.org/datasets/EGAD50000002568
EGAD00001001384	Cooperative activity of BRAF F595L and mutant HRAS in histiocytic sarcoma provides new insights into oncogenic BRAF signaling	2		Illumina HiSeq 2500		controlled	2016-03-29	EGAP00001000441	Data Transfer Agreement for the German Cancer Research Center	EGAC00001000452	DKFZ-HIPO Data Access Committee of Heidelberg Center for Personalized Oncology	Mutations that activate the RAF-MEK-ERK signaling pathway, in particular BRAFV600E, occur in many cancers, and mutant BRAF-selective inhibitors have clinical activity in these diseases. Activating BRAF alleles are usually considered to be mutually exclusive with mutant RAS, whereas inactivating mutations in the D594F595G596 motif of the BRAF activation segment can coexist with oncogenic RAS and cooperate via paradoxical MEK/ERK activation. We determined the functional consequences of a largely uncharacterized BRAF mutation, F595L, which was detected along with an HRASQ61R allele by clinical ex	https://ega-archive.org/datasets/EGAD00001001384
EGAD00001004786	Whole genome sequencing informs treatment decision of end-stage metastatic cutaneous angiosarcoma in a patient with Xeroderma Pigmentosum	2		HiSeq X Ten		controlled	2001-01-01	EGAP00001000210	Wellcome Trust Sanger Institute Data Sharing Policy	EGAC00001000205	Wellcome Trust Sanger Institute	Whole genome sequencing (WGS) detects all mutations in a cancer. “Mutational signatures” are patterns of mutations that report the DNA damage and subsequent DNA repair processes that have occurred in cancers. We present a patient with Xeroderma Pigmentosum that developed metastatic angiosarcoma, unresponsive to all lines of sarcoma therapy. Primary tumour WGS revealed a hypermutated tumour, including clonal ultraviolet light-induced mutational patterns (Signature 7) and subclonal signatures of activating mutations of DNA Polymerase-epsilon (POLE)(Signature 10). These signatures are associated	https://ega-archive.org/datasets/EGAD00001004786
EGAD00001006014	Whole-genome and transcriptome sequencing data of an undifferentiated gastric spindle cell sarcoma	2		HiSeq X Ten Illumina HiSeq 4000	Transcriptome profiling by high-throughput sequencing Whole genome sequencing	controlled	2001-01-01	EGAP00001000441	Data Transfer Agreement for the German Cancer Research Center	EGAC00001000452	DKFZ-HIPO Data Access Committee of Heidelberg Center for Personalized Oncology		https://ega-archive.org/datasets/EGAD00001006014
EGAD00001009002	sc-RNA-Seq soft tissue sarcoma tumoroid biobank	2		NextSeq 500	Transcriptome profiling by high-throughput sequencing	controlled	2001-01-01	EGAP00001000936	Data Access Agreement Princess Máxima Center for pediatric oncology	EGAC00001001864	EGAC00001001864 - Data Access Committee Princess Maxima Center		https://ega-archive.org/datasets/EGAD00001009002
EGAD00001009788	RNASeq files for CIC paper data	2		Illumina HiSeq 2000		controlled	2001-01-01	EGAP00001000051	DAC to obtain datasets submitted by St. Jude Children's Research Hospital - Washington University Pediatric Cancer Genome Project	EGAC00001000044	St. Jude Children’s Research Hospital – Washington University Pediatric Cancer Genome Project Steering Committee	"RNASeq files for CIC paper titled ""Malignant progression of an ancestral bone marrow clone harboring a CIC-NUTM2A fusion in isolated myeloid sarcoma"""	https://ega-archive.org/datasets/EGAD00001009788
EGAD00001009973	Genomic Analysis of a Metastatic Fusion-negative Embryonal Rhabdomyosarcoma	2		Illumina HiSeq 2000	Exome sequencing Transcriptome profiling by high-throughput sequencing	controlled	2001-01-01	EGAP00001001809	Data access policy	EGAC00001001828	Children's Cancer Therapy Institute DAC	Autopsy-derived, later snap-frozen tissue fragments from a 5-year-old female with recurrent metastatic fusion-negative embryonal rhabdomyosarcoma (RMS) primary tumor of the left thigh were analyzed. No quality matched tissue was available. Prior panel analysis identified 2 prominent genetic changes: NRAS Q61K, PIK3CA H1047R, CDKN2A/B loss, and ERBB3 overexpression.	https://ega-archive.org/datasets/EGAD00001009973
EGAD00001010199	RCRF release 1	2		Illumina NovaSeq 6000	Whole genome sequencing	controlled	2001-01-01	EGAP00001003217	Department of Genomic Medicine Data Access Agreement	EGAC00001003171	RTI Data Office	Rare Cancer Research Foundation: leiomyosarcoma, large cell neuroendorcrine carcinoma, clear cell carcinoma	https://ega-archive.org/datasets/EGAD00001010199
EGAD00001010265	Additional WXS files for Roussel-ATRT-TM	2		Illumina HiSeq 2000		controlled	2001-01-01	EGAP00001000051	DAC to obtain datasets submitted by St. Jude Children's Research Hospital - Washington University Pediatric Cancer Genome Project	EGAC00001000044	St. Jude Children’s Research Hospital – Washington University Pediatric Cancer Genome Project Steering Committee	"Additional WXS files for Roussel-ATRT-TM paper titled ""Atypical teratoid/ rhabdoid tumoroids reveal subgroup-specific drug vulnerabilities"""	https://ega-archive.org/datasets/EGAD00001010265
EGAD00001010277	Paired WGS samples (tumor and control) of one Sarcoma case	2		HiSeq X Ten	Whole genome sequencing	controlled	2001-01-01	EGAP00001000441	Data Transfer Agreement for the German Cancer Research Center	EGAC00001000452	DKFZ-HIPO Data Access Committee of Heidelberg Center for Personalized Oncology	Paired WGS samples (tumor and control) of one Sarcoma case. The paired sequencing was done on Hiseq X Ten with Illlumina TruSeq Nano DNA.	https://ega-archive.org/datasets/EGAD00001010277
EGAD50000000038	Whole genome sequencing of Sinonasal hemangiopericytoma and patient derived cell line model	2		Illumina NovaSeq 6000	Whole genome sequencing	controlled	2023-11-08	EGAP50000000022	Policy for the projects by Cancer Discovery Hub (CDH), National Cancer Center Singapore	EGAC50000000039	Cancer Discovery Hub (CDH), National Cancer Center Singapore	Solitary fibrous tumor/Hemangiopericytoma (SFT/HPC) is a rare subtype of soft tissue sarcoma associated with NAB2-STAT6 gene fusions. In this study, a novel SFT/HPC was characterized using whole genome sequencing.	https://ega-archive.org/datasets/EGAD50000000038
EGAD50000000240	Whole Genome Sequencing of 2 expanded clones from rhabdoid tumor case 3	2		Illumina NovaSeq X	Whole genome sequencing	controlled	2024-02-06	EGAP50000000096	"Policy for accessing the raw data associated to the project ""Origin of second malignancies in children"""	EGAC50000000118	DAC Pediatric tumors SJD IRB	Whole Genome Sequencing of 2 expanded clones from a cell line derived from the rhabdoid tumor case 3 (2 WGS 20X)	https://ega-archive.org/datasets/EGAD50000000240
EGAD50000002438	ASPSCR1-TFE3 gene fusion panel deep amplicon sequencing data	2		NextSeq 500	Amplicon sequencing	controlled	2026-04-08	EGAP00001002169	Requests to access the data should follow the guidance as outlined in the policy agreement below. Requests are to be submitted to members of the data access com	EGAC00001002170	University of Calgary Charbonneau Cancer Institute	"Dataset contains compressed, paired-end Fastq files of deep amplicon sequencing data from a custom ASPSCR1-TFE3 gene fusion panel for three alveolar soft part sarcoma cases described in ""Development and first-in-human CAR T therapy targeting the pathognomonic MiT-fusion driven protein GPNMB""."	https://ega-archive.org/datasets/EGAD50000002438
EGAD00001001655	Genome and transcriptome sequence data from an atypical teratoid rhabdoid tumor patient	1				controlled	2017-01-02	EGAP00001000045	BC Cancer, part of the Provincial Health Services Authority - Data Access Policy	EGAC00000000011	BC Cancer, part of the Provincial Health Services Authority, Technology Development Office, Data Access Committee (PHSA TDO DAC)	Genome and transcriptome sequence data from an atypical teratoid rhabdoid tumor patient, generated as part of the BC Cancer Agency's Personalized OncoGenomics (POG) study	https://ega-archive.org/datasets/EGAD00001001655
EGAD00001002046	Genome and transcriptome sequence data from a liposarcoma patient	1				controlled	2016-08-18	EGAP00001000045	BC Cancer, part of the Provincial Health Services Authority - Data Access Policy	EGAC00000000011	BC Cancer, part of the Provincial Health Services Authority, Technology Development Office, Data Access Committee (PHSA TDO DAC)	Genome and transcriptome sequence data from a liposarcoma patient, generated as part of the BC Cancer Agency's Personalized OncoGenomics (POG) study	https://ega-archive.org/datasets/EGAD00001002046
EGAD00001002538	Genome and transcriptome sequence data from a uterine sarcoma patient	1				controlled	2016-09-30	EGAP00001000045	BC Cancer, part of the Provincial Health Services Authority - Data Access Policy	EGAC00000000011	BC Cancer, part of the Provincial Health Services Authority, Technology Development Office, Data Access Committee (PHSA TDO DAC)	Genome and transcriptome sequence data from a uterine sarcoma patient, generated as part of the BC Cancer Agency's Personalized OncoGenomics (POG) study	https://ega-archive.org/datasets/EGAD00001002538
EGAD00001002541	Genome and transcriptome sequence data from a liposarcoma patient	1				controlled	2016-09-30	EGAP00001000045	BC Cancer, part of the Provincial Health Services Authority - Data Access Policy	EGAC00000000011	BC Cancer, part of the Provincial Health Services Authority, Technology Development Office, Data Access Committee (PHSA TDO DAC)	Genome and transcriptome sequence data from a liposarcoma patient, generated as part of the BC Cancer Agency's Personalized OncoGenomics (POG) study	https://ega-archive.org/datasets/EGAD00001002541
EGAD00001002552	Genome and transcriptome sequence data from a Ewing sarcoma patient	1				controlled	2016-09-30	EGAP00001000045	BC Cancer, part of the Provincial Health Services Authority - Data Access Policy	EGAC00000000011	BC Cancer, part of the Provincial Health Services Authority, Technology Development Office, Data Access Committee (PHSA TDO DAC)	Genome and transcriptome sequence data from a Ewing sarcoma patient, generated as part of the BC Cancer Agency's Personalized OncoGenomics (POG) study	https://ega-archive.org/datasets/EGAD00001002552
EGAD00001002562	Genome and transcriptome sequence data from an osteogenic sarcoma patient	1				controlled	2016-10-14	EGAP00001000045	BC Cancer, part of the Provincial Health Services Authority - Data Access Policy	EGAC00000000011	BC Cancer, part of the Provincial Health Services Authority, Technology Development Office, Data Access Committee (PHSA TDO DAC)	Genome and transcriptome sequence data from an osteogenic sarcoma patient, generated as part of the BC Cancer Agency's Personalized OncoGenomics (POG) study	https://ega-archive.org/datasets/EGAD00001002562
EGAD00001002570	Genome and transcriptome sequence data from a leiomyosarcoma patient	1				controlled	2016-10-14	EGAP00001000045	BC Cancer, part of the Provincial Health Services Authority - Data Access Policy	EGAC00000000011	BC Cancer, part of the Provincial Health Services Authority, Technology Development Office, Data Access Committee (PHSA TDO DAC)	Genome and transcriptome sequence data from a leiomyosarcoma patient, generated as part of the BC Cancer Agency's Personalized OncoGenomics (POG) study	https://ega-archive.org/datasets/EGAD00001002570
EGAD00001002581	Genome and transcriptome sequence data from a metastatic myxofibrosarcoma patient	1				controlled	2016-10-14	EGAP00001000045	BC Cancer, part of the Provincial Health Services Authority - Data Access Policy	EGAC00000000011	BC Cancer, part of the Provincial Health Services Authority, Technology Development Office, Data Access Committee (PHSA TDO DAC)	Genome and transcriptome sequence data from a metastatic myxofibrosarcoma patient, generated as part of the BC Cancer Agency's Personalized OncoGenomics (POG) study	https://ega-archive.org/datasets/EGAD00001002581
EGAD00001002583	Genome and transcriptome sequence data from a retroperitoneal leiomyosarcoma patient	1				controlled	2016-10-14	EGAP00001000045	BC Cancer, part of the Provincial Health Services Authority - Data Access Policy	EGAC00000000011	BC Cancer, part of the Provincial Health Services Authority, Technology Development Office, Data Access Committee (PHSA TDO DAC)	Genome and transcriptome sequence data from a retroperitoneal leiomyosarcoma patient,generated as part of the BC Cancer Agency's Personalized OncoGenomics (POG) study	https://ega-archive.org/datasets/EGAD00001002583
EGAD00001002593	Genome and transcriptome sequence data from a leiomyosarcoma patient	1				controlled	2016-10-14	EGAP00001000045	BC Cancer, part of the Provincial Health Services Authority - Data Access Policy	EGAC00000000011	BC Cancer, part of the Provincial Health Services Authority, Technology Development Office, Data Access Committee (PHSA TDO DAC)	Genome and transcriptome sequence data from a leiomyosarcoma patient, generated as part of the BC Cancer Agency's Personalized OncoGenomics (POG) study	https://ega-archive.org/datasets/EGAD00001002593
EGAD00001002608	Genome and transcriptome sequence data from a pleomorphic spindle cell sarcoma patient	1				controlled	2016-10-14	EGAP00001000045	BC Cancer, part of the Provincial Health Services Authority - Data Access Policy	EGAC00000000011	BC Cancer, part of the Provincial Health Services Authority, Technology Development Office, Data Access Committee (PHSA TDO DAC)	Genome and transcriptome sequence data from a pleomorphic spindle cell sarcoma patient, generated as part of the BC Cancer Agency's Personalized OncoGenomics (POG) study	https://ega-archive.org/datasets/EGAD00001002608
EGAD00001002616	Genome and transcriptome sequence data from a superficial pleomorphic liposarcoma patient	1				controlled	2016-10-14	EGAP00001000045	BC Cancer, part of the Provincial Health Services Authority - Data Access Policy	EGAC00000000011	BC Cancer, part of the Provincial Health Services Authority, Technology Development Office, Data Access Committee (PHSA TDO DAC)	Genome and transcriptome sequence data from a superficial pleomorphic liposarcoma patient, generated as part of the BC Cancer Agency's Personalized OncoGenomics (POG) study	https://ega-archive.org/datasets/EGAD00001002616
EGAD00001002620	Genome and transcriptome sequence data from a myxoid liposarcoma patient	1				controlled	2016-10-14	EGAP00001000045	BC Cancer, part of the Provincial Health Services Authority - Data Access Policy	EGAC00000000011	BC Cancer, part of the Provincial Health Services Authority, Technology Development Office, Data Access Committee (PHSA TDO DAC)	Genome and transcriptome sequence data from a myxoid liposarcoma patient, generated as part of the BC Cancer Agency's Personalized OncoGenomics (POG) study	https://ega-archive.org/datasets/EGAD00001002620
EGAD00001002625	Genome and transcriptome sequence data from a Ewing sarcoma patient	1				controlled	2016-10-14	EGAP00001000045	BC Cancer, part of the Provincial Health Services Authority - Data Access Policy	EGAC00000000011	BC Cancer, part of the Provincial Health Services Authority, Technology Development Office, Data Access Committee (PHSA TDO DAC)	Genome and transcriptome sequence data from a Ewing sarcoma patient, generated as part of the BC Cancer Agency's Personalized OncoGenomics (POG) study	https://ega-archive.org/datasets/EGAD00001002625
EGAD00001002640	Genome and transcriptome sequence data from a clival chordoma patient	1				controlled	2016-10-14	EGAP00001000045	BC Cancer, part of the Provincial Health Services Authority - Data Access Policy	EGAC00000000011	BC Cancer, part of the Provincial Health Services Authority, Technology Development Office, Data Access Committee (PHSA TDO DAC)	Genome and transcriptome sequence data from a clival chordoma patient, generated as part of the BC Cancer Agency's Personalized OncoGenomics (POG) study	https://ega-archive.org/datasets/EGAD00001002640
EGAD00001002891	Genome and transcriptome sequence data from a leiomyosarcoma patient	1				controlled	2017-01-30	EGAP00001000045	BC Cancer, part of the Provincial Health Services Authority - Data Access Policy	EGAC00000000011	BC Cancer, part of the Provincial Health Services Authority, Technology Development Office, Data Access Committee (PHSA TDO DAC)	Genome and transcriptome sequence data from a leiomyosarcoma patient, generated as part of the BC Cancer Agency's Personalized OncoGenomics (POG) study	https://ega-archive.org/datasets/EGAD00001002891
EGAD00001002996	Genome and transcriptome sequence data from a leiomyosarcoma patient	1				controlled	2017-01-13	EGAP00001000045	BC Cancer, part of the Provincial Health Services Authority - Data Access Policy	EGAC00000000011	BC Cancer, part of the Provincial Health Services Authority, Technology Development Office, Data Access Committee (PHSA TDO DAC)	Genome and transcriptome sequence data from a leiomyosarcoma patient, generated as part of the BC Cancer Agency's Personalized OncoGenomics (POG) study	https://ega-archive.org/datasets/EGAD00001002996
EGAD00001003010	Genome and transcriptome sequence data from a metastatic uterine leiomyosarcoma patient	1				controlled	2017-01-13	EGAP00001000045	BC Cancer, part of the Provincial Health Services Authority - Data Access Policy	EGAC00000000011	BC Cancer, part of the Provincial Health Services Authority, Technology Development Office, Data Access Committee (PHSA TDO DAC)	Genome and transcriptome sequence data from a metastatic uterine leiomyosarcoma patient,generated as part of the BC Cancer Agency's Personalized OncoGenomics (POG) study	https://ega-archive.org/datasets/EGAD00001003010
EGAD00001003018	Genome and transcriptome sequence data from a metastatic clear cell sarcoma patient	1				controlled	2017-02-08	EGAP00001000045	BC Cancer, part of the Provincial Health Services Authority - Data Access Policy	EGAC00000000011	BC Cancer, part of the Provincial Health Services Authority, Technology Development Office, Data Access Committee (PHSA TDO DAC)	Genome and transcriptome sequence data from a metastatic clear cell sarcoma patient, generated as part of the BC Cancer Agency's Personalized OncoGenomics (POG) study	https://ega-archive.org/datasets/EGAD00001003018
EGAD00001003024	Genome and transcriptome sequence data from a liposarcoma patient	1				controlled	2017-01-13	EGAP00001000045	BC Cancer, part of the Provincial Health Services Authority - Data Access Policy	EGAC00000000011	BC Cancer, part of the Provincial Health Services Authority, Technology Development Office, Data Access Committee (PHSA TDO DAC)	Genome and transcriptome sequence data from a liposarcoma patient, generated as part of the BC Cancer Agency's Personalized OncoGenomics (POG) study	https://ega-archive.org/datasets/EGAD00001003024
EGAD00001003040	Genome and transcriptome sequence data from a chordoma patient	1				controlled	2017-01-13	EGAP00001000045	BC Cancer, part of the Provincial Health Services Authority - Data Access Policy	EGAC00000000011	BC Cancer, part of the Provincial Health Services Authority, Technology Development Office, Data Access Committee (PHSA TDO DAC)	Genome and transcriptome sequence data from a chordoma patient, generated as part of the BC Cancer Agency's Personalized OncoGenomics (POG) study	https://ega-archive.org/datasets/EGAD00001003040
EGAD00001003052	Genome and transcriptome sequence data from a metastatic malignant peripheral nerve sheath tumor patient	1				controlled	2017-01-30	EGAP00001000045	BC Cancer, part of the Provincial Health Services Authority - Data Access Policy	EGAC00000000011	BC Cancer, part of the Provincial Health Services Authority, Technology Development Office, Data Access Committee (PHSA TDO DAC)	Genome and transcriptome sequence data from a metastatic malignant peripheral nerve sheath tumor patient, generated as part of the BC Cancer Agency's Personalized OncoGenomics (POG) study	https://ega-archive.org/datasets/EGAD00001003052
EGAD00001003056	Genome and transcriptome sequence data from a solitary fibrous tumors (sarcoma) patient	1		PromethION		controlled	2017-01-13	EGAP00001000045	BC Cancer, part of the Provincial Health Services Authority - Data Access Policy	EGAC00000000011	BC Cancer, part of the Provincial Health Services Authority, Technology Development Office, Data Access Committee (PHSA TDO DAC)	Genome and transcriptome sequence data from a solitary fibrous tumors (sarcoma) patient, generated as part of the BC Cancer Agency's Personalized OncoGenomics (POG) study	https://ega-archive.org/datasets/EGAD00001003056
EGAD00001003060	Genome and transcriptome sequence data from a liposarcoma patient	1				controlled	2017-01-13	EGAP00001000045	BC Cancer, part of the Provincial Health Services Authority - Data Access Policy	EGAC00000000011	BC Cancer, part of the Provincial Health Services Authority, Technology Development Office, Data Access Committee (PHSA TDO DAC)	Genome and transcriptome sequence data from a liposarcoma patient, generated as part of the BC Cancer Agency's Personalized OncoGenomics (POG) study	https://ega-archive.org/datasets/EGAD00001003060
EGAD00001003062	Genome and transcriptome sequence data from an extraosseous osteosarcoma patient	1				controlled	2017-01-13	EGAP00001000045	BC Cancer, part of the Provincial Health Services Authority - Data Access Policy	EGAC00000000011	BC Cancer, part of the Provincial Health Services Authority, Technology Development Office, Data Access Committee (PHSA TDO DAC)	Genome and transcriptome sequence data from an extraosseous osteosarcoma patient, generated as part of the BC Cancer Agency's Personalized OncoGenomics (POG) study	https://ega-archive.org/datasets/EGAD00001003062
EGAD00001003090	Genome and transcriptome sequence data from a metastatic leiomyosarcoma patient	1				controlled	2017-01-13	EGAP00001000045	BC Cancer, part of the Provincial Health Services Authority - Data Access Policy	EGAC00000000011	BC Cancer, part of the Provincial Health Services Authority, Technology Development Office, Data Access Committee (PHSA TDO DAC)	Genome and transcriptome sequence data from a metastatic leiomyosarcoma patient, generated as part of the BC Cancer Agency's Personalized OncoGenomics (POG) study	https://ega-archive.org/datasets/EGAD00001003090
EGAD00001003630	Genome and transcriptome sequence data from a radiation-induced pleomorphic sarcoma patient	1				controlled	2017-09-28	EGAP00001000045	BC Cancer, part of the Provincial Health Services Authority - Data Access Policy	EGAC00000000011	BC Cancer, part of the Provincial Health Services Authority, Technology Development Office, Data Access Committee (PHSA TDO DAC)	Genome and transcriptome sequence data from a radiation-induced pleomorphic sarcoma patient, generated as part of the BC Cancer Agency's Personalized OncoGenomics (POG) study	https://ega-archive.org/datasets/EGAD00001003630
EGAD00001003634	Genome and transcriptome sequence data from a solitary fibrous tumors (sarcoma) patient	1				controlled	2017-09-28	EGAP00001000045	BC Cancer, part of the Provincial Health Services Authority - Data Access Policy	EGAC00000000011	BC Cancer, part of the Provincial Health Services Authority, Technology Development Office, Data Access Committee (PHSA TDO DAC)	Genome and transcriptome sequence data from a solitary fibrous tumors (sarcoma) patient, generated as part of the BC Cancer Agency's Personalized OncoGenomics (POG) study	https://ega-archive.org/datasets/EGAD00001003634
EGAD00001003644	Genome and transcriptome sequence data from a metastatic spindle cell sarcoma patient	1				controlled	2017-09-28	EGAP00001000045	BC Cancer, part of the Provincial Health Services Authority - Data Access Policy	EGAC00000000011	BC Cancer, part of the Provincial Health Services Authority, Technology Development Office, Data Access Committee (PHSA TDO DAC)	Genome and transcriptome sequence data from a metastatic spindle cell sarcoma patient, generated as part of the BC Cancer Agency's Personalized OncoGenomics (POG) study	https://ega-archive.org/datasets/EGAD00001003644
EGAD00001003667	Genome and transcriptome sequence data from a metastatic gastrointestinal stromal tumor patient	1				controlled	2017-09-28	EGAP00001000045	BC Cancer, part of the Provincial Health Services Authority - Data Access Policy	EGAC00000000011	BC Cancer, part of the Provincial Health Services Authority, Technology Development Office, Data Access Committee (PHSA TDO DAC)	Genome and transcriptome sequence data from a metastatic gastrointestinal stromal tumor patient, generated as part of the BC Cancer Agency's Personalized OncoGenomics (POG) study	https://ega-archive.org/datasets/EGAD00001003667
EGAD00001003668	Genome and transcriptome sequence data from a metastatic rhabdomyosarcoma patient	1				controlled	2017-09-28	EGAP00001000045	BC Cancer, part of the Provincial Health Services Authority - Data Access Policy	EGAC00000000011	BC Cancer, part of the Provincial Health Services Authority, Technology Development Office, Data Access Committee (PHSA TDO DAC)	Genome and transcriptome sequence data from a metastatic rhabdomyosarcoma patient, generated as part of the BC Cancer Agency's Personalized OncoGenomics (POG) study	https://ega-archive.org/datasets/EGAD00001003668
EGAD00001003683	Genome and transcriptome sequence data from a metastatic high grade sarcomatous neoplasm nos patient	1				controlled	2017-09-28	EGAP00001000045	BC Cancer, part of the Provincial Health Services Authority - Data Access Policy	EGAC00000000011	BC Cancer, part of the Provincial Health Services Authority, Technology Development Office, Data Access Committee (PHSA TDO DAC)	Genome and transcriptome sequence data from a metastatic high grade sarcomatous neoplasm nos patient, generated as part of the BC Cancer Agency's Personalized OncoGenomics (POG) study	https://ega-archive.org/datasets/EGAD00001003683
EGAD00001003692	Genome and transcriptome sequence data from a metastatic gastrointestinal stromal tumour patient	1				controlled	2017-09-28	EGAP00001000045	BC Cancer, part of the Provincial Health Services Authority - Data Access Policy	EGAC00000000011	BC Cancer, part of the Provincial Health Services Authority, Technology Development Office, Data Access Committee (PHSA TDO DAC)	Genome and transcriptome sequence data from a metastatic gastrointestinal stromal tumour patient, generated as part of the BC Cancer Agency's Personalized OncoGenomics (POG) study	https://ega-archive.org/datasets/EGAD00001003692
EGAD00001003694	Genome and transcriptome sequence data from a pleomorphic sarcomatoid epithelioid carcinoma patient	1				controlled	2017-09-28	EGAP00001000045	BC Cancer, part of the Provincial Health Services Authority - Data Access Policy	EGAC00000000011	BC Cancer, part of the Provincial Health Services Authority, Technology Development Office, Data Access Committee (PHSA TDO DAC)	Genome and transcriptome sequence data from a pleomorphic sarcomatoid epithelioid carcinoma patient,generated as part of the BC Cancer Agency's Personalized OncoGenomics (POG) study	https://ega-archive.org/datasets/EGAD00001003694
EGAD00001003701	Genome and transcriptome sequence data from a metastatic myoepithelial carcinoma of parotid patient	1				controlled	2017-09-28	EGAP00001000045	BC Cancer, part of the Provincial Health Services Authority - Data Access Policy	EGAC00000000011	BC Cancer, part of the Provincial Health Services Authority, Technology Development Office, Data Access Committee (PHSA TDO DAC)	Genome and transcriptome sequence data from a metastatic myoepithelial carcinoma of parotid patient, generated as part of the BC Cancer Agency's Personalized OncoGenomics (POG) study	https://ega-archive.org/datasets/EGAD00001003701
EGAD00001003728	Genome and transcriptome sequence data from a metastatic gastrointestinal stromal tumor patient	1				controlled	2017-09-28	EGAP00001000045	BC Cancer, part of the Provincial Health Services Authority - Data Access Policy	EGAC00000000011	BC Cancer, part of the Provincial Health Services Authority, Technology Development Office, Data Access Committee (PHSA TDO DAC)	Genome and transcriptome sequence data from a metastatic gastrointestinal stromal tumor patient, generated as part of the BC Cancer Agency's Personalized OncoGenomics (POG) study	https://ega-archive.org/datasets/EGAD00001003728
EGAD00001003733	Genome and transcriptome sequence data from a metastatic uterine leiomyosarcoma patient	1				controlled	2017-09-29	EGAP00001000045	BC Cancer, part of the Provincial Health Services Authority - Data Access Policy	EGAC00000000011	BC Cancer, part of the Provincial Health Services Authority, Technology Development Office, Data Access Committee (PHSA TDO DAC)	Genome and transcriptome sequence data from a metastatic uterine leiomyosarcoma patient, generated as part of the BC Cancer Agency's Personalized OncoGenomics (POG) study	https://ega-archive.org/datasets/EGAD00001003733
EGAD00001003738	Genome and transcriptome sequence data from a Ewing sarcoma patient	1				controlled	2017-09-29	EGAP00001000045	BC Cancer, part of the Provincial Health Services Authority - Data Access Policy	EGAC00000000011	BC Cancer, part of the Provincial Health Services Authority, Technology Development Office, Data Access Committee (PHSA TDO DAC)	Genome and transcriptome sequence data from a Ewing sarcoma patient, generated as part of the BC Cancer Agency's Personalized OncoGenomics (POG) study	https://ega-archive.org/datasets/EGAD00001003738
EGAD00001004601	Genome and transcriptome sequence data from a metastatic leiomyosarcoma patient	1				controlled	2001-01-01	EGAP00001000045	BC Cancer, part of the Provincial Health Services Authority - Data Access Policy	EGAC00000000011	BC Cancer, part of the Provincial Health Services Authority, Technology Development Office, Data Access Committee (PHSA TDO DAC)	Genome and transcriptome sequence data from a metastatic leiomyosarcoma patient, generated as part of the BC Cancer Agency's Personalized OncoGenomics (POG) study	https://ega-archive.org/datasets/EGAD00001004601
EGAD00001004602	Genome and transcriptome sequence data from a metastatic synovial sarcoma patient	1				controlled	2001-01-01	EGAP00001000045	BC Cancer, part of the Provincial Health Services Authority - Data Access Policy	EGAC00000000011	BC Cancer, part of the Provincial Health Services Authority, Technology Development Office, Data Access Committee (PHSA TDO DAC)	Genome and transcriptome sequence data from a metastatic synovial sarcoma patient, generated as part of the BC Cancer Agency's Personalized OncoGenomics (POG) study	https://ega-archive.org/datasets/EGAD00001004602
EGAD00001004609	Genome and transcriptome sequence data from a low grade chondrosarcoma (bronchus) patient	1				controlled	2001-01-01	EGAP00001000045	BC Cancer, part of the Provincial Health Services Authority - Data Access Policy	EGAC00000000011	BC Cancer, part of the Provincial Health Services Authority, Technology Development Office, Data Access Committee (PHSA TDO DAC)	Genome and transcriptome sequence data from a low grade chondrosarcoma (bronchus) patient, generated as part of the BC Cancer Agency's Personalized OncoGenomics (POG) study	https://ega-archive.org/datasets/EGAD00001004609
EGAD00001004617	Genome and transcriptome sequence data from a anorectal gastrointestinal stromal tumor patient	1				controlled	2001-01-01	EGAP00001000045	BC Cancer, part of the Provincial Health Services Authority - Data Access Policy	EGAC00000000011	BC Cancer, part of the Provincial Health Services Authority, Technology Development Office, Data Access Committee (PHSA TDO DAC)	Genome and transcriptome sequence data from a anorectal gastrointestinal stromal tumor patient, generated as part of the BC Cancer Agency's Personalized OncoGenomics (POG) study	https://ega-archive.org/datasets/EGAD00001004617
EGAD00001004628	Genome and transcriptome sequence data from a osteosarcoma patient	1				controlled	2001-01-01	EGAP00001000045	BC Cancer, part of the Provincial Health Services Authority - Data Access Policy	EGAC00000000011	BC Cancer, part of the Provincial Health Services Authority, Technology Development Office, Data Access Committee (PHSA TDO DAC)	Genome and transcriptome sequence data from a osteosarcoma patient, generated as part of the BC Cancer Agency's Personalized OncoGenomics (POG) study	https://ega-archive.org/datasets/EGAD00001004628
EGAD00001004629	Genome and transcriptome sequence data from a leiomyosarcoma patient	1				controlled	2001-01-01	EGAP00001000045	BC Cancer, part of the Provincial Health Services Authority - Data Access Policy	EGAC00000000011	BC Cancer, part of the Provincial Health Services Authority, Technology Development Office, Data Access Committee (PHSA TDO DAC)	Genome and transcriptome sequence data from a leiomyosarcoma patient, generated as part of the BC Cancer Agency's Personalized OncoGenomics (POG) study	https://ega-archive.org/datasets/EGAD00001004629
EGAD00001004639	Genome and transcriptome sequence data from a metastatic leiomyosarcoma patient	1				controlled	2001-01-01	EGAP00001000045	BC Cancer, part of the Provincial Health Services Authority - Data Access Policy	EGAC00000000011	BC Cancer, part of the Provincial Health Services Authority, Technology Development Office, Data Access Committee (PHSA TDO DAC)	Genome and transcriptome sequence data from a metastatic leiomyosarcoma patient, generated as part of the BC Cancer Agency's Personalized OncoGenomics (POG) study	https://ega-archive.org/datasets/EGAD00001004639
EGAD00001004641	Genome and transcriptome sequence data from a metastatic alveolar soft part sarcoma patient	1				controlled	2001-01-01	EGAP00001000045	BC Cancer, part of the Provincial Health Services Authority - Data Access Policy	EGAC00000000011	BC Cancer, part of the Provincial Health Services Authority, Technology Development Office, Data Access Committee (PHSA TDO DAC)	Genome and transcriptome sequence data from a metastatic alveolar soft part sarcoma patient, generated as part of the BC Cancer Agency's Personalized OncoGenomics (POG) study	https://ega-archive.org/datasets/EGAD00001004641
EGAD00001004645	Genome and transcriptome sequence data from a metastatic fibrosarcoma patient	1				controlled	2001-01-01	EGAP00001000045	BC Cancer, part of the Provincial Health Services Authority - Data Access Policy	EGAC00000000011	BC Cancer, part of the Provincial Health Services Authority, Technology Development Office, Data Access Committee (PHSA TDO DAC)	Genome and transcriptome sequence data from a metastatic fibrosarcoma patient, generated as part of the BC Cancer Agency's Personalized OncoGenomics (POG) study	https://ega-archive.org/datasets/EGAD00001004645
EGAD00001004648	Genome and transcriptome sequence data from a high grade sarcoma of the epithelioid/spindle cell patient	1				controlled	2001-01-01	EGAP00001000045	BC Cancer, part of the Provincial Health Services Authority - Data Access Policy	EGAC00000000011	BC Cancer, part of the Provincial Health Services Authority, Technology Development Office, Data Access Committee (PHSA TDO DAC)	Genome and transcriptome sequence data from a high grade sarcoma of the epithelioid/spindle cell patient, generated as part of the BC Cancer Agency's Personalized OncoGenomics (POG) study	https://ega-archive.org/datasets/EGAD00001004648
EGAD00001004658	Genome and transcriptome sequence data from a metastatic osteosarcoma patient	1				controlled	2001-01-01	EGAP00001000045	BC Cancer, part of the Provincial Health Services Authority - Data Access Policy	EGAC00000000011	BC Cancer, part of the Provincial Health Services Authority, Technology Development Office, Data Access Committee (PHSA TDO DAC)	Genome and transcriptome sequence data from a metastatic osteosarcoma patient, generated as part of the BC Cancer Agency's Personalized OncoGenomics (POG) study	https://ega-archive.org/datasets/EGAD00001004658
EGAD00001004662	Genome and transcriptome sequence data from a metastatic leiomyosarcoma of pancreas patient	1				controlled	2001-01-01	EGAP00001000045	BC Cancer, part of the Provincial Health Services Authority - Data Access Policy	EGAC00000000011	BC Cancer, part of the Provincial Health Services Authority, Technology Development Office, Data Access Committee (PHSA TDO DAC)	Genome and transcriptome sequence data from a metastatic leiomyosarcoma of pancreas patient, generated as part of the BC Cancer Agency's Personalized OncoGenomics (POG) study	https://ega-archive.org/datasets/EGAD00001004662
EGAD00001004670	Genome and transcriptome sequence data from a metastatic spindle cell sarcoma patient	1				controlled	2001-01-01	EGAP00001000045	BC Cancer, part of the Provincial Health Services Authority - Data Access Policy	EGAC00000000011	BC Cancer, part of the Provincial Health Services Authority, Technology Development Office, Data Access Committee (PHSA TDO DAC)	Genome and transcriptome sequence data from a metastatic spindle cell sarcoma patient, generated as part of the BC Cancer Agency's Personalized OncoGenomics (POG) study	https://ega-archive.org/datasets/EGAD00001004670
EGAD00001004690	Genome and transcriptome sequence data from a angiosarcoma patient	1				controlled	2001-01-01	EGAP00001000045	BC Cancer, part of the Provincial Health Services Authority - Data Access Policy	EGAC00000000011	BC Cancer, part of the Provincial Health Services Authority, Technology Development Office, Data Access Committee (PHSA TDO DAC)	Genome and transcriptome sequence data from a angiosarcoma patient, generated as part of the BC Cancer Agency's Personalized OncoGenomics (POG) study	https://ega-archive.org/datasets/EGAD00001004690
EGAD00001004901	Genome and transcriptome sequence data from a metastatic leiomyosarcoma patient	1				controlled	2001-01-01	EGAP00001000045	BC Cancer, part of the Provincial Health Services Authority - Data Access Policy	EGAC00000000011	BC Cancer, part of the Provincial Health Services Authority, Technology Development Office, Data Access Committee (PHSA TDO DAC)	Genome and transcriptome sequence data from a metastatic leiomyosarcoma patient, generated as part of the BC Cancer Agency's Personalized OncoGenomics (POG) study	https://ega-archive.org/datasets/EGAD00001004901
EGAD00001004916	Genome and transcriptome sequence data from a metastatic leiomyosarcoma patient	1				controlled	2001-01-01	EGAP00001000045	BC Cancer, part of the Provincial Health Services Authority - Data Access Policy	EGAC00000000011	BC Cancer, part of the Provincial Health Services Authority, Technology Development Office, Data Access Committee (PHSA TDO DAC)	Genome and transcriptome sequence data from a metastatic leiomyosarcoma patient, generated as part of the BC Cancer Agency's Personalized OncoGenomics (POG) study	https://ega-archive.org/datasets/EGAD00001004916
EGAD00001004919	Genome and transcriptome sequence data from a abdominal sarcoma patient	1				controlled	2001-01-01	EGAP00001000045	BC Cancer, part of the Provincial Health Services Authority - Data Access Policy	EGAC00000000011	BC Cancer, part of the Provincial Health Services Authority, Technology Development Office, Data Access Committee (PHSA TDO DAC)	Genome and transcriptome sequence data from a abdominal sarcoma patient, generated as part of the BC Cancer Agency's Personalized OncoGenomics (POG) study	https://ega-archive.org/datasets/EGAD00001004919
EGAD00001004922	Genome and transcriptome sequence data from a leiomyosarcoma patient	1				controlled	2001-01-01	EGAP00001000045	BC Cancer, part of the Provincial Health Services Authority - Data Access Policy	EGAC00000000011	BC Cancer, part of the Provincial Health Services Authority, Technology Development Office, Data Access Committee (PHSA TDO DAC)	Genome and transcriptome sequence data from a leiomyosarcoma patient, generated as part of the BC Cancer Agency's Personalized OncoGenomics (POG) study	https://ega-archive.org/datasets/EGAD00001004922
EGAD00001004933	Genome and transcriptome sequence data from a metastatic sarcomatoid carcinoma of the lung patient	1				controlled	2001-01-01	EGAP00001000045	BC Cancer, part of the Provincial Health Services Authority - Data Access Policy	EGAC00000000011	BC Cancer, part of the Provincial Health Services Authority, Technology Development Office, Data Access Committee (PHSA TDO DAC)	Genome and transcriptome sequence data from a metastatic sarcomatoid carcinoma of the lung patient, generated as part of the BC Cancer Agency's Personalized OncoGenomics (POG) study	https://ega-archive.org/datasets/EGAD00001004933
EGAD00001005843	Genome and transcriptome sequence data from a metastatic gastrointestinal stromal tumor patient	1				controlled	2001-01-01	EGAP00001000045	BC Cancer, part of the Provincial Health Services Authority - Data Access Policy	EGAC00000000011	BC Cancer, part of the Provincial Health Services Authority, Technology Development Office, Data Access Committee (PHSA TDO DAC)	Genome and transcriptome sequence data from a metastatic gastrointestinal stromal tumor patient, generated as part of the BC Cancer Agency's Personalized OncoGenomics (POG) study	https://ega-archive.org/datasets/EGAD00001005843
EGAD00001005848	Genome and transcriptome sequence data from a chondrosarcoma patient	1				controlled	2001-01-01	EGAP00001000045	BC Cancer, part of the Provincial Health Services Authority - Data Access Policy	EGAC00000000011	BC Cancer, part of the Provincial Health Services Authority, Technology Development Office, Data Access Committee (PHSA TDO DAC)	Genome and transcriptome sequence data from a chondrosarcoma patient, generated as part of the BC Cancer Agency's Personalized OncoGenomics (POG) study	https://ega-archive.org/datasets/EGAD00001005848
EGAD00001005870	Genome and transcriptome sequence data from an osteosarcoma patient	1				controlled	2001-01-01	EGAP00001000045	BC Cancer, part of the Provincial Health Services Authority - Data Access Policy	EGAC00000000011	BC Cancer, part of the Provincial Health Services Authority, Technology Development Office, Data Access Committee (PHSA TDO DAC)	Genome and transcriptome sequence data from an osteosarcoma patient, generated as part of the BC Cancer Agency's Personalized OncoGenomics (POG) study	https://ega-archive.org/datasets/EGAD00001005870
EGAD00001005871	Genome and transcriptome sequence data from a chordoma patient	1				controlled	2001-01-01	EGAP00001000045	BC Cancer, part of the Provincial Health Services Authority - Data Access Policy	EGAC00000000011	BC Cancer, part of the Provincial Health Services Authority, Technology Development Office, Data Access Committee (PHSA TDO DAC)	Genome and transcriptome sequence data from a chordoma patient, generated as part of the BC Cancer Agency's Personalized OncoGenomics (POG) study	https://ega-archive.org/datasets/EGAD00001005871
EGAD00001005894	Genome and transcriptome sequence data from a ewing sarcoma patient	1				controlled	2001-01-01	EGAP00001000045	BC Cancer, part of the Provincial Health Services Authority - Data Access Policy	EGAC00000000011	BC Cancer, part of the Provincial Health Services Authority, Technology Development Office, Data Access Committee (PHSA TDO DAC)	Genome and transcriptome sequence data from a ewing sarcoma patient,generated as part of the BC Cancer Agency's Personalized OncoGenomics (POG) study	https://ega-archive.org/datasets/EGAD00001005894
EGAD00001005898	Genome and transcriptome sequence data from a malignant peripheral nerve sheath tumor patient	1				controlled	2001-01-01	EGAP00001000045	BC Cancer, part of the Provincial Health Services Authority - Data Access Policy	EGAC00000000011	BC Cancer, part of the Provincial Health Services Authority, Technology Development Office, Data Access Committee (PHSA TDO DAC)	Genome and transcriptome sequence data from a malignant peripheral nerve sheath tumor patient, generated as part of the BC Cancer Agency's Personalized OncoGenomics (POG) study	https://ega-archive.org/datasets/EGAD00001005898
EGAD00001005899	Genome and transcriptome sequence data from an endometrial stromal sarcoma patient	1				controlled	2001-01-01	EGAP00001000045	BC Cancer, part of the Provincial Health Services Authority - Data Access Policy	EGAC00000000011	BC Cancer, part of the Provincial Health Services Authority, Technology Development Office, Data Access Committee (PHSA TDO DAC)	Genome and transcriptome sequence data from an endometrial stromal sarcoma patient, generated as part of the BC Cancer Agency's Personalized OncoGenomics (POG) study	https://ega-archive.org/datasets/EGAD00001005899
EGAD00001005909	Genome and transcriptome sequence data from an alveolar soft part sarcoma patient	1				controlled	2001-01-01	EGAP00001000045	BC Cancer, part of the Provincial Health Services Authority - Data Access Policy	EGAC00000000011	BC Cancer, part of the Provincial Health Services Authority, Technology Development Office, Data Access Committee (PHSA TDO DAC)	Genome and transcriptome sequence data from an alveolar soft part sarcoma patient, generated as part of the BC Cancer Agency's Personalized OncoGenomics (POG) study	https://ega-archive.org/datasets/EGAD00001005909
EGAD00001005913	Genome and transcriptome sequence data from an osteosarcoma patient	1				controlled	2001-01-01	EGAP00001000045	BC Cancer, part of the Provincial Health Services Authority - Data Access Policy	EGAC00000000011	BC Cancer, part of the Provincial Health Services Authority, Technology Development Office, Data Access Committee (PHSA TDO DAC)	Genome and transcriptome sequence data from an osteosarcoma patient, generated as part of the BC Cancer Agency's Personalized OncoGenomics (POG) study	https://ega-archive.org/datasets/EGAD00001005913
EGAD00001006622	Alveolar Rhabdomyosarcoma sequencing data	1		Illumina HiSeq 4000	Exome sequencing Transcriptome profiling by high-throughput sequencing	controlled	2001-01-01	EGAP00001001809	Data access policy	EGAC00001001828	Children's Cancer Therapy Institute DAC	This dataset comprises DNA sequencing for tumor and matched normal from an Alveolar Rhabdomyosarcoma patient. It also include RNA sequencing data from the tumor sample.	https://ega-archive.org/datasets/EGAD00001006622
EGAD00001006793	Personalised therapy with MEK inhibition leads to a sustained complete response in an adolescent patient with a recurrent malignant peripheral nerve sheath tumor	1		HiSeq X Ten NextSeq 500	Transcriptome profiling by high-throughput sequencing Whole genome sequencing	controlled	2001-01-01	EGAP00001001849	Zero Childhood Cancer Data Access Policy	EGAC00001001683	Zero Childhood Cancer	Whole genome sequencing of tumour (90X) - normal (30X) patient pair and bulk transcriptome sequencing (80M PE reads) of tumour sample.	https://ega-archive.org/datasets/EGAD00001006793
EGAD00001007498	Single cell RNA-Seq of Clear Cell Sarcoma of the Kidney	1		NextSeq 500	Transcriptome profiling by high-throughput sequencing	controlled	2001-01-01	EGAP00001001842	The Princess Maxima Center for pediatric oncology default access policy to enable re-production of research and re-use of data for scientific purposes.	EGAC00001001864	EGAC00001001864 - Data Access Committee Princess Maxima Center		https://ega-archive.org/datasets/EGAD00001007498
EGAD00001007572	Single cell transcriptomes of childhood renal tumours	1		Illumina HiSeq 4000 Illumina NovaSeq 6000		controlled	2001-01-01	EGAP00001000210	Wellcome Trust Sanger Institute Data Sharing Policy	EGAC00001000205	Wellcome Trust Sanger Institute	This data set contains single cell transcriptomes generated using the chromium 10X platform from both fresh cells and nuclei. The samples measured are derived from children with Wilms tumour, Clear Cell Sarcoma of the Kidney (CCSK), or Malignant Rhabdoid Tumours.	https://ega-archive.org/datasets/EGAD00001007572
EGAD00001008012	Genome and transcriptome sequence data from a poorly differentiated chordoma of C1-C2 spine patient	1				controlled	2001-01-01	EGAP00001000045	BC Cancer, part of the Provincial Health Services Authority - Data Access Policy	EGAC00000000011	BC Cancer, part of the Provincial Health Services Authority, Technology Development Office, Data Access Committee (PHSA TDO DAC)	Genome and transcriptome sequence data from a poorly differentiated chordoma of C1-C2 spine patient, generated as part of the BC Cancer Agency's Personalized OncoGenomics (POG) study	https://ega-archive.org/datasets/EGAD00001008012
EGAD00001008013	Genome and transcriptome sequence data from an unspecified tissue chordoma patient	1				controlled	2001-01-01	EGAP00001000045	BC Cancer, part of the Provincial Health Services Authority - Data Access Policy	EGAC00000000011	BC Cancer, part of the Provincial Health Services Authority, Technology Development Office, Data Access Committee (PHSA TDO DAC)	Genome and transcriptome sequence data from an unspecified tissue chordoma patient, generated as part of the BC Cancer Agency's Personalized OncoGenomics (POG) study	https://ega-archive.org/datasets/EGAD00001008013
EGAD00001008405	WES normal samples	1		Illumina HiSeq 4000	Exome sequencing	controlled	2001-01-01	EGAP00001001798	EORTC Data Sharing POL008	EGAC00001001818	EORTC Data Sharing DAC	Raw FASTQ files obtained from whole exome sequencing (WES) of normal samples from patients with newly diagnosed, recurrent intermediate or high-grade sarcoma.	https://ega-archive.org/datasets/EGAD00001008405
EGAD00001008435	Whole transcriptome profiling of osteosarcoma	1		Illumina HiSeq 2000	Transcriptome profiling by high-throughput sequencing	controlled	2001-01-01	EGAP00001002480	MDACC GM Data Access Agreement (00025401)	EGAC00001001328	Osteosarcoma Data Access Committee	This dataset contains 86 osteosarcoma samples and their matched normals that underwent RNA sequencing using size fractionation, NuGEN Ovation Ultralow Library System V2 preparation, and paired-end sequencing on Illumina HiSeq 2000.	https://ega-archive.org/datasets/EGAD00001008435
EGAD00001008466	WGS soft tissue sarcoma tumoroid biobank	1			Whole genome sequencing	controlled	2001-01-01	EGAP00001001842	The Princess Maxima Center for pediatric oncology default access policy to enable re-production of research and re-use of data for scientific purposes.	EGAC00001001864	EGAC00001001864 - Data Access Committee Princess Maxima Center		https://ega-archive.org/datasets/EGAD00001008466
EGAD00001008467	RNA-Seq soft tissue sarcoma tumoroid biobank	1			Transcriptome profiling by high-throughput sequencing	controlled	2001-01-01	EGAP00001001842	The Princess Maxima Center for pediatric oncology default access policy to enable re-production of research and re-use of data for scientific purposes.	EGAC00001001864	EGAC00001001864 - Data Access Committee Princess Maxima Center		https://ega-archive.org/datasets/EGAD00001008467
EGAD00001008709	RNA-Seq of primary pediatric kidney tumor controls for the soft tissue sarcoma tumoroid biobank	1			Transcriptome profiling by high-throughput sequencing	controlled	2001-01-01	EGAP00001001842	The Princess Maxima Center for pediatric oncology default access policy to enable re-production of research and re-use of data for scientific purposes.	EGAC00001001864	EGAC00001001864 - Data Access Committee Princess Maxima Center		https://ega-archive.org/datasets/EGAD00001008709
EGAD00001008911	Genome and transcriptome sequence data from a Ewing sarcoma patient	1				controlled	2001-01-01	EGAP00001000045	BC Cancer, part of the Provincial Health Services Authority - Data Access Policy	EGAC00000000011	BC Cancer, part of the Provincial Health Services Authority, Technology Development Office, Data Access Committee (PHSA TDO DAC)	Genome and transcriptome sequence data from a Ewing sarcoma patient, generated as part of the BC Cancer Agency's Personalized OncoGenomics (POG) study	https://ega-archive.org/datasets/EGAD00001008911
EGAD00001008912	Genome and transcriptome sequence data from a metastatic synovial sarcoma patient	1				controlled	2001-01-01	EGAP00001000045	BC Cancer, part of the Provincial Health Services Authority - Data Access Policy	EGAC00000000011	BC Cancer, part of the Provincial Health Services Authority, Technology Development Office, Data Access Committee (PHSA TDO DAC)	Genome and transcriptome sequence data from a metastatic synovial sarcoma patient,generated as part of the BC Cancer Agency's Personalized OncoGenomics (POG) study	https://ega-archive.org/datasets/EGAD00001008912
EGAD00001009005	Detection of cancer cell transcriptomes	1		HiSeq X Ten Illumina HiSeq 2500 Illumina HiSeq 4000 Illumina NovaSeq 6000		controlled	2001-01-01	EGAP00001000210	Wellcome Trust Sanger Institute Data Sharing Policy	EGAC00001000205	Wellcome Trust Sanger Institute	Single cell transcriptomes, generated using chromium 10X 3' sequencing, for two tumour types (AT/RT, and Ewing's sarcoma). For each individual, tumour and normal whole genome sequencing was also obtained using Illumina short read sequencing to an average depth of 30X. These data were used to validate the accuracy of a method for identifying cancer cell transcriptomes based on the allelic shift produced by copy number changes.	https://ega-archive.org/datasets/EGAD00001009005
EGAD00001009110	BAM-file spanning the breakpoint region +/- 100kb of Ewing sarcoma	1		Illumina NovaSeq 6000	Whole genome sequencing	controlled	2001-01-01	EGAP00001002242	Liquid Biopsy Policy	EGAC00001002239	Liquid Biopsy Data Access Committee	Extracted regions from WGS of Ewing sarcoma spanning fusion breakpoints +/- 100kb for ctDNA tracking in plasma	https://ega-archive.org/datasets/EGAD00001009110
EGAD00001010257	Dataset for Sarcoma-WGS linked from study EGAS00001004813	1		HiSeq X Ten	Whole genome sequencing	controlled	2001-01-01	EGAP00001000441	Data Transfer Agreement for the German Cancer Research Center	EGAC00001000452	DKFZ-HIPO Data Access Committee of Heidelberg Center for Personalized Oncology	Sequencing data of 77 sarcoma tumor and control runs, which were uploaded to EGAS00001004813. The sequencing was always paired.	https://ega-archive.org/datasets/EGAD00001010257
EGAD00001010258	Dataset for Sarcoma-WES linked from study EGAS00001004813	1		Illumina HiSeq 2000 Illumina HiSeq 2500 Illumina HiSeq 4000	Exome sequencing	controlled	2001-01-01	EGAP00001000441	Data Transfer Agreement for the German Cancer Research Center	EGAC00001000452	DKFZ-HIPO Data Access Committee of Heidelberg Center for Personalized Oncology	Sequencing data of 144 sarcoma tumor and control runs, which were uploaded to EGAS00001004813. The sequencing was always paired.	https://ega-archive.org/datasets/EGAD00001010258
EGAD00001010276	Dataset for Sarcoma RNA sequencing linked from study EGAS00001004813	1		HiSeq X Ten Illumina HiSeq 2000 Illumina HiSeq 2500 Illumina HiSeq 4000	Transcriptome profiling by high-throughput sequencing	controlled	2001-01-01	EGAP00001000441	Data Transfer Agreement for the German Cancer Research Center	EGAC00001000452	DKFZ-HIPO Data Access Committee of Heidelberg Center for Personalized Oncology	Sequencing data of 410 sarcoma tumor runs, which were uploaded to EGAS00001004813. The sequencing was always paired.	https://ega-archive.org/datasets/EGAD00001010276
EGAD00001010939	Genome and transcriptome sequence data from a leiomyosarcoma patient	1				controlled	2001-01-01	EGAP00001000045	BC Cancer, part of the Provincial Health Services Authority - Data Access Policy	EGAC00000000011	BC Cancer, part of the Provincial Health Services Authority, Technology Development Office, Data Access Committee (PHSA TDO DAC)	Genome and transcriptome sequence data from a leiomyosarcoma patient, generated as part of the BC Cancer Agency's Personalized OncoGenomics (POG) study	https://ega-archive.org/datasets/EGAD00001010939
EGAD00001010957	Genome and transcriptome sequence data from a leiomyosarcoma patient	1				controlled	2001-01-01	EGAP00001000045	BC Cancer, part of the Provincial Health Services Authority - Data Access Policy	EGAC00000000011	BC Cancer, part of the Provincial Health Services Authority, Technology Development Office, Data Access Committee (PHSA TDO DAC)	Genome and transcriptome sequence data from a leiomyosarcoma patient, generated as part of the BC Cancer Agency's Personalized OncoGenomics (POG) study	https://ega-archive.org/datasets/EGAD00001010957
EGAD00001010965	Genome and transcriptome sequence data from a leiomyosarcoma patient	1				controlled	2001-01-01	EGAP00001000045	BC Cancer, part of the Provincial Health Services Authority - Data Access Policy	EGAC00000000011	BC Cancer, part of the Provincial Health Services Authority, Technology Development Office, Data Access Committee (PHSA TDO DAC)	Genome and transcriptome sequence data from a leiomyosarcoma patient, generated as part of the BC Cancer Agency's Personalized OncoGenomics (POG) study	https://ega-archive.org/datasets/EGAD00001010965
EGAD00001010966	Genome and transcriptome sequence data from a metastatic chondrosarcoma patient	1				controlled	2001-01-01	EGAP00001000045	BC Cancer, part of the Provincial Health Services Authority - Data Access Policy	EGAC00000000011	BC Cancer, part of the Provincial Health Services Authority, Technology Development Office, Data Access Committee (PHSA TDO DAC)	Genome and transcriptome sequence data from a metastatic chondrosarcoma patient, generated as part of the BC Cancer Agency's Personalized OncoGenomics (POG) study	https://ega-archive.org/datasets/EGAD00001010966
EGAD00001010969	Genome and transcriptome sequence data from a metastatic pleomorphic sarcoma patient	1				controlled	2001-01-01	EGAP00001000045	BC Cancer, part of the Provincial Health Services Authority - Data Access Policy	EGAC00000000011	BC Cancer, part of the Provincial Health Services Authority, Technology Development Office, Data Access Committee (PHSA TDO DAC)	Genome and transcriptome sequence data from a metastatic pleomorphic sarcoma patient, generated as part of the BC Cancer Agency's Personalized OncoGenomics (POG) study	https://ega-archive.org/datasets/EGAD00001010969
EGAD00001011032	Genome and transcriptome sequence data from a liposarcoma patient	1				controlled	2001-01-01	EGAP00001000045	BC Cancer, part of the Provincial Health Services Authority - Data Access Policy	EGAC00000000011	BC Cancer, part of the Provincial Health Services Authority, Technology Development Office, Data Access Committee (PHSA TDO DAC)	Genome and transcriptome sequence data from a liposarcoma patient, generated as part of the BC Cancer Agency's Personalized OncoGenomics (POG) study	https://ega-archive.org/datasets/EGAD00001011032
EGAD00001011033	Genome and transcriptome sequence data from a gastrointestinal stromal tumor patient	1				controlled	2001-01-01	EGAP00001000045	BC Cancer, part of the Provincial Health Services Authority - Data Access Policy	EGAC00000000011	BC Cancer, part of the Provincial Health Services Authority, Technology Development Office, Data Access Committee (PHSA TDO DAC)	Genome and transcriptome sequence data from a gastrointestinal stromal tumor patient, generated as part of the BC Cancer Agency's Personalized OncoGenomics (POG) study	https://ega-archive.org/datasets/EGAD00001011033
EGAD00001011378	Complex structural variation patterns in pediatric solid tumors WGS	1			Whole genome sequencing	controlled	2001-01-01	EGAP00001001121	Data Access Agreement of data controlled by the Data Access Commitee of the Princess Maxima Center for Pediatric Oncology	EGAC00001001864	EGAC00001001864 - Data Access Committee Princess Maxima Center	Paired tumor-normal whole genome sequencing data from primary tumors of patients diagnosed with neuroblastoma, Ewing sarcoma, Wilms tumor, hepatoblastoma and rhabdomyosarcoma	https://ega-archive.org/datasets/EGAD00001011378
EGAD00001015263	Genome and transcriptome sequence data from a infantile fibrosarcoma tumor patient	1				controlled	2001-01-01	EGAP00001000045	BC Cancer, part of the Provincial Health Services Authority - Data Access Policy	EGAC00000000011	BC Cancer, part of the Provincial Health Services Authority, Technology Development Office, Data Access Committee (PHSA TDO DAC)	Genome and transcriptome sequence data from a infantile fibrosarcoma patient, generated as part of the BC Cancer Agency's Pediatric Personalized Onco-Genomics study	https://ega-archive.org/datasets/EGAD00001015263
EGAD00001015266	Genome and transcriptome sequence data from a neurofibromatosis type 1 (NF1) tumor patient	1				controlled	2001-01-01	EGAP00001000045	BC Cancer, part of the Provincial Health Services Authority - Data Access Policy	EGAC00000000011	BC Cancer, part of the Provincial Health Services Authority, Technology Development Office, Data Access Committee (PHSA TDO DAC)	Genome and transcriptome sequence data from a neurofibromatosis type 1 (NF1) patient, generated as part of the BC Cancer Agency's Pediatric Personalized Onco-Genomics study	https://ega-archive.org/datasets/EGAD00001015266
EGAD00001015268	Genome and transcriptome sequence data from a CNS sarcoma tumor patient	1				controlled	2001-01-01	EGAP00001000045	BC Cancer, part of the Provincial Health Services Authority - Data Access Policy	EGAC00000000011	BC Cancer, part of the Provincial Health Services Authority, Technology Development Office, Data Access Committee (PHSA TDO DAC)	Genome and transcriptome sequence data from a CNS sarcoma patient, generated as part of the BC Cancer Agency's Pediatric Personalized Onco-Genomics study	https://ega-archive.org/datasets/EGAD00001015268
EGAD00001015270	Genome and transcriptome sequence data from a osteosarcoma tumor patient	1				controlled	2001-01-01	EGAP00001000045	BC Cancer, part of the Provincial Health Services Authority - Data Access Policy	EGAC00000000011	BC Cancer, part of the Provincial Health Services Authority, Technology Development Office, Data Access Committee (PHSA TDO DAC)	Genome and transcriptome sequence data from a osteosarcoma patient, generated as part of the BC Cancer Agency's Pediatric Personalized Onco-Genomics study	https://ega-archive.org/datasets/EGAD00001015270
EGAD00001015272	Genome and transcriptome sequence data from a angiosarcoma tumor patient	1				controlled	2001-01-01	EGAP00001000045	BC Cancer, part of the Provincial Health Services Authority - Data Access Policy	EGAC00000000011	BC Cancer, part of the Provincial Health Services Authority, Technology Development Office, Data Access Committee (PHSA TDO DAC)	Genome and transcriptome sequence data from a angiosarcoma patient, generated as part of the BC Cancer Agency's Pediatric Personalized Onco-Genomics study	https://ega-archive.org/datasets/EGAD00001015272
EGAD00001015278	Genome and transcriptome sequence data from a osteosarcoma tumor patient	1				controlled	2001-01-01	EGAP00001000045	BC Cancer, part of the Provincial Health Services Authority - Data Access Policy	EGAC00000000011	BC Cancer, part of the Provincial Health Services Authority, Technology Development Office, Data Access Committee (PHSA TDO DAC)	Genome and transcriptome sequence data from a osteosarcoma patient, generated as part of the BC Cancer Agency's Pediatric Personalized Onco-Genomics study	https://ega-archive.org/datasets/EGAD00001015278
EGAD00001015279	Genome and transcriptome sequence data from a aggressive fibromatosis tumor patient	1				controlled	2001-01-01	EGAP00001000045	BC Cancer, part of the Provincial Health Services Authority - Data Access Policy	EGAC00000000011	BC Cancer, part of the Provincial Health Services Authority, Technology Development Office, Data Access Committee (PHSA TDO DAC)	Genome and transcriptome sequence data from a aggressive fibromatosis patient, generated as part of the BC Cancer Agency's Pediatric Personalized Onco-Genomics study	https://ega-archive.org/datasets/EGAD00001015279
EGAD00001015286	Genome and transcriptome sequence data from a ewing sarcoma tumor patient	1				controlled	2001-01-01	EGAP00001000045	BC Cancer, part of the Provincial Health Services Authority - Data Access Policy	EGAC00000000011	BC Cancer, part of the Provincial Health Services Authority, Technology Development Office, Data Access Committee (PHSA TDO DAC)	Genome and transcriptome sequence data from a ewing sarcoma patient, generated as part of the BC Cancer Agency's Pediatric Personalized Onco-Genomics study	https://ega-archive.org/datasets/EGAD00001015286
EGAD00001015290	Genome and transcriptome sequence data from a angiosarcoma tumor patient	1				controlled	2001-01-01	EGAP00001000045	BC Cancer, part of the Provincial Health Services Authority - Data Access Policy	EGAC00000000011	BC Cancer, part of the Provincial Health Services Authority, Technology Development Office, Data Access Committee (PHSA TDO DAC)	Genome and transcriptome sequence data from a angiosarcoma patient, generated as part of the BC Cancer Agency's Pediatric Personalized Onco-Genomics study	https://ega-archive.org/datasets/EGAD00001015290
EGAD00001015293	Genome and transcriptome sequence data from a osteosarcoma tumor patient	1				controlled	2001-01-01	EGAP00001000045	BC Cancer, part of the Provincial Health Services Authority - Data Access Policy	EGAC00000000011	BC Cancer, part of the Provincial Health Services Authority, Technology Development Office, Data Access Committee (PHSA TDO DAC)	Genome and transcriptome sequence data from a osteosarcoma patient, generated as part of the BC Cancer Agency's Pediatric Personalized Onco-Genomics study	https://ega-archive.org/datasets/EGAD00001015293
EGAD00001015295	Genome and transcriptome sequence data from a metastatic alveolar rhabdomyosarcoma tumor patient	1				controlled	2001-01-01	EGAP00001000045	BC Cancer, part of the Provincial Health Services Authority - Data Access Policy	EGAC00000000011	BC Cancer, part of the Provincial Health Services Authority, Technology Development Office, Data Access Committee (PHSA TDO DAC)	Genome and transcriptome sequence data from a metastatic alveolar rhabdomyosarcoma patient, generated as part of the BC Cancer Agency's Pediatric Personalized Onco-Genomics study	https://ega-archive.org/datasets/EGAD00001015295
EGAD00001015298	Genome and transcriptome sequence data from a aggressive fibromatosis tumor patient	1				controlled	2001-01-01	EGAP00001000045	BC Cancer, part of the Provincial Health Services Authority - Data Access Policy	EGAC00000000011	BC Cancer, part of the Provincial Health Services Authority, Technology Development Office, Data Access Committee (PHSA TDO DAC)	Genome and transcriptome sequence data from a aggressive fibromatosis patient, generated as part of the BC Cancer Agency's Pediatric Personalized Onco-Genomics study	https://ega-archive.org/datasets/EGAD00001015298
EGAD00001015299	Genome and transcriptome sequence data from a aggressive fibromatosis tumor patient	1				controlled	2001-01-01	EGAP00001000045	BC Cancer, part of the Provincial Health Services Authority - Data Access Policy	EGAC00000000011	BC Cancer, part of the Provincial Health Services Authority, Technology Development Office, Data Access Committee (PHSA TDO DAC)	Genome and transcriptome sequence data from a aggressive fibromatosis patient, generated as part of the BC Cancer Agency's Pediatric Personalized Onco-Genomics study	https://ega-archive.org/datasets/EGAD00001015299
EGAD00001015301	Genome and transcriptome sequence data from a neurofibromatosis type 1 tumor patient	1				controlled	2001-01-01	EGAP00001000045	BC Cancer, part of the Provincial Health Services Authority - Data Access Policy	EGAC00000000011	BC Cancer, part of the Provincial Health Services Authority, Technology Development Office, Data Access Committee (PHSA TDO DAC)	Genome and transcriptome sequence data from a neurofibromatosis type 1 patient, generated as part of the BC Cancer Agency's Pediatric Personalized Onco-Genomics study	https://ega-archive.org/datasets/EGAD00001015301
EGAD00001015306	Genome and transcriptome sequence data from a metastatic osteosarcoma tumor patient	1				controlled	2001-01-01	EGAP00001000045	BC Cancer, part of the Provincial Health Services Authority - Data Access Policy	EGAC00000000011	BC Cancer, part of the Provincial Health Services Authority, Technology Development Office, Data Access Committee (PHSA TDO DAC)	Genome and transcriptome sequence data from a metastatic osteosarcoma patient, generated as part of the BC Cancer Agency's Pediatric Personalized Onco-Genomics study	https://ega-archive.org/datasets/EGAD00001015306
EGAD00001015307	Genome and transcriptome sequence data from a embryonal rhabdomyosarcoma of the nasopharynx tumor patient	1				controlled	2001-01-01	EGAP00001000045	BC Cancer, part of the Provincial Health Services Authority - Data Access Policy	EGAC00000000011	BC Cancer, part of the Provincial Health Services Authority, Technology Development Office, Data Access Committee (PHSA TDO DAC)	Genome and transcriptome sequence data from a embryonal rhabdomyosarcoma of the nasopharynx patient, generated as part of the BC Cancer Agency's Pediatric Personalized Onco-Genomics study	https://ega-archive.org/datasets/EGAD00001015307
EGAD00001015310	Genome and transcriptome sequence data from a malignant rhabdoid tumour tumor patient	1				controlled	2001-01-01	EGAP00001000045	BC Cancer, part of the Provincial Health Services Authority - Data Access Policy	EGAC00000000011	BC Cancer, part of the Provincial Health Services Authority, Technology Development Office, Data Access Committee (PHSA TDO DAC)	Genome and transcriptome sequence data from a malignant rhabdoid tumour patient, generated as part of the BC Cancer Agency's Pediatric Personalized Onco-Genomics study	https://ega-archive.org/datasets/EGAD00001015310
EGAD00001015311	Genome and transcriptome sequence data from a relapsed osteosarcoma tumor patient	1				controlled	2001-01-01	EGAP00001000045	BC Cancer, part of the Provincial Health Services Authority - Data Access Policy	EGAC00000000011	BC Cancer, part of the Provincial Health Services Authority, Technology Development Office, Data Access Committee (PHSA TDO DAC)	Genome and transcriptome sequence data from a relapsed osteosarcoma patient, generated as part of the BC Cancer Agency's Pediatric Personalized Onco-Genomics study	https://ega-archive.org/datasets/EGAD00001015311
EGAD00001015313	Genome and transcriptome sequence data from a synovial sarcoma tumor patient	1				controlled	2001-01-01	EGAP00001000045	BC Cancer, part of the Provincial Health Services Authority - Data Access Policy	EGAC00000000011	BC Cancer, part of the Provincial Health Services Authority, Technology Development Office, Data Access Committee (PHSA TDO DAC)	Genome and transcriptome sequence data from a synovial sarcoma patient, generated as part of the BC Cancer Agency's Pediatric Personalized Onco-Genomics study	https://ega-archive.org/datasets/EGAD00001015313
EGAD00001015314	Genome and transcriptome sequence data from a recurrence nasopharyngeal rhabdomyosarcoma tumor patient	1				controlled	2001-01-01	EGAP00001000045	BC Cancer, part of the Provincial Health Services Authority - Data Access Policy	EGAC00000000011	BC Cancer, part of the Provincial Health Services Authority, Technology Development Office, Data Access Committee (PHSA TDO DAC)	Genome and transcriptome sequence data from a recurrence nasopharyngeal rhabdomyosarcoma patient, generated as part of the BC Cancer Agency's Pediatric Personalized Onco-Genomics study	https://ega-archive.org/datasets/EGAD00001015314
EGAD00001015315	Genome and transcriptome sequence data from a ewing sarcoma tumor patient	1				controlled	2001-01-01	EGAP00001000045	BC Cancer, part of the Provincial Health Services Authority - Data Access Policy	EGAC00000000011	BC Cancer, part of the Provincial Health Services Authority, Technology Development Office, Data Access Committee (PHSA TDO DAC)	Genome and transcriptome sequence data from a ewing sarcoma patient, generated as part of the BC Cancer Agency's Pediatric Personalized Onco-Genomics study	https://ega-archive.org/datasets/EGAD00001015315
EGAD00001015316	Genome and transcriptome sequence data from a osteosarcoma tumor patient	1				controlled	2001-01-01	EGAP00001000045	BC Cancer, part of the Provincial Health Services Authority - Data Access Policy	EGAC00000000011	BC Cancer, part of the Provincial Health Services Authority, Technology Development Office, Data Access Committee (PHSA TDO DAC)	Genome and transcriptome sequence data from a osteosarcoma patient, generated as part of the BC Cancer Agency's Pediatric Personalized Onco-Genomics study	https://ega-archive.org/datasets/EGAD00001015316
EGAD00001015318	Genome and transcriptome sequence data from a rhabdomyosarcoma, alveolar tumor patient	1				controlled	2001-01-01	EGAP00001000045	BC Cancer, part of the Provincial Health Services Authority - Data Access Policy	EGAC00000000011	BC Cancer, part of the Provincial Health Services Authority, Technology Development Office, Data Access Committee (PHSA TDO DAC)	Genome and transcriptome sequence data from a rhabdomyosarcoma, alveolar patient, generated as part of the BC Cancer Agency's Pediatric Personalized Onco-Genomics study	https://ega-archive.org/datasets/EGAD00001015318
EGAD00001015322	Genome and transcriptome sequence data from a metastatic malignant peripheral nerve sheath tumor tumor patient	1				controlled	2001-01-01	EGAP00001000045	BC Cancer, part of the Provincial Health Services Authority - Data Access Policy	EGAC00000000011	BC Cancer, part of the Provincial Health Services Authority, Technology Development Office, Data Access Committee (PHSA TDO DAC)	Genome and transcriptome sequence data from a metastatic malignant peripheral nerve sheath tumor patient, generated as part of the BC Cancer Agency's Pediatric Personalized Onco-Genomics study	https://ega-archive.org/datasets/EGAD00001015322
EGAD00001015323	Genome and transcriptome sequence data from a malignant rhabdoid tumor tumor patient	1				controlled	2001-01-01	EGAP00001000045	BC Cancer, part of the Provincial Health Services Authority - Data Access Policy	EGAC00000000011	BC Cancer, part of the Provincial Health Services Authority, Technology Development Office, Data Access Committee (PHSA TDO DAC)	Genome and transcriptome sequence data from a malignant rhabdoid tumor patient, generated as part of the BC Cancer Agency's Pediatric Personalized Onco-Genomics study	https://ega-archive.org/datasets/EGAD00001015323
EGAD00001015324	Genome and transcriptome sequence data from a embryonal rhabdomyosarcoma tumor patient	1				controlled	2001-01-01	EGAP00001000045	BC Cancer, part of the Provincial Health Services Authority - Data Access Policy	EGAC00000000011	BC Cancer, part of the Provincial Health Services Authority, Technology Development Office, Data Access Committee (PHSA TDO DAC)	Genome and transcriptome sequence data from a embryonal rhabdomyosarcoma patient, generated as part of the BC Cancer Agency's Pediatric Personalized Onco-Genomics study	https://ega-archive.org/datasets/EGAD00001015324
EGAD00001015329	Genome and transcriptome sequence data from a alveolar rhabdomyosarcoma tumor patient	1				controlled	2001-01-01	EGAP00001000045	BC Cancer, part of the Provincial Health Services Authority - Data Access Policy	EGAC00000000011	BC Cancer, part of the Provincial Health Services Authority, Technology Development Office, Data Access Committee (PHSA TDO DAC)	Genome and transcriptome sequence data from a alveolar rhabdomyosarcoma patient, generated as part of the BC Cancer Agency's Pediatric Personalized Onco-Genomics study	https://ega-archive.org/datasets/EGAD00001015329
EGAD00001015330	Genome and transcriptome sequence data from a embryonal rhabdomyosarcoma tumor patient	1				controlled	2001-01-01	EGAP00001000045	BC Cancer, part of the Provincial Health Services Authority - Data Access Policy	EGAC00000000011	BC Cancer, part of the Provincial Health Services Authority, Technology Development Office, Data Access Committee (PHSA TDO DAC)	Genome and transcriptome sequence data from a embryonal rhabdomyosarcoma patient, generated as part of the BC Cancer Agency's Pediatric Personalized Onco-Genomics study	https://ega-archive.org/datasets/EGAD00001015330
EGAD00001015332	Genome and transcriptome sequence data from a osteosarcoma tumor patient	1				controlled	2001-01-01	EGAP00001000045	BC Cancer, part of the Provincial Health Services Authority - Data Access Policy	EGAC00000000011	BC Cancer, part of the Provincial Health Services Authority, Technology Development Office, Data Access Committee (PHSA TDO DAC)	Genome and transcriptome sequence data from a osteosarcoma patient, generated as part of the BC Cancer Agency's Pediatric Personalized Onco-Genomics study	https://ega-archive.org/datasets/EGAD00001015332
EGAD00001015335	Genome and transcriptome sequence data from a rhabdomyosarcoma, alveolar tumor patient	1				controlled	2001-01-01	EGAP00001000045	BC Cancer, part of the Provincial Health Services Authority - Data Access Policy	EGAC00000000011	BC Cancer, part of the Provincial Health Services Authority, Technology Development Office, Data Access Committee (PHSA TDO DAC)	Genome and transcriptome sequence data from a rhabdomyosarcoma, alveolar patient, generated as part of the BC Cancer Agency's Pediatric Personalized Onco-Genomics study	https://ega-archive.org/datasets/EGAD00001015335
EGAD00001015338	Genome and transcriptome sequence data from a osteosarcoma tumor patient	1				controlled	2001-01-01	EGAP00001000045	BC Cancer, part of the Provincial Health Services Authority - Data Access Policy	EGAC00000000011	BC Cancer, part of the Provincial Health Services Authority, Technology Development Office, Data Access Committee (PHSA TDO DAC)	Genome and transcriptome sequence data from a osteosarcoma patient, generated as part of the BC Cancer Agency's Pediatric Personalized Onco-Genomics study	https://ega-archive.org/datasets/EGAD00001015338
EGAD00001015356	"FASTQ file for paper titled ""Discovery of immunotherapy targets for pediatric solid and brain tumors by exon-level expression"""	1		PacBio RS		controlled	2001-01-01	EGAP00001000051	DAC to obtain datasets submitted by St. Jude Children's Research Hospital - Washington University Pediatric Cancer Genome Project	EGAC00001000044	St. Jude Children’s Research Hospital – Washington University Pediatric Cancer Genome Project Steering Committee	This data set includes 27 full-length transcript sequence generated from PacBio IsoSeq that were used for verify the cancer-specific exons identified in three genes: FN1, COL6A3 and TNC. The data were generated from PDX models of osteosarcoma patients.	https://ega-archive.org/datasets/EGAD00001015356
EGAD00001015391	RNA-seq data of Metabolic profiling of patient-derived organoids reveals nucleotide synthesis as a metabolic vulnerability in malignant rhabdoid tumors	1		Illumina NovaSeq X	Transcriptome profiling by high-throughput sequencing	controlled	2001-01-01	EGAP00001001121	Data Access Agreement of data controlled by the Data Access Commitee of the Princess Maxima Center for Pediatric Oncology	EGAC00001001864	EGAC00001001864 - Data Access Committee Princess Maxima Center	Patient-matched normal kidney organoid (103H) and MRT tumoroid (103T2) models were treated for 24h with either DMSO (ctrl), 400nM MTX, or 50nM BAY to investigate the direct effects of drug treatment on the expression of key metabolic enzymes in the nucleotide biosynthesis pathways.	https://ega-archive.org/datasets/EGAD00001015391
EGAD00001015417	WXS dataset of Ewing and Ewing-like-sarcoma tumoroid biobank reveals distinct drug sensitivities: translocation makes the difference	1			Exome sequencing	controlled	2001-01-01	EGAP00001001121	Data Access Agreement of data controlled by the Data Access Commitee of the Princess Maxima Center for Pediatric Oncology	EGAC00001001864	EGAC00001001864 - Data Access Committee Princess Maxima Center	Creation of living organoid biobank for ewing and ewing-like sarcomas	https://ega-archive.org/datasets/EGAD00001015417
EGAD00001015419	RNA-seq dataset of Ewing and Ewing-like-sarcoma tumoroid biobank reveals distinct drug sensitivities: translocation makes the difference	1			Transcriptome profiling by high-throughput sequencing	controlled	2001-01-01	EGAP00001001121	Data Access Agreement of data controlled by the Data Access Commitee of the Princess Maxima Center for Pediatric Oncology	EGAC00001001864	EGAC00001001864 - Data Access Committee Princess Maxima Center	Creation of living organoid biobank for ewing and ewing-like sarcomas	https://ega-archive.org/datasets/EGAD00001015419
EGAD00001015502	The G2 gene expression signature and MYC overexpression are independent poor prognostic factors in childhood high-grade osteosarcoma	1			Transcriptome profiling by high-throughput sequencing	controlled	2001-01-01	EGAP00001001121	Data Access Agreement of data controlled by the Data Access Commitee of the Princess Maxima Center for Pediatric Oncology	EGAC00001001864	EGAC00001001864 - Data Access Committee Princess Maxima Center	Key objective Are the prognostic transcriptomic G1/G2 gene expression signature, MYC overexpression, and MYC amplification replicable stratifying biomarkers for future clinical trials in high-grade osteosarcoma? Knowledge gathered In an unselected cohort, the G2 gene expression signature and MYC overexpression, but not MYC amplification, were independently associated with poor event-free and overall survival. Relevance Transcriptomic biomarkers may serve as stratifying factors that guide the management of patients with high-grade osteosarcoma. Current data underlines the importance of prospect	https://ega-archive.org/datasets/EGAD00001015502
EGAD00001015503	The G2 gene expression signature and MYC overexpression are independent poor prognostic factors in childhood high-grade osteosarcoma	1			Exome sequencing	controlled	2001-01-01	EGAP00001001121	Data Access Agreement of data controlled by the Data Access Commitee of the Princess Maxima Center for Pediatric Oncology	EGAC00001001864	EGAC00001001864 - Data Access Committee Princess Maxima Center	Key objective Are the prognostic transcriptomic G1/G2 gene expression signature, MYC overexpression, and MYC amplification replicable stratifying biomarkers for future clinical trials in high-grade osteosarcoma? Knowledge gathered In an unselected cohort, the G2 gene expression signature and MYC overexpression, but not MYC amplification, were independently associated with poor event-free and overall survival. Relevance Transcriptomic biomarkers may serve as stratifying factors that guide the management of patients with high-grade osteosarcoma. Current data underlines the importance of prospect	https://ega-archive.org/datasets/EGAD00001015503
EGAD00001015583	Genome and transcriptome sequence data from a malignant peripheral nerve sheath tumor patient	1				controlled	2001-01-01	EGAP00001000045	BC Cancer, part of the Provincial Health Services Authority - Data Access Policy	EGAC00000000011	BC Cancer, part of the Provincial Health Services Authority, Technology Development Office, Data Access Committee (PHSA TDO DAC)	Genome and transcriptome sequence data from a malignant peripheral nerve sheath tumor patient,generated as part of the BC Cancer Agency's Personalized OncoGenomics (POG) study	https://ega-archive.org/datasets/EGAD00001015583
EGAD00001015844	Genome and transcriptome sequence data from a metastatic leiomyosarcoma patient	1				controlled	2001-01-01	EGAP00001000045	BC Cancer, part of the Provincial Health Services Authority - Data Access Policy	EGAC00000000011	BC Cancer, part of the Provincial Health Services Authority, Technology Development Office, Data Access Committee (PHSA TDO DAC)	Genome and transcriptome sequence data from a metastatic leiomyosarcoma patient,generated as part of the BC Cancer Agency's Personalized OncoGenomics (POG) study	https://ega-archive.org/datasets/EGAD00001015844
EGAD00001015854	Genome and transcriptome sequence data from a suspected radiation induced retroperitoneal sarcoma patient	1				controlled	2001-01-01	EGAP00001000045	BC Cancer, part of the Provincial Health Services Authority - Data Access Policy	EGAC00000000011	BC Cancer, part of the Provincial Health Services Authority, Technology Development Office, Data Access Committee (PHSA TDO DAC)	Genome and transcriptome sequence data from a suspected radiation induced retroperitoneal sarcoma patient,generated as part of the BC Cancer Agency's Personalized OncoGenomics (POG) study	https://ega-archive.org/datasets/EGAD00001015854
EGAD00001015862	Genome and transcriptome sequence data from a metastatic low grade stromal sarcoma endometrial cancer patient	1				controlled	2001-01-01	EGAP00001000045	BC Cancer, part of the Provincial Health Services Authority - Data Access Policy	EGAC00000000011	BC Cancer, part of the Provincial Health Services Authority, Technology Development Office, Data Access Committee (PHSA TDO DAC)	Genome and transcriptome sequence data from a metastatic low grade stromal sarcoma endometrial cancer patient,generated as part of the BC Cancer Agency's Personalized OncoGenomics (POG) study	https://ega-archive.org/datasets/EGAD00001015862
EGAD00001015863	Genome and transcriptome sequence data from a uterine leiomyosarcoma patient	1				controlled	2001-01-01	EGAP00001000045	BC Cancer, part of the Provincial Health Services Authority - Data Access Policy	EGAC00000000011	BC Cancer, part of the Provincial Health Services Authority, Technology Development Office, Data Access Committee (PHSA TDO DAC)	Genome and transcriptome sequence data from a uterine leiomyosarcoma patient,generated as part of the BC Cancer Agency's Personalized OncoGenomics (POG) study	https://ega-archive.org/datasets/EGAD00001015863
EGAD00001015882	Genome and transcriptome sequence data from a uterine leiomyosarcoma patient	1				controlled	2001-01-01	EGAP00001000045	BC Cancer, part of the Provincial Health Services Authority - Data Access Policy	EGAC00000000011	BC Cancer, part of the Provincial Health Services Authority, Technology Development Office, Data Access Committee (PHSA TDO DAC)	Genome and transcriptome sequence data from a uterine leiomyosarcoma patient,generated as part of the BC Cancer Agency's Personalized OncoGenomics (POG) study	https://ega-archive.org/datasets/EGAD00001015882
EGAD00001015888	Genome and transcriptome sequence data from a metastatic osteosarcoma patient	1				controlled	2001-01-01	EGAP00001000045	BC Cancer, part of the Provincial Health Services Authority - Data Access Policy	EGAC00000000011	BC Cancer, part of the Provincial Health Services Authority, Technology Development Office, Data Access Committee (PHSA TDO DAC)	Genome and transcriptome sequence data from a metastatic osteosarcoma patient,generated as part of the BC Cancer Agency's Personalized OncoGenomics (POG) study	https://ega-archive.org/datasets/EGAD00001015888
EGAD00001015912	Genome and transcriptome sequence data from a metastatic uterine leiomyosarcoma patient	1				controlled	2001-01-01	EGAP00001000045	BC Cancer, part of the Provincial Health Services Authority - Data Access Policy	EGAC00000000011	BC Cancer, part of the Provincial Health Services Authority, Technology Development Office, Data Access Committee (PHSA TDO DAC)	Genome and transcriptome sequence data from a metastatic uterine leiomyosarcoma patient,generated as part of the BC Cancer Agency's Personalized OncoGenomics (POG) study	https://ega-archive.org/datasets/EGAD00001015912
EGAD00001015933	Genome and transcriptome sequence data from a recurrent salivary gland (myoepithelial carcinoma) patient	1				controlled	2001-01-01	EGAP00001000045	BC Cancer, part of the Provincial Health Services Authority - Data Access Policy	EGAC00000000011	BC Cancer, part of the Provincial Health Services Authority, Technology Development Office, Data Access Committee (PHSA TDO DAC)	Genome and transcriptome sequence data from a recurrent salivary gland (myoepithelial carcinoma) patient,generated as part of the BC Cancer Agency's Personalized OncoGenomics (POG) study	https://ega-archive.org/datasets/EGAD00001015933
EGAD00001015934	Genome and transcriptome sequence data from a metastatic osteosarcoma patient	1				controlled	2001-01-01	EGAP00001000045	BC Cancer, part of the Provincial Health Services Authority - Data Access Policy	EGAC00000000011	BC Cancer, part of the Provincial Health Services Authority, Technology Development Office, Data Access Committee (PHSA TDO DAC)	Genome and transcriptome sequence data from a metastatic osteosarcoma patient,generated as part of the BC Cancer Agency's Personalized OncoGenomics (POG) study	https://ega-archive.org/datasets/EGAD00001015934
EGAD00001015945	Genome and transcriptome sequence data from a histiocytic sarcoma patient	1				controlled	2001-01-01	EGAP00001000045	BC Cancer, part of the Provincial Health Services Authority - Data Access Policy	EGAC00000000011	BC Cancer, part of the Provincial Health Services Authority, Technology Development Office, Data Access Committee (PHSA TDO DAC)	Genome and transcriptome sequence data from a histiocytic sarcoma patient,generated as part of the BC Cancer Agency's Personalized OncoGenomics (POG) study	https://ega-archive.org/datasets/EGAD00001015945
EGAD00001015951	Genome and transcriptome sequence data from a osteosarcoma patient	1				controlled	2001-01-01	EGAP00001000045	BC Cancer, part of the Provincial Health Services Authority - Data Access Policy	EGAC00000000011	BC Cancer, part of the Provincial Health Services Authority, Technology Development Office, Data Access Committee (PHSA TDO DAC)	Genome and transcriptome sequence data from a osteosarcoma patient,generated as part of the BC Cancer Agency's Personalized OncoGenomics (POG) study	https://ega-archive.org/datasets/EGAD00001015951
EGAD00001015959	Genome and transcriptome sequence data from a osteosarcoma patient	1				controlled	2001-01-01	EGAP00001000045	BC Cancer, part of the Provincial Health Services Authority - Data Access Policy	EGAC00000000011	BC Cancer, part of the Provincial Health Services Authority, Technology Development Office, Data Access Committee (PHSA TDO DAC)	Genome and transcriptome sequence data from a osteosarcoma patient,generated as part of the BC Cancer Agency's Personalized OncoGenomics (POG) study	https://ega-archive.org/datasets/EGAD00001015959
EGAD00001015968	Genome and transcriptome sequence data from a osteosarcoma patient	1				controlled	2001-01-01	EGAP00001000045	BC Cancer, part of the Provincial Health Services Authority - Data Access Policy	EGAC00000000011	BC Cancer, part of the Provincial Health Services Authority, Technology Development Office, Data Access Committee (PHSA TDO DAC)	Genome and transcriptome sequence data from a osteosarcoma patient,generated as part of the BC Cancer Agency's Personalized OncoGenomics (POG) study	https://ega-archive.org/datasets/EGAD00001015968
EGAD00001015978	Genome and transcriptome sequence data from a radiation induced sarcoma patient	1				controlled	2001-01-01	EGAP00001000045	BC Cancer, part of the Provincial Health Services Authority - Data Access Policy	EGAC00000000011	BC Cancer, part of the Provincial Health Services Authority, Technology Development Office, Data Access Committee (PHSA TDO DAC)	Genome and transcriptome sequence data from a radiation induced sarcoma patient,generated as part of the BC Cancer Agency's Personalized OncoGenomics (POG) study	https://ega-archive.org/datasets/EGAD00001015978
EGAD00001015979	Genome and transcriptome sequence data from a dedifferentiated uterine leiomyosarcoma patient	1				controlled	2001-01-01	EGAP00001000045	BC Cancer, part of the Provincial Health Services Authority - Data Access Policy	EGAC00000000011	BC Cancer, part of the Provincial Health Services Authority, Technology Development Office, Data Access Committee (PHSA TDO DAC)	Genome and transcriptome sequence data from a dedifferentiated uterine leiomyosarcoma patient,generated as part of the BC Cancer Agency's Personalized OncoGenomics (POG) study	https://ega-archive.org/datasets/EGAD00001015979
EGAD00001015985	Genome and transcriptome sequence data from a synovial sarcoma patient	1				controlled	2001-01-01	EGAP00001000045	BC Cancer, part of the Provincial Health Services Authority - Data Access Policy	EGAC00000000011	BC Cancer, part of the Provincial Health Services Authority, Technology Development Office, Data Access Committee (PHSA TDO DAC)	Genome and transcriptome sequence data from a synovial sarcoma patient,generated as part of the BC Cancer Agency's Personalized OncoGenomics (POG) study	https://ega-archive.org/datasets/EGAD00001015985
EGAD00001015986	Genome and transcriptome sequence data from a right proximal humerus osteosarcoma patient	1				controlled	2001-01-01	EGAP00001000045	BC Cancer, part of the Provincial Health Services Authority - Data Access Policy	EGAC00000000011	BC Cancer, part of the Provincial Health Services Authority, Technology Development Office, Data Access Committee (PHSA TDO DAC)	Genome and transcriptome sequence data from a right proximal humerus osteosarcoma patient,generated as part of the BC Cancer Agency's Personalized OncoGenomics (POG) study	https://ega-archive.org/datasets/EGAD00001015986
EGAD00001015989	Genome and transcriptome sequence data from a metastatic solitary fibrous tumour of the left proximal thigh patient	1				controlled	2001-01-01	EGAP00001000045	BC Cancer, part of the Provincial Health Services Authority - Data Access Policy	EGAC00000000011	BC Cancer, part of the Provincial Health Services Authority, Technology Development Office, Data Access Committee (PHSA TDO DAC)	Genome and transcriptome sequence data from a metastatic solitary fibrous tumour of the left proximal thigh patient,generated as part of the BC Cancer Agency's Personalized OncoGenomics (POG) study	https://ega-archive.org/datasets/EGAD00001015989
EGAD00001015995	Genome and transcriptome sequence data from a metastatic chordoma of the c-spine patient	1				controlled	2001-01-01	EGAP00001000045	BC Cancer, part of the Provincial Health Services Authority - Data Access Policy	EGAC00000000011	BC Cancer, part of the Provincial Health Services Authority, Technology Development Office, Data Access Committee (PHSA TDO DAC)	Genome and transcriptome sequence data from a metastatic chordoma of the c-spine patient,generated as part of the BC Cancer Agency's Personalized OncoGenomics (POG) study	https://ega-archive.org/datasets/EGAD00001015995
EGAD00001016000	Genome and transcriptome sequence data from a epitheloid angiosarcoma of bone patient	1				controlled	2001-01-01	EGAP00001000045	BC Cancer, part of the Provincial Health Services Authority - Data Access Policy	EGAC00000000011	BC Cancer, part of the Provincial Health Services Authority, Technology Development Office, Data Access Committee (PHSA TDO DAC)	Genome and transcriptome sequence data from a epitheloid angiosarcoma of bone patient,generated as part of the BC Cancer Agency's Personalized OncoGenomics (POG) study	https://ega-archive.org/datasets/EGAD00001016000
EGAD00001016008	Genome and transcriptome sequence data from a dedifferentiated liposarcoma patient	1				controlled	2001-01-01	EGAP00001000045	BC Cancer, part of the Provincial Health Services Authority - Data Access Policy	EGAC00000000011	BC Cancer, part of the Provincial Health Services Authority, Technology Development Office, Data Access Committee (PHSA TDO DAC)	Genome and transcriptome sequence data from a dedifferentiated liposarcoma patient,generated as part of the BC Cancer Agency's Personalized OncoGenomics (POG) study	https://ega-archive.org/datasets/EGAD00001016008
EGAD00001016009	Genome and transcriptome sequence data from a sclerosing epithelioid fibrosarcoma patient	1				controlled	2001-01-01	EGAP00001000045	BC Cancer, part of the Provincial Health Services Authority - Data Access Policy	EGAC00000000011	BC Cancer, part of the Provincial Health Services Authority, Technology Development Office, Data Access Committee (PHSA TDO DAC)	Genome and transcriptome sequence data from a sclerosing epithelioid fibrosarcoma patient,generated as part of the BC Cancer Agency's Personalized OncoGenomics (POG) study	https://ega-archive.org/datasets/EGAD00001016009
EGAD00001016011	Genome and transcriptome sequence data from a ewing sarcoma patient	1				controlled	2001-01-01	EGAP00001000045	BC Cancer, part of the Provincial Health Services Authority - Data Access Policy	EGAC00000000011	BC Cancer, part of the Provincial Health Services Authority, Technology Development Office, Data Access Committee (PHSA TDO DAC)	Genome and transcriptome sequence data from a ewing sarcoma patient,generated as part of the BC Cancer Agency's Personalized OncoGenomics (POG) study	https://ega-archive.org/datasets/EGAD00001016011
EGAD00001016017	Genome and transcriptome sequence data from a radiation induced sarcoma patient	1				controlled	2001-01-01	EGAP00001000045	BC Cancer, part of the Provincial Health Services Authority - Data Access Policy	EGAC00000000011	BC Cancer, part of the Provincial Health Services Authority, Technology Development Office, Data Access Committee (PHSA TDO DAC)	Genome and transcriptome sequence data from a radiation induced sarcoma patient,generated as part of the BC Cancer Agency's Personalized OncoGenomics (POG) study	https://ega-archive.org/datasets/EGAD00001016017
EGAD00001016030	Genome and transcriptome sequence data from a metastatic extra skeletal myxoid chondrosarcoma patient	1				controlled	2001-01-01	EGAP00001000045	BC Cancer, part of the Provincial Health Services Authority - Data Access Policy	EGAC00000000011	BC Cancer, part of the Provincial Health Services Authority, Technology Development Office, Data Access Committee (PHSA TDO DAC)	Genome and transcriptome sequence data from a metastatic extra skeletal myxoid chondrosarcoma patient,generated as part of the BC Cancer Agency's Personalized OncoGenomics (POG) study	https://ega-archive.org/datasets/EGAD00001016030
EGAD00001016035	Genome and transcriptome sequence data from a solitary fibrous metastatic tumor patient	1				controlled	2001-01-01	EGAP00001000045	BC Cancer, part of the Provincial Health Services Authority - Data Access Policy	EGAC00000000011	BC Cancer, part of the Provincial Health Services Authority, Technology Development Office, Data Access Committee (PHSA TDO DAC)	Genome and transcriptome sequence data from a solitary fibrous metastatic tumor patient,generated as part of the BC Cancer Agency's Personalized OncoGenomics (POG) study	https://ega-archive.org/datasets/EGAD00001016035
EGAD00001016036	Genome and transcriptome sequence data from a leiomyosarcoma patient	1				controlled	2001-01-01	EGAP00001000045	BC Cancer, part of the Provincial Health Services Authority - Data Access Policy	EGAC00000000011	BC Cancer, part of the Provincial Health Services Authority, Technology Development Office, Data Access Committee (PHSA TDO DAC)	Genome and transcriptome sequence data from a leiomyosarcoma patient,generated as part of the BC Cancer Agency's Personalized OncoGenomics (POG) study	https://ega-archive.org/datasets/EGAD00001016036
EGAD00001016042	Genome and transcriptome sequence data from a mandible osteosarcoma patient	1				controlled	2001-01-01	EGAP00001000045	BC Cancer, part of the Provincial Health Services Authority - Data Access Policy	EGAC00000000011	BC Cancer, part of the Provincial Health Services Authority, Technology Development Office, Data Access Committee (PHSA TDO DAC)	Genome and transcriptome sequence data from a mandible osteosarcoma patient,generated as part of the BC Cancer Agency's Personalized OncoGenomics (POG) study	https://ega-archive.org/datasets/EGAD00001016042
EGAD00001016100	Genome and transcriptome sequence data from a metastatic undifferentiated pleomorphic sarcoma patient	1				controlled	2001-01-01	EGAP00001000045	BC Cancer, part of the Provincial Health Services Authority - Data Access Policy	EGAC00000000011	BC Cancer, part of the Provincial Health Services Authority, Technology Development Office, Data Access Committee (PHSA TDO DAC)	Genome and transcriptome sequence data from a metastatic undifferentiated pleomorphic sarcoma patient,generated as part of the BC Cancer Agency's Personalized OncoGenomics (POG) study	https://ega-archive.org/datasets/EGAD00001016100
EGAD00001000265	Chondrosarcoma Targeted Sequencing Study	0		Illumina HiSeq 2000		controlled	2017-05-17	EGAP00001000001	Wellcome Trust Sanger Institute Cancer Genome Group Data Sharing Policy	EGAC00001000000	WTSI CGP Data access committee	This Study uses a focused bespoke bait pull down library method to target findings of Chondrosarcoma whole genome and whole exome sequencing studies in order to validate findings. This method will also be used on a larger set of tumour only samples in order to find precedence of these findings in a larger set of patient samples.	https://ega-archive.org/datasets/EGAD00001000265
EGAD00001003998	Whole genome sequencing on ATRTs (Atypical teratoid rhabdoid tumours)	0		Illumina HiSeq 2000	Whole genome sequencing	controlled	2001-01-01	EGAP00001000290	Policy Agreement for Access to ATRT Array Data	EGAC00001000306	Data access agreement for ATRT		https://ega-archive.org/datasets/EGAD00001003998
EGAD00001004107	RNA sequencing and whole-genome mate-pair sequencing of osteosarcoma	0		NextSeq 500	Transcriptome profiling by high-throughput sequencing Whole genome sequencing	controlled	2001-01-01	EGAP00001000872	Data access policy for RNAseq and matepair data.	EGAC00001000900	DNA mate pair and RNAseq data of conventional osteosarcomas Data Access Committee	The data set contains BAM files generated from RNA sequencing of 36 osteosarcomas, 7 giant cell tumors of bone, 5 chordomas, and 14 osteoblastomas. All samples were prepared using the Illumina TruSeq RNA library prep v2 kit and sequenced (paired end reads, 151bp long) on a NextSeq 500. It also contains BAM files generated from whole-genome mate pair sequencing of the above 36 osteosarcomas plus an additional independent series of 37 osteosarcomas. All samples were prepared using the Illumina Nextera mate pair library prep kit and sequenced (paired end reads, 76bp long) on a NextSeq 500.	https://ega-archive.org/datasets/EGAD00001004107
EGAD00001004883	Whole exome sequencing of human and mouse sarcoma samples for personalized therapy	0		Illumina HiSeq 4000	Exome sequencing	controlled	2001-01-01	EGAP00001001140	Data users should make every attempt to keep sensitive human data secure, and to not attempt to determine identifying information about de-identified human pati	EGAC00001001160	Children's Cancer Therapy Development Institute Data Access Commitee	Whole exome sequencing data from human epithelioid sarcoma sample and matched normal sample. Additionally, matched tumor and normal whole exome sequencing data from genetically-engineered mouse model of Pax3-Fox01 alveolar rhabdomyosarcoma.	https://ega-archive.org/datasets/EGAD00001004883
EGAD00001005752	RNA sequencing of osteosarcoma from patients seen at UT MD Anderson Cancer Center.	0		Illumina HiSeq 2000	Transcriptome profiling by high-throughput sequencing	controlled	2001-01-01	EGAP00001001320	UT MD Anderson Cancer Center Department of Genomic Medicine Data Access Agreement	EGAC00001001328	Osteosarcoma Data Access Committee	"This dataset includes transcriptome sequencing of osteosarcoma patients (primary, relapsed, and metastatic). Those sequenced with the NuGEN Ovation Ultralow Library System V2 ""R1"" include matched normals. The second subset ""R2"" was sequenced with Agilent SureSelectXT RNA Direct. Both subsets are were paired-end libraries sequenced on the Illumina HiSeq 2000."	https://ega-archive.org/datasets/EGAD00001005752
EGAD00001005988	Comprehensive analysis of genomes and transcriptomes reveals the potential mechanism and targets of low-grade myofibroblastic sarcoma	0		HiSeq X Ten Illumina HiSeq 4000		controlled	2001-01-01	EGAP00001000586	Agreement for accessing data of NGS based ctDNA tests	EGAC00001000598	Agreement for accessing data of NGS based ctDNA tests	Low-grade myofibroblastic sarcoma (LGMS) is a rare type of tumor, whose molecular mechanism has not been fully elucidated. In a progressive LGMS case, we found that apatinib significantly improved the patient’ss' quality of life and survival. MethodsWe extracted tumor tissue and matched adjacent normal tissues from an LGMS patients, which were subjectedwholesubjected to whole- exomen sequencing (WES) and RNA-sequence sequencing (RNA-seq). Annotating The genes were annotated for genomic and transcript mutations, displaying genes for transcriptional disorders mediated by genomic variation. Genom	https://ega-archive.org/datasets/EGAD00001005988
EGAD00001006378	RNAseq for pulmonary sarcomatoid carcinoma	0		HiSeq X Ten	Transcriptome profiling by high-throughput sequencing	controlled	2001-01-01	EGAP00001001696	The datasets are under controlled access, and the chosen DAC determine access permissions.	EGAC00001001722	Pulmonary Sarcomatoid Carcinoma Team Data Access Committee	RNAseq on Illumina HiSeq X Ten of pulmonary sarcomatoid carcinoma	https://ega-archive.org/datasets/EGAD00001006378
EGAD00001007721	WGS from 10 malignant peripheral nerve sheat tumors (MPNST)	0		Complete Genomics	Whole genome sequencing	controlled	2001-01-01	EGAP00001002137	Data Acces Policy for the MPNST Genomics Data Access Committee	EGAC00001002138	MPNST Genomics Data Access Comitee	WGS from 10 malignant peripheral nerve sheat tumors (MPNST) sequenced at the BGI. Primary MPSNTs were prepared following standard DNBseq protocols, sequenced in a BGISEQ-500 to a median of 881 million 150bp paired-end reads	https://ega-archive.org/datasets/EGAD00001007721
EGAD00001009107	WGS files for Roussel-ATRT-TM	0		Illumina HiSeq 2000		controlled	2001-01-01	EGAP00001000051	DAC to obtain datasets submitted by St. Jude Children's Research Hospital - Washington University Pediatric Cancer Genome Project	EGAC00001000044	St. Jude Children’s Research Hospital – Washington University Pediatric Cancer Genome Project Steering Committee	"WGS files for Roussel-ATRT-TM paper titled ""Atypical teratoid/ rhabdoid tumoroids reveal subgroup-specific drug vulnerabilities"""	https://ega-archive.org/datasets/EGAD00001009107
EGAD00001015253	WGS files for Roussel-ATRTPIS	0		Illumina HiSeq 2000		controlled	2001-01-01	EGAP00001000051	DAC to obtain datasets submitted by St. Jude Children's Research Hospital - Washington University Pediatric Cancer Genome Project	EGAC00001000044	St. Jude Children’s Research Hospital – Washington University Pediatric Cancer Genome Project Steering Committee	"WGS files for paper titled ""Targeting the p53 pathway to treat Malignant Rhabdoid and High-Risk Atypical Teratoid Rhabdoid Tumors"""	https://ega-archive.org/datasets/EGAD00001015253
EGAD00001015254	RNASeq files for Roussel-ATRTPIS	0		Illumina HiSeq 2000		controlled	2001-01-01	EGAP00001000051	DAC to obtain datasets submitted by St. Jude Children's Research Hospital - Washington University Pediatric Cancer Genome Project	EGAC00001000044	St. Jude Children’s Research Hospital – Washington University Pediatric Cancer Genome Project Steering Committee	"RNASeq files for paper titled ""Targeting the p53 pathway to treat Malignant Rhabdoid and High-Risk Atypical Teratoid Rhabdoid Tumors"""	https://ega-archive.org/datasets/EGAD00001015254
EGAD00001015398	Cancer-independent, second somatic NF1 mutation of normal tissues in neurofibromatosis type 1	0		Illumina NovaSeq 6000		controlled	2001-01-01	EGAP00001000001	Wellcome Trust Sanger Institute Cancer Genome Group Data Sharing Policy	EGAC00001000000	WTSI CGP Data access committee	Cancer predisposition syndromes mediated by recessive cancer genes generate tumours via somatic variants (second hits) in the unaffected allele. Second hits may or may not be sufficient for neoplastic transformation. Here, we performed whole genome and exome sequencing on 479 tissue biopsies from a child with neurofibromatosis type 1, a multi-system cancer-predisposing syndrome mediated by constitutive monoallelic NF1 inactivation. We identified multiple independent NF1 driver variants in histologically normal tissues, but not in 610 biopsies from two non-predisposed children. We corroborated	https://ega-archive.org/datasets/EGAD00001015398
EGAD00001015558	Genome and transcriptome sequence data from a clear cell sarcoma patient	0				controlled	2001-01-01	EGAP00001000045	BC Cancer, part of the Provincial Health Services Authority - Data Access Policy	EGAC00000000011	BC Cancer, part of the Provincial Health Services Authority, Technology Development Office, Data Access Committee (PHSA TDO DAC)	Genome and transcriptome sequence data from a clear cell sarcoma patient,generated as part of the BC Cancer Agency's Personalized OncoGenomics (POG) study	https://ega-archive.org/datasets/EGAD00001015558
EGAD00001015562	Genome and transcriptome sequence data from a chondrosarcoma patient	0				controlled	2001-01-01	EGAP00001000045	BC Cancer, part of the Provincial Health Services Authority - Data Access Policy	EGAC00000000011	BC Cancer, part of the Provincial Health Services Authority, Technology Development Office, Data Access Committee (PHSA TDO DAC)	Genome and transcriptome sequence data from a chondrosarcoma patient,generated as part of the BC Cancer Agency's Personalized OncoGenomics (POG) study	https://ega-archive.org/datasets/EGAD00001015562
EGAD00001015574	Genome and transcriptome sequence data from a sarcoma patient	0				controlled	2001-01-01	EGAP00001000045	BC Cancer, part of the Provincial Health Services Authority - Data Access Policy	EGAC00000000011	BC Cancer, part of the Provincial Health Services Authority, Technology Development Office, Data Access Committee (PHSA TDO DAC)	Genome and transcriptome sequence data from a sarcoma patient,generated as part of the BC Cancer Agency's Personalized OncoGenomics (POG) study	https://ega-archive.org/datasets/EGAD00001015574
EGAD00001015584	Genome and transcriptome sequence data from a osteosarcoma patient	0				controlled	2001-01-01	EGAP00001000045	BC Cancer, part of the Provincial Health Services Authority - Data Access Policy	EGAC00000000011	BC Cancer, part of the Provincial Health Services Authority, Technology Development Office, Data Access Committee (PHSA TDO DAC)	Genome and transcriptome sequence data from a osteosarcoma patient,generated as part of the BC Cancer Agency's Personalized OncoGenomics (POG) study	https://ega-archive.org/datasets/EGAD00001015584
EGAD00001015643	Dataset for whole genome and transcriptome sequencing of blood and sarcoma cells	0		Illumina NovaSeq 6000	Transcriptome profiling by high-throughput sequencing Whole genome sequencing	controlled	2001-01-01	EGAP00001000441	Data Transfer Agreement for the German Cancer Research Center	EGAC00001000452	DKFZ-HIPO Data Access Committee of Heidelberg Center for Personalized Oncology	This dataset contains whole genome sequencing for 8 samples and transcriptome sequencing for 4 samples. The sequencing was performed on Illumina NovaSeq 6000. The sequencing was always paired.	https://ega-archive.org/datasets/EGAD00001015643
EGAD00001015655	Spatial transcriptomics profiling of 4 formalin-fixed paraffin-embedded (FFPE) malignant rhabdoid tumor samples	0		Illumina NovaSeq 6000		controlled	2001-01-01	EGAP00001000262	BC Cancer, part of the Provincial Health Services Authority - Data Access Policy	EGAC00000000011	BC Cancer, part of the Provincial Health Services Authority, Technology Development Office, Data Access Committee (PHSA TDO DAC)	Spatial transcriptomics profiling of 4 formalin-fixed paraffin-embedded (FFPE) malignant rhabdoid tumor samples obtained from BC Children's Hospital using the Bruker Spatial Biology/NanoString GeoMx Human Whole Transcriptome Atlas	https://ega-archive.org/datasets/EGAD00001015655
EGAD00001015814	Dataset for Transcriptomic sequencing of alveolar rhabdomyosarcoma samples	0		Illumina NovaSeq 6000	Transcriptome profiling by high-throughput sequencing	controlled	2001-01-01	EGAP00001003704	DAP for EGAC00001003621	EGAC00001003621	"DAC for ""EPICYCLE: a confirmatory preclinical study of the anti-rhabdomyosarcoma efficacy of BET bromodomain and cyclin-dependent kinase 9 inhibitors"" with Dr."	Dataset for transcriptomic sequencing of 20 alveolar rhabdomyosarcoma samples to conduct a hypothesis-driven academic research identifies candidate interventions with likely disease-specific effect. The sequencing was performed on Illumina NovaSeq 6000. The sequencing was always paired.	https://ega-archive.org/datasets/EGAD00001015814
EGAD00001016202	Genome and transcriptome sequence data from a leiomyosarcoma patient	0				controlled		EGAP00001000045	BC Cancer, part of the Provincial Health Services Authority - Data Access Policy	EGAC00000000011	BC Cancer, part of the Provincial Health Services Authority, Technology Development Office, Data Access Committee (PHSA TDO DAC)	Genome and transcriptome sequence data from a leiomyosarcoma patient,generated as part of the BC Cancer Agency's Personalized OncoGenomics (POG) study	https://ega-archive.org/datasets/EGAD00001016202
EGAD00001016204	Genome and transcriptome sequence data from a chondrosarcoma (lung) patient	0				controlled		EGAP00001000045	BC Cancer, part of the Provincial Health Services Authority - Data Access Policy	EGAC00000000011	BC Cancer, part of the Provincial Health Services Authority, Technology Development Office, Data Access Committee (PHSA TDO DAC)	Genome and transcriptome sequence data from a chondrosarcoma (lung) patient,generated as part of the BC Cancer Agency's Personalized OncoGenomics (POG) study	https://ega-archive.org/datasets/EGAD00001016204
EGAD00001016206	Genome and transcriptome sequence data from a metastatic uterine leiomyosarcoma patient	0				controlled		EGAP00001000045	BC Cancer, part of the Provincial Health Services Authority - Data Access Policy	EGAC00000000011	BC Cancer, part of the Provincial Health Services Authority, Technology Development Office, Data Access Committee (PHSA TDO DAC)	Genome and transcriptome sequence data from a metastatic uterine leiomyosarcoma patient,generated as part of the BC Cancer Agency's Personalized OncoGenomics (POG) study	https://ega-archive.org/datasets/EGAD00001016206
EGAD00001016208	Genome and transcriptome sequence data from a duodenal gist patient	0				controlled		EGAP00001000045	BC Cancer, part of the Provincial Health Services Authority - Data Access Policy	EGAC00000000011	BC Cancer, part of the Provincial Health Services Authority, Technology Development Office, Data Access Committee (PHSA TDO DAC)	Genome and transcriptome sequence data from a duodenal gist patient,generated as part of the BC Cancer Agency's Personalized OncoGenomics (POG) study	https://ega-archive.org/datasets/EGAD00001016208
EGAD00001016217	Genome and transcriptome sequence data from a metastatic uterine leiomyosarcoma patient	0				controlled		EGAP00001000045	BC Cancer, part of the Provincial Health Services Authority - Data Access Policy	EGAC00000000011	BC Cancer, part of the Provincial Health Services Authority, Technology Development Office, Data Access Committee (PHSA TDO DAC)	Genome and transcriptome sequence data from a metastatic uterine leiomyosarcoma patient,generated as part of the BC Cancer Agency's Personalized OncoGenomics (POG) study	https://ega-archive.org/datasets/EGAD00001016217
EGAD00001016230	Genome and transcriptome sequence data from a dermatofibrosarcoma with fibrosarcomatous transformation patient	0				controlled		EGAP00001000045	BC Cancer, part of the Provincial Health Services Authority - Data Access Policy	EGAC00000000011	BC Cancer, part of the Provincial Health Services Authority, Technology Development Office, Data Access Committee (PHSA TDO DAC)	Genome and transcriptome sequence data from a dermatofibrosarcoma with fibrosarcomatous transformation patient,generated as part of the BC Cancer Agency's Personalized OncoGenomics (POG) study	https://ega-archive.org/datasets/EGAD00001016230
EGAD00001016234	Genome and transcriptome sequence data from a leiomyosarcoma patient	0				controlled		EGAP00001000045	BC Cancer, part of the Provincial Health Services Authority - Data Access Policy	EGAC00000000011	BC Cancer, part of the Provincial Health Services Authority, Technology Development Office, Data Access Committee (PHSA TDO DAC)	Genome and transcriptome sequence data from a leiomyosarcoma patient,generated as part of the BC Cancer Agency's Personalized OncoGenomics (POG) study	https://ega-archive.org/datasets/EGAD00001016234
EGAD00001016243	Genome and transcriptome sequence data from a desmoplastic small round cell sarcoma patient	0				controlled		EGAP00001000045	BC Cancer, part of the Provincial Health Services Authority - Data Access Policy	EGAC00000000011	BC Cancer, part of the Provincial Health Services Authority, Technology Development Office, Data Access Committee (PHSA TDO DAC)	Genome and transcriptome sequence data from a desmoplastic small round cell sarcoma patient,generated as part of the BC Cancer Agency's Personalized OncoGenomics (POG) study	https://ega-archive.org/datasets/EGAD00001016243
EGAD00001016246	Genome and transcriptome sequence data from a ewing sarcoma patient	0				controlled		EGAP00001000045	BC Cancer, part of the Provincial Health Services Authority - Data Access Policy	EGAC00000000011	BC Cancer, part of the Provincial Health Services Authority, Technology Development Office, Data Access Committee (PHSA TDO DAC)	Genome and transcriptome sequence data from a ewing sarcoma patient,generated as part of the BC Cancer Agency's Personalized OncoGenomics (POG) study	https://ega-archive.org/datasets/EGAD00001016246
EGAD00001016247	Genome and transcriptome sequence data from a right thigh myxofibrosarcoma patient	0				controlled		EGAP00001000045	BC Cancer, part of the Provincial Health Services Authority - Data Access Policy	EGAC00000000011	BC Cancer, part of the Provincial Health Services Authority, Technology Development Office, Data Access Committee (PHSA TDO DAC)	Genome and transcriptome sequence data from a right thigh myxofibrosarcoma patient,generated as part of the BC Cancer Agency's Personalized OncoGenomics (POG) study	https://ega-archive.org/datasets/EGAD00001016247
EGAD00001016258	Genome and transcriptome sequence data from a metastatic undifferentiated pleomorphic sarcoma patient	0				controlled		EGAP00001000045	BC Cancer, part of the Provincial Health Services Authority - Data Access Policy	EGAC00000000011	BC Cancer, part of the Provincial Health Services Authority, Technology Development Office, Data Access Committee (PHSA TDO DAC)	Genome and transcriptome sequence data from a metastatic undifferentiated pleomorphic sarcoma patient,generated as part of the BC Cancer Agency's Personalized OncoGenomics (POG) study	https://ega-archive.org/datasets/EGAD00001016258
EGAD00001016279	Genome and transcriptome sequence data from a poorly differentiated pleomorphic sarcoma, high grade patient	0				controlled		EGAP00001000045	BC Cancer, part of the Provincial Health Services Authority - Data Access Policy	EGAC00000000011	BC Cancer, part of the Provincial Health Services Authority, Technology Development Office, Data Access Committee (PHSA TDO DAC)	Genome and transcriptome sequence data from a poorly differentiated pleomorphic sarcoma, high grade patient,generated as part of the BC Cancer Agency's Personalized OncoGenomics (POG) study	https://ega-archive.org/datasets/EGAD00001016279
EGAD00001016280	Genome and transcriptome sequence data from a metastatic leiomyosarcoma patient	0				controlled		EGAP00001000045	BC Cancer, part of the Provincial Health Services Authority - Data Access Policy	EGAC00000000011	BC Cancer, part of the Provincial Health Services Authority, Technology Development Office, Data Access Committee (PHSA TDO DAC)	Genome and transcriptome sequence data from a metastatic leiomyosarcoma patient,generated as part of the BC Cancer Agency's Personalized OncoGenomics (POG) study	https://ega-archive.org/datasets/EGAD00001016280
EGAD00001016283	Genome and transcriptome sequence data from a metastatic uterine pecoma patient	0				controlled		EGAP00001000045	BC Cancer, part of the Provincial Health Services Authority - Data Access Policy	EGAC00000000011	BC Cancer, part of the Provincial Health Services Authority, Technology Development Office, Data Access Committee (PHSA TDO DAC)	Genome and transcriptome sequence data from a metastatic uterine pecoma patient,generated as part of the BC Cancer Agency's Personalized OncoGenomics (POG) study	https://ega-archive.org/datasets/EGAD00001016283
EGAD00001016286	Genome and transcriptome sequence data from a metastatic leiomyosarcoma patient	0				controlled		EGAP00001000045	BC Cancer, part of the Provincial Health Services Authority - Data Access Policy	EGAC00000000011	BC Cancer, part of the Provincial Health Services Authority, Technology Development Office, Data Access Committee (PHSA TDO DAC)	Genome and transcriptome sequence data from a metastatic leiomyosarcoma patient,generated as part of the BC Cancer Agency's Personalized OncoGenomics (POG) study	https://ega-archive.org/datasets/EGAD00001016286
EGAD00001016300	Genome and transcriptome sequence data from a angiosarcoma patient	0				controlled		EGAP00001000045	BC Cancer, part of the Provincial Health Services Authority - Data Access Policy	EGAC00000000011	BC Cancer, part of the Provincial Health Services Authority, Technology Development Office, Data Access Committee (PHSA TDO DAC)	Genome and transcriptome sequence data from a angiosarcoma patient,generated as part of the BC Cancer Agency's Personalized OncoGenomics (POG) study	https://ega-archive.org/datasets/EGAD00001016300
EGAD00001016303	Genome and transcriptome sequence data from a poorly differentiated chordoma patient	0				controlled		EGAP00001000045	BC Cancer, part of the Provincial Health Services Authority - Data Access Policy	EGAC00000000011	BC Cancer, part of the Provincial Health Services Authority, Technology Development Office, Data Access Committee (PHSA TDO DAC)	Genome and transcriptome sequence data from a poorly differentiated chordoma patient,generated as part of the BC Cancer Agency's Personalized OncoGenomics (POG) study	https://ega-archive.org/datasets/EGAD00001016303
EGAD00001016311	Genome and transcriptome sequence data from a advanced myxofibrosarcoma patient	0				controlled		EGAP00001000045	BC Cancer, part of the Provincial Health Services Authority - Data Access Policy	EGAC00000000011	BC Cancer, part of the Provincial Health Services Authority, Technology Development Office, Data Access Committee (PHSA TDO DAC)	Genome and transcriptome sequence data from a advanced myxofibrosarcoma patient,generated as part of the BC Cancer Agency's Personalized OncoGenomics (POG) study	https://ega-archive.org/datasets/EGAD00001016311
EGAD00001016317	Genome and transcriptome sequence data from a de-differentiated liposarcoma patient	0				controlled		EGAP00001000045	BC Cancer, part of the Provincial Health Services Authority - Data Access Policy	EGAC00000000011	BC Cancer, part of the Provincial Health Services Authority, Technology Development Office, Data Access Committee (PHSA TDO DAC)	Genome and transcriptome sequence data from a de-differentiated liposarcoma patient,generated as part of the BC Cancer Agency's Personalized OncoGenomics (POG) study	https://ega-archive.org/datasets/EGAD00001016317
EGAD00001016330	Genome and transcriptome sequence data from a cancer of unknown primary (dedifferentiated liposarcoma vs sarcomatoid rcc) patient	0				controlled		EGAP00001000045	BC Cancer, part of the Provincial Health Services Authority - Data Access Policy	EGAC00000000011	BC Cancer, part of the Provincial Health Services Authority, Technology Development Office, Data Access Committee (PHSA TDO DAC)	Genome and transcriptome sequence data from a cancer of unknown primary (dedifferentiated liposarcoma vs sarcomatoid rcc) patient,generated as part of the BC Cancer Agency's Personalized OncoGenomics (POG) study	https://ega-archive.org/datasets/EGAD00001016330
EGAD00001016332	Genome and transcriptome sequence data from a leiomyosarcoma with recurrence to leg patient	0				controlled		EGAP00001000045	BC Cancer, part of the Provincial Health Services Authority - Data Access Policy	EGAC00000000011	BC Cancer, part of the Provincial Health Services Authority, Technology Development Office, Data Access Committee (PHSA TDO DAC)	Genome and transcriptome sequence data from a leiomyosarcoma with recurrence to leg patient,generated as part of the BC Cancer Agency's Personalized OncoGenomics (POG) study	https://ega-archive.org/datasets/EGAD00001016332
EGAD00001016339	Genome and transcriptome sequence data from a dedifferentiated chondrosarcoma patient	0				controlled		EGAP00001000045	BC Cancer, part of the Provincial Health Services Authority - Data Access Policy	EGAC00000000011	BC Cancer, part of the Provincial Health Services Authority, Technology Development Office, Data Access Committee (PHSA TDO DAC)	Genome and transcriptome sequence data from a dedifferentiated chondrosarcoma patient,generated as part of the BC Cancer Agency's Personalized OncoGenomics (POG) study	https://ega-archive.org/datasets/EGAD00001016339
EGAD00001016352	Genome and transcriptome sequence data from a metastatic endometrial stromal sarcoma patient	0				controlled		EGAP00001000045	BC Cancer, part of the Provincial Health Services Authority - Data Access Policy	EGAC00000000011	BC Cancer, part of the Provincial Health Services Authority, Technology Development Office, Data Access Committee (PHSA TDO DAC)	Genome and transcriptome sequence data from a metastatic endometrial stromal sarcoma patient,generated as part of the BC Cancer Agency's Personalized OncoGenomics (POG) study	https://ega-archive.org/datasets/EGAD00001016352
EGAD00001016364	Genome and transcriptome sequence data from a progressive solitary fibrous tumour patient	0				controlled		EGAP00001000045	BC Cancer, part of the Provincial Health Services Authority - Data Access Policy	EGAC00000000011	BC Cancer, part of the Provincial Health Services Authority, Technology Development Office, Data Access Committee (PHSA TDO DAC)	Genome and transcriptome sequence data from a progressive solitary fibrous tumour patient,generated as part of the BC Cancer Agency's Personalized OncoGenomics (POG) study	https://ega-archive.org/datasets/EGAD00001016364
EGAD00001016365	Genome and transcriptome sequence data from a metastatic high-grade synovial sarcoma patient	0				controlled	2001-01-01	EGAP00001000045	BC Cancer, part of the Provincial Health Services Authority - Data Access Policy	EGAC00000000011	BC Cancer, part of the Provincial Health Services Authority, Technology Development Office, Data Access Committee (PHSA TDO DAC)	Genome and transcriptome sequence data from a metastatic high-grade synovial sarcoma patient,generated as part of the BC Cancer Agency's Personalized OncoGenomics (POG) study	https://ega-archive.org/datasets/EGAD00001016365
EGAD00001016366	Genome and transcriptome sequence data from a metastatic malignant peripheral nerve sheath tumor (mpnst) to the lungs patient	0				controlled		EGAP00001000045	BC Cancer, part of the Provincial Health Services Authority - Data Access Policy	EGAC00000000011	BC Cancer, part of the Provincial Health Services Authority, Technology Development Office, Data Access Committee (PHSA TDO DAC)	Genome and transcriptome sequence data from a metastatic malignant peripheral nerve sheath tumor (mpnst) to the lungs patient,generated as part of the BC Cancer Agency's Personalized OncoGenomics (POG) study	https://ega-archive.org/datasets/EGAD00001016366
EGAD00001016381	Genome and transcriptome sequence data from a left proximal femur parosteal osteosarcoma patient	0				controlled		EGAP00001000045	BC Cancer, part of the Provincial Health Services Authority - Data Access Policy	EGAC00000000011	BC Cancer, part of the Provincial Health Services Authority, Technology Development Office, Data Access Committee (PHSA TDO DAC)	Genome and transcriptome sequence data from a left proximal femur parosteal osteosarcoma patient,generated as part of the BC Cancer Agency's Personalized OncoGenomics (POG) study	https://ega-archive.org/datasets/EGAD00001016381
EGAD00001016395	Genome and transcriptome sequence data from a metastatic osteosarcoma (left radius primary, lungmetastasis patient	0				controlled	2001-01-01	EGAP00001000045	BC Cancer, part of the Provincial Health Services Authority - Data Access Policy	EGAC00000000011	BC Cancer, part of the Provincial Health Services Authority, Technology Development Office, Data Access Committee (PHSA TDO DAC)	Genome and transcriptome sequence data from a metastatic osteosarcoma (left radius primary, lungmetastasis patient,generated as part of the BC Cancer Agency's Personalized OncoGenomics (POG) study	https://ega-archive.org/datasets/EGAD00001016395
EGAD00001016401	Genome and transcriptome sequence data from a metastatic clear cell sarcoma patient	0				controlled	2001-01-01	EGAP00001000045	BC Cancer, part of the Provincial Health Services Authority - Data Access Policy	EGAC00000000011	BC Cancer, part of the Provincial Health Services Authority, Technology Development Office, Data Access Committee (PHSA TDO DAC)	Genome and transcriptome sequence data from a metastatic clear cell sarcoma patient,generated as part of the BC Cancer Agency's Personalized OncoGenomics (POG) study	https://ega-archive.org/datasets/EGAD00001016401
EGAD00001016414	Ribo-seq dataset of Oncofusion-driven transcription unlocks a multilayered neoprotein landscape in Ewing sarcoma	0		Illumina NovaSeq 6000	Transcriptome profiling by high-throughput sequencing	controlled	2001-01-01	EGAP00001001121	Data Access Agreement of data controlled by the Data Access Commitee of the Princess Maxima Center for Pediatric Oncology	EGAC00001001864	EGAC00001001864 - Data Access Committee Princess Maxima Center	This dataset contains 1 sample of Ribo-seq data of a fresh-frozen sample taken from a Ewing sarcoma patient. It contains the raw FASTQ file from the Single end 1x50 bp Illumina Sequencing. The dataset was generated using a custom Ribo-seq protocol in which ribosome protected fragments were isolated after RNAse I treatment and size selection, followed by rRNA depletion and library prep.	https://ega-archive.org/datasets/EGAD00001016414
EGAD00001016418	RNA-seq dataset of Oncofusion-driven transcription unlocks a multilayered neoprotein landscape in Ewing sarcoma	0			Transcriptome profiling by high-throughput sequencing	controlled	2001-01-01	EGAP00001001121	Data Access Agreement of data controlled by the Data Access Commitee of the Princess Maxima Center for Pediatric Oncology	EGAC00001001864	EGAC00001001864 - Data Access Committee Princess Maxima Center	This dataset contains 1 sample of RNA-seq data of a fresh-frozen sample taken from a Ewing sarcoma patient. It contains the raw FASTQ file from the paired end 2x150 bp total RNA sequencing.	https://ega-archive.org/datasets/EGAD00001016418
EGAD00001016432	Subset of dataset EGAD00001010108	0		Illumina HiSeq 4000	Exome sequencing Transcriptome profiling by high-throughput sequencing Whole genome sequencing	controlled	2001-01-01	EGAP00001000441	Data Transfer Agreement for the German Cancer Research Center	EGAC00001000452	DKFZ-HIPO Data Access Committee of Heidelberg Center for Personalized Oncology	This is a subset of data from EGAD00001010108 containing WES/RNA/WGS TFCP2-rearranged rhabdomyosarcoma samples.	https://ega-archive.org/datasets/EGAD00001016432
EGAD00001016449	Genome and transcriptome sequence data from a metastatic undifferentiated pleomorphic sarcoma of uterus patient	0				controlled		EGAP00001000045	BC Cancer, part of the Provincial Health Services Authority - Data Access Policy	EGAC00000000011	BC Cancer, part of the Provincial Health Services Authority, Technology Development Office, Data Access Committee (PHSA TDO DAC)	Genome and transcriptome sequence data from a metastatic undifferentiated pleomorphic sarcoma of uterus patient,generated as part of the BC Cancer Agency's Personalized OncoGenomics (POG) study	https://ega-archive.org/datasets/EGAD00001016449
EGAD00001016450	Genome and transcriptome sequence data from a poorly differentiated thyroid carcinoma with rhabdoid features patient	0				controlled		EGAP00001000045	BC Cancer, part of the Provincial Health Services Authority - Data Access Policy	EGAC00000000011	BC Cancer, part of the Provincial Health Services Authority, Technology Development Office, Data Access Committee (PHSA TDO DAC)	Genome and transcriptome sequence data from a poorly differentiated thyroid carcinoma with rhabdoid features patient,generated as part of the BC Cancer Agency's Personalized OncoGenomics (POG) study	https://ega-archive.org/datasets/EGAD00001016450
EGAD00001016454	Genome and transcriptome sequence data from a solitary fibrous tumour of the liver patient	0				controlled		EGAP00001000045	BC Cancer, part of the Provincial Health Services Authority - Data Access Policy	EGAC00000000011	BC Cancer, part of the Provincial Health Services Authority, Technology Development Office, Data Access Committee (PHSA TDO DAC)	Genome and transcriptome sequence data from a solitary fibrous tumour of the liver patient,generated as part of the BC Cancer Agency's Personalized OncoGenomics (POG) study	https://ega-archive.org/datasets/EGAD00001016454
EGAD00001016455	Genome and transcriptome sequence data from a clear cell sarcoma patient	0				controlled		EGAP00001000045	BC Cancer, part of the Provincial Health Services Authority - Data Access Policy	EGAC00000000011	BC Cancer, part of the Provincial Health Services Authority, Technology Development Office, Data Access Committee (PHSA TDO DAC)	Genome and transcriptome sequence data from a clear cell sarcoma patient,generated as part of the BC Cancer Agency's Personalized OncoGenomics (POG) study	https://ega-archive.org/datasets/EGAD00001016455
EGAD00001016458	Genome and transcriptome sequence data from a left humeral parosteal osteosarcoma with foci of de-differentiation patient	0				controlled		EGAP00001000045	BC Cancer, part of the Provincial Health Services Authority - Data Access Policy	EGAC00000000011	BC Cancer, part of the Provincial Health Services Authority, Technology Development Office, Data Access Committee (PHSA TDO DAC)	Genome and transcriptome sequence data from a left humeral parosteal osteosarcoma with foci of de-differentiation patient,generated as part of the BC Cancer Agency's Personalized OncoGenomics (POG) study	https://ega-archive.org/datasets/EGAD00001016458
EGAD00001016461	Genome and transcriptome sequence data from a radiation induced osteosarcoma patient	0				controlled		EGAP00001000045	BC Cancer, part of the Provincial Health Services Authority - Data Access Policy	EGAC00000000011	BC Cancer, part of the Provincial Health Services Authority, Technology Development Office, Data Access Committee (PHSA TDO DAC)	Genome and transcriptome sequence data from a radiation induced osteosarcoma patient,generated as part of the BC Cancer Agency's Personalized OncoGenomics (POG) study	https://ega-archive.org/datasets/EGAD00001016461
EGAD00001016462	Genome and transcriptome sequence data from a uterine leiomyosarcoma patient	0				controlled		EGAP00001000045	BC Cancer, part of the Provincial Health Services Authority - Data Access Policy	EGAC00000000011	BC Cancer, part of the Provincial Health Services Authority, Technology Development Office, Data Access Committee (PHSA TDO DAC)	Genome and transcriptome sequence data from a uterine leiomyosarcoma patient,generated as part of the BC Cancer Agency's Personalized OncoGenomics (POG) study	https://ega-archive.org/datasets/EGAD00001016462
EGAD00001016466	Genome and transcriptome sequence data from a uterine leiomyosarcoma patient	0				controlled		EGAP00001000045	BC Cancer, part of the Provincial Health Services Authority - Data Access Policy	EGAC00000000011	BC Cancer, part of the Provincial Health Services Authority, Technology Development Office, Data Access Committee (PHSA TDO DAC)	Genome and transcriptome sequence data from a uterine leiomyosarcoma patient,generated as part of the BC Cancer Agency's Personalized OncoGenomics (POG) study	https://ega-archive.org/datasets/EGAD00001016466
EGAD00001016467	Genome and transcriptome sequence data from a undifferentiated uterine sarcoma patient	0				controlled		EGAP00001000045	BC Cancer, part of the Provincial Health Services Authority - Data Access Policy	EGAC00000000011	BC Cancer, part of the Provincial Health Services Authority, Technology Development Office, Data Access Committee (PHSA TDO DAC)	Genome and transcriptome sequence data from a undifferentiated uterine sarcoma patient,generated as part of the BC Cancer Agency's Personalized OncoGenomics (POG) study	https://ega-archive.org/datasets/EGAD00001016467
EGAD00001016472	Genome and transcriptome sequence data from a metastatic leiomyosarcoma of the uterine origin patient	0				controlled		EGAP00001000045	BC Cancer, part of the Provincial Health Services Authority - Data Access Policy	EGAC00000000011	BC Cancer, part of the Provincial Health Services Authority, Technology Development Office, Data Access Committee (PHSA TDO DAC)	Genome and transcriptome sequence data from a metastatic leiomyosarcoma of the uterine origin patient,generated as part of the BC Cancer Agency's Personalized OncoGenomics (POG) study	https://ega-archive.org/datasets/EGAD00001016472
EGAD00001016473	Genome and transcriptome sequence data from a metastatic undifferentiated pleomorphic sarcoma patient	0				controlled		EGAP00001000045	BC Cancer, part of the Provincial Health Services Authority - Data Access Policy	EGAC00000000011	BC Cancer, part of the Provincial Health Services Authority, Technology Development Office, Data Access Committee (PHSA TDO DAC)	Genome and transcriptome sequence data from a metastatic undifferentiated pleomorphic sarcoma patient,generated as part of the BC Cancer Agency's Personalized OncoGenomics (POG) study	https://ega-archive.org/datasets/EGAD00001016473
EGAD00001016474	Genome and transcriptome sequence data from a secondary malignant histiocytosis sarcoma transdifferentiated from follicular lymphoma patient	0				controlled		EGAP00001000045	BC Cancer, part of the Provincial Health Services Authority - Data Access Policy	EGAC00000000011	BC Cancer, part of the Provincial Health Services Authority, Technology Development Office, Data Access Committee (PHSA TDO DAC)	Genome and transcriptome sequence data from a secondary malignant histiocytosis sarcoma transdifferentiated from follicular lymphoma patient,generated as part of the BC Cancer Agency's Personalized OncoGenomics (POG) study	https://ega-archive.org/datasets/EGAD00001016474
EGAD00001016478	Genome and transcriptome sequence data from a metastatic undifferentiated pleomorphic sarcoma patient	0				controlled		EGAP00001000045	BC Cancer, part of the Provincial Health Services Authority - Data Access Policy	EGAC00000000011	BC Cancer, part of the Provincial Health Services Authority, Technology Development Office, Data Access Committee (PHSA TDO DAC)	Genome and transcriptome sequence data from a metastatic undifferentiated pleomorphic sarcoma patient,generated as part of the BC Cancer Agency's Personalized OncoGenomics (POG) study	https://ega-archive.org/datasets/EGAD00001016478
EGAD00001016481	Genome and transcriptome sequence data from a lung leiomyosarcoma patient	0				controlled		EGAP00001000045	BC Cancer, part of the Provincial Health Services Authority - Data Access Policy	EGAC00000000011	BC Cancer, part of the Provincial Health Services Authority, Technology Development Office, Data Access Committee (PHSA TDO DAC)	Genome and transcriptome sequence data from a lung leiomyosarcoma patient,generated as part of the BC Cancer Agency's Personalized OncoGenomics (POG) study	https://ega-archive.org/datasets/EGAD00001016481
EGAD00001016493	Genome and transcriptome sequence data from a vaginal/cervical leiomyosarcoma patient	0				controlled	2001-01-01	EGAP00001000045	BC Cancer, part of the Provincial Health Services Authority - Data Access Policy	EGAC00000000011	BC Cancer, part of the Provincial Health Services Authority, Technology Development Office, Data Access Committee (PHSA TDO DAC)	Genome and transcriptome sequence data from a vaginal/cervical leiomyosarcoma patient,generated as part of the BC Cancer Agency's Personalized OncoGenomics (POG) study	https://ega-archive.org/datasets/EGAD00001016493
EGAD00001016494	Genome and transcriptome sequence data from a uterine leiomyosarcoma patient	0				controlled	2001-01-01	EGAP00001000045	BC Cancer, part of the Provincial Health Services Authority - Data Access Policy	EGAC00000000011	BC Cancer, part of the Provincial Health Services Authority, Technology Development Office, Data Access Committee (PHSA TDO DAC)	Genome and transcriptome sequence data from a uterine leiomyosarcoma patient,generated as part of the BC Cancer Agency's Personalized OncoGenomics (POG) study	https://ega-archive.org/datasets/EGAD00001016494
EGAD00001016495	Genome and transcriptome sequence data from a pulmonary artery intimal sarcoma patient	0				controlled	2001-01-01	EGAP00001000045	BC Cancer, part of the Provincial Health Services Authority - Data Access Policy	EGAC00000000011	BC Cancer, part of the Provincial Health Services Authority, Technology Development Office, Data Access Committee (PHSA TDO DAC)	Genome and transcriptome sequence data from a pulmonary artery intimal sarcoma patient,generated as part of the BC Cancer Agency's Personalized OncoGenomics (POG) study	https://ega-archive.org/datasets/EGAD00001016495
EGAD00001016504	Genome and transcriptome sequence data from a metastatic osteosarcoma patient	0				controlled	2001-01-01	EGAP00001000045	BC Cancer, part of the Provincial Health Services Authority - Data Access Policy	EGAC00000000011	BC Cancer, part of the Provincial Health Services Authority, Technology Development Office, Data Access Committee (PHSA TDO DAC)	Genome and transcriptome sequence data from a metastatic osteosarcoma patient,generated as part of the BC Cancer Agency's Personalized OncoGenomics (POG) study	https://ega-archive.org/datasets/EGAD00001016504
EGAD00001016507	Genome and transcriptome sequence data from a gastrointestinal clear cell sarcoma/jejunal malignant gastrointestinal neuroectodermal tumor patient	0				controlled		EGAP00001000045	BC Cancer, part of the Provincial Health Services Authority - Data Access Policy	EGAC00000000011	BC Cancer, part of the Provincial Health Services Authority, Technology Development Office, Data Access Committee (PHSA TDO DAC)	Genome and transcriptome sequence data from a gastrointestinal clear cell sarcoma/jejunal malignant gastrointestinal neuroectodermal tumor patient,generated as part of the BC Cancer Agency's Personalized OncoGenomics (POG) study	https://ega-archive.org/datasets/EGAD00001016507
EGAD00001016523	Genome and transcriptome sequence data from a metastatic chondrosarcoma patient	0				controlled		EGAP00001000045	BC Cancer, part of the Provincial Health Services Authority - Data Access Policy	EGAC00000000011	BC Cancer, part of the Provincial Health Services Authority, Technology Development Office, Data Access Committee (PHSA TDO DAC)	Genome and transcriptome sequence data from a metastatic chondrosarcoma patient,generated as part of the BC Cancer Agency's Personalized OncoGenomics (POG) study	https://ega-archive.org/datasets/EGAD00001016523
EGAD00001016529	Genome and transcriptome sequence data from a undifferentiated sarcoma patient	0				controlled		EGAP00001000045	BC Cancer, part of the Provincial Health Services Authority - Data Access Policy	EGAC00000000011	BC Cancer, part of the Provincial Health Services Authority, Technology Development Office, Data Access Committee (PHSA TDO DAC)	Genome and transcriptome sequence data from a undifferentiated sarcoma patient,generated as part of the BC Cancer Agency's Personalized OncoGenomics (POG) study	https://ega-archive.org/datasets/EGAD00001016529
EGAD00001016547	Genome and transcriptome sequence data from a high grade sarcoma patient	0				controlled		EGAP00001000045	BC Cancer, part of the Provincial Health Services Authority - Data Access Policy	EGAC00000000011	BC Cancer, part of the Provincial Health Services Authority, Technology Development Office, Data Access Committee (PHSA TDO DAC)	Genome and transcriptome sequence data from a high grade sarcoma patient,generated as part of the BC Cancer Agency's Personalized OncoGenomics (POG) study	https://ega-archive.org/datasets/EGAD00001016547
EGAD00001016548	Genome and transcriptome sequence data from a metastatic uterine leiomyosarcoma patient	0				controlled		EGAP00001000045	BC Cancer, part of the Provincial Health Services Authority - Data Access Policy	EGAC00000000011	BC Cancer, part of the Provincial Health Services Authority, Technology Development Office, Data Access Committee (PHSA TDO DAC)	Genome and transcriptome sequence data from a metastatic uterine leiomyosarcoma patient,generated as part of the BC Cancer Agency's Personalized OncoGenomics (POG) study	https://ega-archive.org/datasets/EGAD00001016548
EGAD00001016554	Genome and transcriptome sequence data from a metastatic small bowel leiomyosarcoma patient	0				controlled		EGAP00001000045	BC Cancer, part of the Provincial Health Services Authority - Data Access Policy	EGAC00000000011	BC Cancer, part of the Provincial Health Services Authority, Technology Development Office, Data Access Committee (PHSA TDO DAC)	Genome and transcriptome sequence data from a metastatic small bowel leiomyosarcoma patient,generated as part of the BC Cancer Agency's Personalized OncoGenomics (POG) study	https://ega-archive.org/datasets/EGAD00001016554
EGAD00001016557	Genome and transcriptome sequence data from a metastatic uterine leiomyosarcoma patient	0				controlled		EGAP00001000045	BC Cancer, part of the Provincial Health Services Authority - Data Access Policy	EGAC00000000011	BC Cancer, part of the Provincial Health Services Authority, Technology Development Office, Data Access Committee (PHSA TDO DAC)	Genome and transcriptome sequence data from a metastatic uterine leiomyosarcoma patient,generated as part of the BC Cancer Agency's Personalized OncoGenomics (POG) study	https://ega-archive.org/datasets/EGAD00001016557
EGAD00001016563	Genome and transcriptome sequence data from a retroperitoneal liposarcoma and metastatic papillary thyroid cancer patient	0				controlled		EGAP00001000045	BC Cancer, part of the Provincial Health Services Authority - Data Access Policy	EGAC00000000011	BC Cancer, part of the Provincial Health Services Authority, Technology Development Office, Data Access Committee (PHSA TDO DAC)	Genome and transcriptome sequence data from a retroperitoneal liposarcoma and metastatic papillary thyroid cancer patient,generated as part of the BC Cancer Agency's Personalized OncoGenomics (POG) study	https://ega-archive.org/datasets/EGAD00001016563
EGAD00001016565	Genome and transcriptome sequence data from a metastatic myxofibrosarcoma patient	0				controlled		EGAP00001000045	BC Cancer, part of the Provincial Health Services Authority - Data Access Policy	EGAC00000000011	BC Cancer, part of the Provincial Health Services Authority, Technology Development Office, Data Access Committee (PHSA TDO DAC)	Genome and transcriptome sequence data from a metastatic myxofibrosarcoma patient,generated as part of the BC Cancer Agency's Personalized OncoGenomics (POG) study	https://ega-archive.org/datasets/EGAD00001016565
EGAD00001016574	Genome and transcriptome sequence data from a angiosarcoma of right breast patient	0				controlled		EGAP00001000045	BC Cancer, part of the Provincial Health Services Authority - Data Access Policy	EGAC00000000011	BC Cancer, part of the Provincial Health Services Authority, Technology Development Office, Data Access Committee (PHSA TDO DAC)	Genome and transcriptome sequence data from a angiosarcoma of right breast patient,generated as part of the BC Cancer Agency's Personalized OncoGenomics (POG) study	https://ega-archive.org/datasets/EGAD00001016574
EGAD00001016577	Bulk RNA sequencing of pleural mesothelioma tumor	0		Illumina NovaSeq X	Transcriptome profiling by high-throughput sequencing	controlled	2001-01-01	EGAP00001002952	FunGeST - Functional Genomics from cancer research to personalized medicine	EGAC00001002924	FunGeST - Functional Genomics from cancer research to personalized medicine	This dataset contains bulk RNA sequencing data generated from pleural mesothelioma tumor samples. Transcriptomic analyses were used to characterize tumor phenotypes and to evaluate the clinical relevance of four expression profiles: epithelioid, intermediate, sarcomatoid, and non-differentiated. The identified transcriptional phenotypes were assessed in larger patient cohorts and were associated with overall survival. These data support the molecular characterization of pleural mesothelioma heterogeneity and the study of tumor progression toward a sarcomatoid phenotype.	https://ega-archive.org/datasets/EGAD00001016577
EGAD00001016578	Single-cell RNA sequencing of pleural mesothelioma tumors and derived primary cell lines	0		Illumina NovaSeq X	Exome sequencing Transcriptome profiling by high-throughput sequencing Whole genome sequencing	controlled	2001-01-01	EGAP00001002952	FunGeST - Functional Genomics from cancer research to personalized medicine	EGAC00001002924	FunGeST - Functional Genomics from cancer research to personalized medicine	Dataset summary This dataset contains single-cell RNA sequencing data generated from pleural mesothelioma tumor samples and derived primary cell lines. Single-cell transcriptomic analyses identified four tumor cell phenotypes: epithelioid, intermediate, sarcomatoid, and non-differentiated. Several tumors displayed intratumor phenotypic heterogeneity associated with subclonal evolution. Sarcomatoid tumor cells emerged from parental cells with an intermediate phenotype following the acquisition of copy-number alterations. Tumor subclones and their associated transcriptional phenotypes were retai	https://ega-archive.org/datasets/EGAD00001016578
EGAD00010000007		0				controlled	2015-05-27					Osteosarcoma Sequencing	https://ega-archive.org/datasets/EGAD00010000007
EGAD00010000071		0				controlled	2015-05-27					Kaposi sarcoma exome	https://ega-archive.org/datasets/EGAD00010000071
EGAD00010000109		0				controlled	2015-05-27	EGAP00001000037		EGAC00001000010	ICGC Data Access Compliance Office	SCAT osteosarcoma sequencing	https://ega-archive.org/datasets/EGAD00010000109
EGAD00010000120		0				controlled	2015-05-27	EGAP00001000037		EGAC00001000010	ICGC Data Access Compliance Office	Osteosarcoma Exome Sequencing	https://ega-archive.org/datasets/EGAD00010000120
EGAD00010000121		0				controlled	2015-05-27					Chordoma Exome Sequencing	https://ega-archive.org/datasets/EGAD00010000121
EGAD00010000432		0				controlled	2016-08-19					Chondrosarcoma case sample genotype using Affymetrix SNP6.0	https://ega-archive.org/datasets/EGAD00010000432
EGAD00010000433		0				controlled	2015-05-27					Chondrosarcoma case sample genotype using Affymetrix SNP6.0	https://ega-archive.org/datasets/EGAD00010000433
EGAD00010000453		0				controlled	2015-05-27					Chondrosarcoma case sample genotype using Affymetrix SNP6.0	https://ega-archive.org/datasets/EGAD00010000453
EGAD00010000489		0				controlled	2015-05-27					Chondroblastoma case sample genotype using Affymetrix SNP6.0	https://ega-archive.org/datasets/EGAD00010000489
EGAD00010000711		0				controlled	2015-05-27					ATRT genotyping blood	https://ega-archive.org/datasets/EGAD00010000711
EGAD00010000713		0				controlled	2015-05-27					ATRT genotyping	https://ega-archive.org/datasets/EGAD00010000713
EGAD00010000810		0				controlled	2001-01-01					SNP6 data from germline and tumors (T-ALL, Histiocytic Sarcoma and non-Langerhans Cell Histiocytosis).	https://ega-archive.org/datasets/EGAD00010000810
