study	viz_title	sample_label	model_id	sample_id	atlas_entity	admin_label	entity_call_basis	subtype_evidence	fusion_or_driver	fusion_source	portal_diagnosis	portal_subtype	availability	assay	assay_family	is_control	genome	track_type	file	access	counted_in_totals	viz_url
RHB	Epigenetic landscape of rhabdomyosarcoma subtypes	SJNORM010254_Myoblast-Normal	SJNORM010254_Myoblast-Normal	SJNORM010254_Myoblast-Normal	normal/reference		browser label (normal/reference material)						in CSTN	SE	derived (called peaks)		hg19	bedj	files/rhb/RHB/SE/SE.SJNORM010254_Myoblast-Normal.gz	FORMAL REQUEST (St Jude CSTN / EGA data access agreement)	no - same material as the EGA deposit	https://viz.stjude.cloud/st-jude-childrens-research-hospital/visualization/epigenetic-landscape-of-rhabdomyosarcoma-subtypes~67
RHB	Epigenetic landscape of rhabdomyosarcoma subtypes	SJNORM010254_Myotube-Normal	SJNORM010254_Myotube-Normal	SJNORM010254_Myotube-Normal	normal/reference		browser label (normal/reference material)						in CSTN	SE	derived (called peaks)		hg19	bedj	files/rhb/RHB/SE/SE.SJNORM010254_Myotube-Normal.gz	FORMAL REQUEST (St Jude CSTN / EGA data access agreement)	no - same material as the EGA deposit	https://viz.stjude.cloud/st-jude-childrens-research-hospital/visualization/epigenetic-landscape-of-rhabdomyosarcoma-subtypes~67
RHB	Epigenetic landscape of rhabdomyosarcoma subtypes	SJNORM012476_FQ21-Normal	SJNORM012476_FQ21-Normal	SJNORM012476_FQ21-Normal	normal/reference		browser label (normal/reference material)						in CSTN	SE	derived (called peaks)		hg19	bedj	files/rhb/RHB/SE/SE.SJNORM012476_FQ21-Normal.gz	FORMAL REQUEST (St Jude CSTN / EGA data access agreement)	no - same material as the EGA deposit	https://viz.stjude.cloud/st-jude-childrens-research-hospital/visualization/epigenetic-landscape-of-rhabdomyosarcoma-subtypes~67
RHB	Epigenetic landscape of rhabdomyosarcoma subtypes	SJRHB000026_X1_Rec3_(ERMS)	SJRHB000026_X1	SJRHB000026_MAST39-ERMS	FN-RMS	Rhabdomyosarcoma / Fusion negative	St Jude data administrator (email)	institutional_diagnosis	none (fusion negative)	CSTN portal, exact model	Rhabdomyosarcoma	fusion negative	in CSTN	SE	derived (called peaks)		hg19	bedj	files/rhb/RHB/SE/SE.SJRHB000026_X1_Rec3_(ERMS).gz	FORMAL REQUEST (St Jude CSTN / EGA data access agreement)	no - same material as the EGA deposit	https://viz.stjude.cloud/st-jude-childrens-research-hospital/visualization/epigenetic-landscape-of-rhabdomyosarcoma-subtypes~67
RHB	Epigenetic landscape of rhabdomyosarcoma subtypes	SJRHB000026_X2_Rec4_(ERMS)	SJRHB000026_X2	SJRHB000026_MAST85-ERMS	FN-RMS	Rhabdomyosarcoma / Fusion negative	St Jude data administrator (email)	institutional_diagnosis	none (fusion negative)	CSTN portal, exact model	Rhabdomyosarcoma	fusion negative	in CSTN	SE	derived (called peaks)		hg19	bedj	files/rhb/RHB/SE/SE.SJRHB000026_X2_Rec4_(ERMS).gz	FORMAL REQUEST (St Jude CSTN / EGA data access agreement)	no - same material as the EGA deposit	https://viz.stjude.cloud/st-jude-childrens-research-hospital/visualization/epigenetic-landscape-of-rhabdomyosarcoma-subtypes~67
RHB	Epigenetic landscape of rhabdomyosarcoma subtypes	SJRHB010463_X16_Rec1_(ARMS)	SJRHB010463_X16	SJRHB010463_MAST60-ARMS	FP-RMS		browser label - NOT in the administrator's list (see discrepancy report)	histology	PAX3::FOXO1	CSTN portal, exact model	Rhabdomyosarcoma	fusion positive, PAX3-FOXO1	in CSTN	SE	derived (called peaks)		hg19	bedj	files/rhb/RHB/SE/SE.SJRHB010463_X16_Rec1_(ARMS).gz	FORMAL REQUEST (St Jude CSTN / EGA data access agreement)	no - same material as the EGA deposit	https://viz.stjude.cloud/st-jude-childrens-research-hospital/visualization/epigenetic-landscape-of-rhabdomyosarcoma-subtypes~67
RHB	Epigenetic landscape of rhabdomyosarcoma subtypes	SJRHB010468_X1_Prim_(ARMS)	SJRHB010468_X1	SJRHB010468_MAST35-ARMS	FP-RMS	Rhabdomyosarcoma / Fusion positive	St Jude data administrator (email)	institutional_diagnosis	PAX7::FOXO1	CSTN portal, exact model	Rhabdomyosarcoma	fusion positive, PAX7-FOXO1	in CSTN	SE	derived (called peaks)		hg19	bedj	files/rhb/RHB/SE/SE.SJRHB010468_X1_Prim_(ARMS).gz	FORMAL REQUEST (St Jude CSTN / EGA data access agreement)	no - same material as the EGA deposit	https://viz.stjude.cloud/st-jude-childrens-research-hospital/visualization/epigenetic-landscape-of-rhabdomyosarcoma-subtypes~67
RHB	Epigenetic landscape of rhabdomyosarcoma subtypes	SJRHB010927_X1_Prim_(ERMS)	SJRHB010927_X1	SJRHB010927_MAST71-ERMS	FN-RMS	Rhabdomyosarcoma / Fusion negative	St Jude data administrator (email)	institutional_diagnosis	none (fusion negative)	CSTN portal, exact model	Rhabdomyosarcoma	fusion negative	in CSTN	SE	derived (called peaks)		hg19	bedj	files/rhb/RHB/SE/SE.SJRHB010927_X1_Prim_(ERMS).gz	FORMAL REQUEST (St Jude CSTN / EGA data access agreement)	no - same material as the EGA deposit	https://viz.stjude.cloud/st-jude-childrens-research-hospital/visualization/epigenetic-landscape-of-rhabdomyosarcoma-subtypes~67
RHB	Epigenetic landscape of rhabdomyosarcoma subtypes	SJRHB010928_X1_Rec1_(ERMS)	SJRHB010928_X1	SJRHB010928_MAST74-ERMS	FN-RMS	Rhabdomyosarcoma / Fusion negative	St Jude data administrator (email)	institutional_diagnosis	none (fusion negative)	CSTN portal, exact model	Rhabdomyosarcoma	fusion negative	in CSTN	SE	derived (called peaks)		hg19	bedj	files/rhb/RHB/SE/SE.SJRHB010928_X1_Rec1_(ERMS).gz	FORMAL REQUEST (St Jude CSTN / EGA data access agreement)	no - same material as the EGA deposit	https://viz.stjude.cloud/st-jude-childrens-research-hospital/visualization/epigenetic-landscape-of-rhabdomyosarcoma-subtypes~67
RHB	Epigenetic landscape of rhabdomyosarcoma subtypes	SJRHB011_Y_Prim_(ERMS)	SJRHB011_Y	SJRHB011_Rh70-ERMS	FN-RMS	Rhabdomyosarcoma / Fusion negative	St Jude data administrator (email)	institutional_diagnosis	none (fusion negative)	CSTN portal, exact model	Rhabdomyosarcoma	fusion negative	in CSTN	SE	derived (called peaks)		hg19	bedj	files/rhb/RHB/SE/SE.SJRHB011_Y_Prim_(ERMS).gz	FORMAL REQUEST (St Jude CSTN / EGA data access agreement)	no - same material as the EGA deposit	https://viz.stjude.cloud/st-jude-childrens-research-hospital/visualization/epigenetic-landscape-of-rhabdomyosarcoma-subtypes~67
RHB	Epigenetic landscape of rhabdomyosarcoma subtypes	SJRHB011_X_Rec1_(ERMS)	SJRHB011_X	SJRHB011_Rh73-ERMS	FN-RMS	Rhabdomyosarcoma / Fusion negative	St Jude data administrator (email)	institutional_diagnosis	none (fusion negative)	CSTN portal, exact model	Rhabdomyosarcoma	fusion negative	in CSTN	SE	derived (called peaks)		hg19	bedj	files/rhb/RHB/SE/SE.SJRHB011_X_Rec1_(ERMS).gz	FORMAL REQUEST (St Jude CSTN / EGA data access agreement)	no - same material as the EGA deposit	https://viz.stjude.cloud/st-jude-childrens-research-hospital/visualization/epigenetic-landscape-of-rhabdomyosarcoma-subtypes~67
RHB	Epigenetic landscape of rhabdomyosarcoma subtypes	SJRHB012405_X1_Rec1_(ERMS)	SJRHB012405_X1	SJRHB012405_MAST100-ERMS	FN-RMS	Rhabdomyosarcoma / Fusion negative	St Jude data administrator (email)	institutional_diagnosis	none (fusion negative)	CSTN portal, exact model	Rhabdomyosarcoma	fusion negative	in CSTN	SE	derived (called peaks)		hg19	bedj	files/rhb/RHB/SE/SE.SJRHB012405_X1_Rec1_(ERMS).gz	FORMAL REQUEST (St Jude CSTN / EGA data access agreement)	no - same material as the EGA deposit	https://viz.stjude.cloud/st-jude-childrens-research-hospital/visualization/epigenetic-landscape-of-rhabdomyosarcoma-subtypes~67
RHB	Epigenetic landscape of rhabdomyosarcoma subtypes	SJRHB012_Y_Rec1_SiteA_(ERMS)	SJRHB012_Y	SJRHB012_Rh74-ERMS	FN-RMS	Rhabdomyosarcoma / Fusion negative	St Jude data administrator (email)	institutional_diagnosis	none (fusion negative)	CSTN portal, exact model	Rhabdomyosarcoma	fusion negative	in CSTN	SE	derived (called peaks)		hg19	bedj	files/rhb/RHB/SE/SE.SJRHB012_Y_Rec1_SiteA_(ERMS).gz	FORMAL REQUEST (St Jude CSTN / EGA data access agreement)	no - same material as the EGA deposit	https://viz.stjude.cloud/st-jude-childrens-research-hospital/visualization/epigenetic-landscape-of-rhabdomyosarcoma-subtypes~67
RHB	Epigenetic landscape of rhabdomyosarcoma subtypes	SJRHB012_Z_Rec1_SiteB_(ERMS)	SJRHB012_Z	SJRHB012_Rh75-ERMS	FN-RMS	Rhabdomyosarcoma / Fusion negative	St Jude data administrator (email)	institutional_diagnosis	none (fusion negative)	CSTN portal, exact model	Rhabdomyosarcoma	fusion negative	in CSTN	SE	derived (called peaks)		hg19	bedj	files/rhb/RHB/SE/SE.SJRHB012_Z_Rec1_SiteB_(ERMS).gz	FORMAL REQUEST (St Jude CSTN / EGA data access agreement)	no - same material as the EGA deposit	https://viz.stjude.cloud/st-jude-childrens-research-hospital/visualization/epigenetic-landscape-of-rhabdomyosarcoma-subtypes~67
RHB	Epigenetic landscape of rhabdomyosarcoma subtypes	SJRHB013757_X1_Prim_(ARMS)	SJRHB013757_X1	SJRHB013757_MAST95-ARMS	FP-RMS	Rhabdomyosarcoma / Fusion positive	St Jude data administrator (email)	institutional_diagnosis	PAX7::FOXO1	CSTN portal, sibling passage SJRHB013757_X2 (patient-level)	Rhabdomyosarcoma	fusion positive, PAX7-FOXO1	in CSTN	SE	derived (called peaks)		hg19	bedj	files/rhb/RHB/SE/SE.SJRHB013757_X1_Prim_(ARMS).gz	FORMAL REQUEST (St Jude CSTN / EGA data access agreement)	no - same material as the EGA deposit	https://viz.stjude.cloud/st-jude-childrens-research-hospital/visualization/epigenetic-landscape-of-rhabdomyosarcoma-subtypes~67
RHB	Epigenetic landscape of rhabdomyosarcoma subtypes	SJRHB013758_X1_Prim_(ERMS)	SJRHB013758_X1	SJRHB013758_MAST111-ERMS	FN-RMS	Rhabdomyosarcoma / Fusion negative	St Jude data administrator (email)	institutional_diagnosis	none (fusion negative)	CSTN portal, exact model	Rhabdomyosarcoma	fusion negative	in CSTN	SE	derived (called peaks)		hg19	bedj	files/rhb/RHB/SE/SE.SJRHB013758_X1_Prim_(ERMS).gz	FORMAL REQUEST (St Jude CSTN / EGA data access agreement)	no - same material as the EGA deposit	https://viz.stjude.cloud/st-jude-childrens-research-hospital/visualization/epigenetic-landscape-of-rhabdomyosarcoma-subtypes~67
RHB	Epigenetic landscape of rhabdomyosarcoma subtypes	SJRHB013758_X2_Rec1_(ERMS)	SJRHB013758_X2	SJRHB013758_MAST139-ERMS	FN-RMS	Rhabdomyosarcoma / Fusion negative	St Jude data administrator (email)	institutional_diagnosis	none (fusion negative)	CSTN portal, exact model	Rhabdomyosarcoma	fusion negative	in CSTN	SE	derived (called peaks)		hg19	bedj	files/rhb/RHB/SE/SE.SJRHB013758_X2_Rec1_(ERMS).gz	FORMAL REQUEST (St Jude CSTN / EGA data access agreement)	no - same material as the EGA deposit	https://viz.stjude.cloud/st-jude-childrens-research-hospital/visualization/epigenetic-landscape-of-rhabdomyosarcoma-subtypes~67
RHB	Epigenetic landscape of rhabdomyosarcoma subtypes	SJRHB013759_X1_Rec1_(ARMS)	SJRHB013759_X1	SJRHB013759_MAST118-ARMS	FP-RMS	Rhabdomyosarcoma / Fusion positive	St Jude data administrator (email)	institutional_diagnosis	PAX3::FOXO1	CSTN portal, exact model	Rhabdomyosarcoma	fusion positive, PAX3-FOXO1	in CSTN	SE	derived (called peaks)		hg19	bedj	files/rhb/RHB/SE/SE.SJRHB013759_X1_Rec1_(ARMS).gz	FORMAL REQUEST (St Jude CSTN / EGA data access agreement)	no - same material as the EGA deposit	https://viz.stjude.cloud/st-jude-childrens-research-hospital/visualization/epigenetic-landscape-of-rhabdomyosarcoma-subtypes~67
RHB	Epigenetic landscape of rhabdomyosarcoma subtypes	SJRHB015720_X1_Rec2_(SCLEROS)	SJRHB015720_X1	SJRHB015720_MAST161-Spindle	RMS-MYOD1	Sclerosal RMS	St Jude data administrator (email)	histology_spindle_sclerosing		CSTN portal, exact model	Rhabdomyosarcoma	Sclerosing subtype	in CSTN	SE	derived (called peaks)		hg19	bedj	files/rhb/RHB/SE/SE.SJRHB015720_X1_Rec2_(SCLEROS).gz	FORMAL REQUEST (St Jude CSTN / EGA data access agreement)	no - same material as the EGA deposit	https://viz.stjude.cloud/st-jude-childrens-research-hospital/visualization/epigenetic-landscape-of-rhabdomyosarcoma-subtypes~67
RHB	Epigenetic landscape of rhabdomyosarcoma subtypes	SJNORM010254_Myoblast-Normal	SJNORM010254_Myoblast-Normal		normal/reference		browser label (normal/reference material)						in CSTN	BRD4	regulatory		hg19		files/rhb/RHB/CHIPSEQ/SJNORM010254_Myoblast-Normal-BRD4.bw	FORMAL REQUEST (St Jude CSTN / EGA data access agreement)	no - same material as the EGA deposit	https://viz.stjude.cloud/st-jude-childrens-research-hospital/visualization/epigenetic-landscape-of-rhabdomyosarcoma-subtypes~67
RHB	Epigenetic landscape of rhabdomyosarcoma subtypes	SJNORM010254_Myotube-Normal	SJNORM010254_Myotube-Normal		normal/reference		browser label (normal/reference material)						in CSTN	BRD4	regulatory		hg19		files/rhb/RHB/CHIPSEQ/SJNORM010254_Myotube-Normal-BRD4.bw	FORMAL REQUEST (St Jude CSTN / EGA data access agreement)	no - same material as the EGA deposit	https://viz.stjude.cloud/st-jude-childrens-research-hospital/visualization/epigenetic-landscape-of-rhabdomyosarcoma-subtypes~67
RHB	Epigenetic landscape of rhabdomyosarcoma subtypes	SJNORM012476_FQ21-Normal	SJNORM012476_FQ21-Normal		normal/reference		browser label (normal/reference material)						in CSTN	BRD4	regulatory		hg19		files/rhb/RHB/CHIPSEQ/SJNORM012476_FQ21-Normal-BRD4.bw	FORMAL REQUEST (St Jude CSTN / EGA data access agreement)	no - same material as the EGA deposit	https://viz.stjude.cloud/st-jude-childrens-research-hospital/visualization/epigenetic-landscape-of-rhabdomyosarcoma-subtypes~67
RHB	Epigenetic landscape of rhabdomyosarcoma subtypes	SJRHB000026_X1_Rec3_(ERMS)	SJRHB000026_X1		FN-RMS	Rhabdomyosarcoma / Fusion negative	St Jude data administrator (email)	institutional_diagnosis	none (fusion negative)	CSTN portal, exact model	Rhabdomyosarcoma	fusion negative	in CSTN	BRD4	regulatory		hg19		files/rhb/RHB/CHIPSEQ/SJRHB000026_X1_Rec3_(ERMS)-BRD4.bw	FORMAL REQUEST (St Jude CSTN / EGA data access agreement)	no - same material as the EGA deposit	https://viz.stjude.cloud/st-jude-childrens-research-hospital/visualization/epigenetic-landscape-of-rhabdomyosarcoma-subtypes~67
RHB	Epigenetic landscape of rhabdomyosarcoma subtypes	SJRHB000026_X2_Rec4_(ERMS)	SJRHB000026_X2		FN-RMS	Rhabdomyosarcoma / Fusion negative	St Jude data administrator (email)	institutional_diagnosis	none (fusion negative)	CSTN portal, exact model	Rhabdomyosarcoma	fusion negative	in CSTN	BRD4	regulatory		hg19		files/rhb/RHB/CHIPSEQ/SJRHB000026_X2_Rec4_(ERMS)-BRD4.bw	FORMAL REQUEST (St Jude CSTN / EGA data access agreement)	no - same material as the EGA deposit	https://viz.stjude.cloud/st-jude-childrens-research-hospital/visualization/epigenetic-landscape-of-rhabdomyosarcoma-subtypes~67
RHB	Epigenetic landscape of rhabdomyosarcoma subtypes	SJRHB010463_X16_Rec1_(ARMS)	SJRHB010463_X16		FP-RMS		browser label - NOT in the administrator's list (see discrepancy report)	histology	PAX3::FOXO1	CSTN portal, exact model	Rhabdomyosarcoma	fusion positive, PAX3-FOXO1	in CSTN	BRD4	regulatory		hg19		files/rhb/RHB/CHIPSEQ/SJRHB010463_X16_Rec1_(ARMS)-BRD4.bw	FORMAL REQUEST (St Jude CSTN / EGA data access agreement)	no - same material as the EGA deposit	https://viz.stjude.cloud/st-jude-childrens-research-hospital/visualization/epigenetic-landscape-of-rhabdomyosarcoma-subtypes~67
RHB	Epigenetic landscape of rhabdomyosarcoma subtypes	SJRHB010468_X1_Prim_(ARMS)	SJRHB010468_X1		FP-RMS	Rhabdomyosarcoma / Fusion positive	St Jude data administrator (email)	institutional_diagnosis	PAX7::FOXO1	CSTN portal, exact model	Rhabdomyosarcoma	fusion positive, PAX7-FOXO1	in CSTN	BRD4	regulatory		hg19		files/rhb/RHB/CHIPSEQ/SJRHB010468_X1_Prim_(ARMS)-BRD4.bw	FORMAL REQUEST (St Jude CSTN / EGA data access agreement)	no - same material as the EGA deposit	https://viz.stjude.cloud/st-jude-childrens-research-hospital/visualization/epigenetic-landscape-of-rhabdomyosarcoma-subtypes~67
RHB	Epigenetic landscape of rhabdomyosarcoma subtypes	SJRHB010927_X1_Prim_(ERMS)	SJRHB010927_X1		FN-RMS	Rhabdomyosarcoma / Fusion negative	St Jude data administrator (email)	institutional_diagnosis	none (fusion negative)	CSTN portal, exact model	Rhabdomyosarcoma	fusion negative	in CSTN	BRD4	regulatory		hg19		files/rhb/RHB/CHIPSEQ/SJRHB010927_X1_Prim_(ERMS)-BRD4.bw	FORMAL REQUEST (St Jude CSTN / EGA data access agreement)	no - same material as the EGA deposit	https://viz.stjude.cloud/st-jude-childrens-research-hospital/visualization/epigenetic-landscape-of-rhabdomyosarcoma-subtypes~67
RHB	Epigenetic landscape of rhabdomyosarcoma subtypes	SJRHB010928_X1_Rec1_(ERMS)	SJRHB010928_X1		FN-RMS	Rhabdomyosarcoma / Fusion negative	St Jude data administrator (email)	institutional_diagnosis	none (fusion negative)	CSTN portal, exact model	Rhabdomyosarcoma	fusion negative	in CSTN	BRD4	regulatory		hg19		files/rhb/RHB/CHIPSEQ/SJRHB010928_X1_Rec1_(ERMS)-BRD4.bw	FORMAL REQUEST (St Jude CSTN / EGA data access agreement)	no - same material as the EGA deposit	https://viz.stjude.cloud/st-jude-childrens-research-hospital/visualization/epigenetic-landscape-of-rhabdomyosarcoma-subtypes~67
RHB	Epigenetic landscape of rhabdomyosarcoma subtypes	SJRHB011_Y_Prim_(ERMS)	SJRHB011_Y		FN-RMS	Rhabdomyosarcoma / Fusion negative	St Jude data administrator (email)	institutional_diagnosis	none (fusion negative)	CSTN portal, exact model	Rhabdomyosarcoma	fusion negative	in CSTN	BRD4	regulatory		hg19		files/rhb/RHB/CHIPSEQ/SJRHB011_Y_Prim_(ERMS)-BRD4.bw	FORMAL REQUEST (St Jude CSTN / EGA data access agreement)	no - same material as the EGA deposit	https://viz.stjude.cloud/st-jude-childrens-research-hospital/visualization/epigenetic-landscape-of-rhabdomyosarcoma-subtypes~67
RHB	Epigenetic landscape of rhabdomyosarcoma subtypes	SJRHB011_X_Rec1_(ERMS)	SJRHB011_X		FN-RMS	Rhabdomyosarcoma / Fusion negative	St Jude data administrator (email)	institutional_diagnosis	none (fusion negative)	CSTN portal, exact model	Rhabdomyosarcoma	fusion negative	in CSTN	BRD4	regulatory		hg19		files/rhb/RHB/CHIPSEQ/SJRHB011_X_Rec1_(ERMS)-BRD4.bw	FORMAL REQUEST (St Jude CSTN / EGA data access agreement)	no - same material as the EGA deposit	https://viz.stjude.cloud/st-jude-childrens-research-hospital/visualization/epigenetic-landscape-of-rhabdomyosarcoma-subtypes~67
RHB	Epigenetic landscape of rhabdomyosarcoma subtypes	SJRHB012405_X1_Rec1_(ERMS)	SJRHB012405_X1		FN-RMS	Rhabdomyosarcoma / Fusion negative	St Jude data administrator (email)	institutional_diagnosis	none (fusion negative)	CSTN portal, exact model	Rhabdomyosarcoma	fusion negative	in CSTN	BRD4	regulatory		hg19		files/rhb/RHB/CHIPSEQ/SJRHB012405_X1_Rec1_(ERMS)-BRD4.bw	FORMAL REQUEST (St Jude CSTN / EGA data access agreement)	no - same material as the EGA deposit	https://viz.stjude.cloud/st-jude-childrens-research-hospital/visualization/epigenetic-landscape-of-rhabdomyosarcoma-subtypes~67
RHB	Epigenetic landscape of rhabdomyosarcoma subtypes	SJRHB012_Y_Rec1_SiteA_(ERMS)	SJRHB012_Y		FN-RMS	Rhabdomyosarcoma / Fusion negative	St Jude data administrator (email)	institutional_diagnosis	none (fusion negative)	CSTN portal, exact model	Rhabdomyosarcoma	fusion negative	in CSTN	BRD4	regulatory		hg19		files/rhb/RHB/CHIPSEQ/SJRHB012_Y_Rec1_SiteA_(ERMS)-BRD4.bw	FORMAL REQUEST (St Jude CSTN / EGA data access agreement)	no - same material as the EGA deposit	https://viz.stjude.cloud/st-jude-childrens-research-hospital/visualization/epigenetic-landscape-of-rhabdomyosarcoma-subtypes~67
RHB	Epigenetic landscape of rhabdomyosarcoma subtypes	SJRHB012_Z_Rec1_SiteB_(ERMS)	SJRHB012_Z		FN-RMS	Rhabdomyosarcoma / Fusion negative	St Jude data administrator (email)	institutional_diagnosis	none (fusion negative)	CSTN portal, exact model	Rhabdomyosarcoma	fusion negative	in CSTN	BRD4	regulatory		hg19		files/rhb/RHB/CHIPSEQ/SJRHB012_Z_Rec1_SiteB_(ERMS)-BRD4.bw	FORMAL REQUEST (St Jude CSTN / EGA data access agreement)	no - same material as the EGA deposit	https://viz.stjude.cloud/st-jude-childrens-research-hospital/visualization/epigenetic-landscape-of-rhabdomyosarcoma-subtypes~67
RHB	Epigenetic landscape of rhabdomyosarcoma subtypes	SJRHB013757_X1_Prim_(ARMS)	SJRHB013757_X1		FP-RMS	Rhabdomyosarcoma / Fusion positive	St Jude data administrator (email)	institutional_diagnosis	PAX7::FOXO1	CSTN portal, sibling passage SJRHB013757_X2 (patient-level)	Rhabdomyosarcoma	fusion positive, PAX7-FOXO1	in CSTN	BRD4	regulatory		hg19		files/rhb/RHB/CHIPSEQ/SJRHB013757_X1_Prim_(ARMS)-BRD4.bw	FORMAL REQUEST (St Jude CSTN / EGA data access agreement)	no - same material as the EGA deposit	https://viz.stjude.cloud/st-jude-childrens-research-hospital/visualization/epigenetic-landscape-of-rhabdomyosarcoma-subtypes~67
RHB	Epigenetic landscape of rhabdomyosarcoma subtypes	SJRHB013758_X1_Prim_(ERMS)	SJRHB013758_X1		FN-RMS	Rhabdomyosarcoma / Fusion negative	St Jude data administrator (email)	institutional_diagnosis	none (fusion negative)	CSTN portal, exact model	Rhabdomyosarcoma	fusion negative	in CSTN	BRD4	regulatory		hg19		files/rhb/RHB/CHIPSEQ/SJRHB013758_X1_Prim_(ERMS)-BRD4.bw	FORMAL REQUEST (St Jude CSTN / EGA data access agreement)	no - same material as the EGA deposit	https://viz.stjude.cloud/st-jude-childrens-research-hospital/visualization/epigenetic-landscape-of-rhabdomyosarcoma-subtypes~67
RHB	Epigenetic landscape of rhabdomyosarcoma subtypes	SJRHB013758_X2_Rec1_(ERMS)	SJRHB013758_X2		FN-RMS	Rhabdomyosarcoma / Fusion negative	St Jude data administrator (email)	institutional_diagnosis	none (fusion negative)	CSTN portal, exact model	Rhabdomyosarcoma	fusion negative	in CSTN	BRD4	regulatory		hg19		files/rhb/RHB/CHIPSEQ/SJRHB013758_X2_Rec1_(ERMS)-BRD4.bw	FORMAL REQUEST (St Jude CSTN / EGA data access agreement)	no - same material as the EGA deposit	https://viz.stjude.cloud/st-jude-childrens-research-hospital/visualization/epigenetic-landscape-of-rhabdomyosarcoma-subtypes~67
RHB	Epigenetic landscape of rhabdomyosarcoma subtypes	SJRHB013759_X1_Rec1_(ARMS)	SJRHB013759_X1		FP-RMS	Rhabdomyosarcoma / Fusion positive	St Jude data administrator (email)	institutional_diagnosis	PAX3::FOXO1	CSTN portal, exact model	Rhabdomyosarcoma	fusion positive, PAX3-FOXO1	in CSTN	BRD4	regulatory		hg19		files/rhb/RHB/CHIPSEQ/SJRHB013759_X1_Rec1_(ARMS)-BRD4.bw	FORMAL REQUEST (St Jude CSTN / EGA data access agreement)	no - same material as the EGA deposit	https://viz.stjude.cloud/st-jude-childrens-research-hospital/visualization/epigenetic-landscape-of-rhabdomyosarcoma-subtypes~67
RHB	Epigenetic landscape of rhabdomyosarcoma subtypes	SJRHB015720_X1_Rec2_(SCLEROS)	SJRHB015720_X1		RMS-MYOD1	Sclerosal RMS	St Jude data administrator (email)	histology_spindle_sclerosing		CSTN portal, exact model	Rhabdomyosarcoma	Sclerosing subtype	in CSTN	BRD4	regulatory		hg19		files/rhb/RHB/CHIPSEQ/SJRHB015720_X1_Rec2_(SCLEROS)-BRD4.bw	FORMAL REQUEST (St Jude CSTN / EGA data access agreement)	no - same material as the EGA deposit	https://viz.stjude.cloud/st-jude-childrens-research-hospital/visualization/epigenetic-landscape-of-rhabdomyosarcoma-subtypes~67
RHB	Epigenetic landscape of rhabdomyosarcoma subtypes	SJNORM010254_Myoblast-Normal	SJNORM010254_Myoblast-Normal		normal/reference		browser label (normal/reference material)						in CSTN	H3K27Ac	regulatory		hg19		files/rhb/RHB/CHIPSEQ/SJNORM010254_Myoblast-Normal-H3K27Ac.bw	FORMAL REQUEST (St Jude CSTN / EGA data access agreement)	no - same material as the EGA deposit	https://viz.stjude.cloud/st-jude-childrens-research-hospital/visualization/epigenetic-landscape-of-rhabdomyosarcoma-subtypes~67
RHB	Epigenetic landscape of rhabdomyosarcoma subtypes	SJNORM010254_Myotube-Normal	SJNORM010254_Myotube-Normal		normal/reference		browser label (normal/reference material)						in CSTN	H3K27Ac	regulatory		hg19		files/rhb/RHB/CHIPSEQ/SJNORM010254_Myotube-Normal-H3K27Ac.bw	FORMAL REQUEST (St Jude CSTN / EGA data access agreement)	no - same material as the EGA deposit	https://viz.stjude.cloud/st-jude-childrens-research-hospital/visualization/epigenetic-landscape-of-rhabdomyosarcoma-subtypes~67
RHB	Epigenetic landscape of rhabdomyosarcoma subtypes	SJNORM012476_FQ21-Normal	SJNORM012476_FQ21-Normal		normal/reference		browser label (normal/reference material)						in CSTN	H3K27Ac	regulatory		hg19		files/rhb/RHB/CHIPSEQ/SJNORM012476_FQ21-Normal-H3K27Ac.bw	FORMAL REQUEST (St Jude CSTN / EGA data access agreement)	no - same material as the EGA deposit	https://viz.stjude.cloud/st-jude-childrens-research-hospital/visualization/epigenetic-landscape-of-rhabdomyosarcoma-subtypes~67
RHB	Epigenetic landscape of rhabdomyosarcoma subtypes	SJRHB000026_X1_Rec3_(ERMS)	SJRHB000026_X1		FN-RMS	Rhabdomyosarcoma / Fusion negative	St Jude data administrator (email)	institutional_diagnosis	none (fusion negative)	CSTN portal, exact model	Rhabdomyosarcoma	fusion negative	in CSTN	H3K27Ac	regulatory		hg19		files/rhb/RHB/CHIPSEQ/SJRHB000026_X1_Rec3_(ERMS)-H3K27Ac.bw	FORMAL REQUEST (St Jude CSTN / EGA data access agreement)	no - same material as the EGA deposit	https://viz.stjude.cloud/st-jude-childrens-research-hospital/visualization/epigenetic-landscape-of-rhabdomyosarcoma-subtypes~67
RHB	Epigenetic landscape of rhabdomyosarcoma subtypes	SJRHB000026_X2_Rec4_(ERMS)	SJRHB000026_X2		FN-RMS	Rhabdomyosarcoma / Fusion negative	St Jude data administrator (email)	institutional_diagnosis	none (fusion negative)	CSTN portal, exact model	Rhabdomyosarcoma	fusion negative	in CSTN	H3K27Ac	regulatory		hg19		files/rhb/RHB/CHIPSEQ/SJRHB000026_X2_Rec4_(ERMS)-H3K27Ac.bw	FORMAL REQUEST (St Jude CSTN / EGA data access agreement)	no - same material as the EGA deposit	https://viz.stjude.cloud/st-jude-childrens-research-hospital/visualization/epigenetic-landscape-of-rhabdomyosarcoma-subtypes~67
RHB	Epigenetic landscape of rhabdomyosarcoma subtypes	SJRHB010463_X16_Rec1_(ARMS)	SJRHB010463_X16		FP-RMS		browser label - NOT in the administrator's list (see discrepancy report)	histology	PAX3::FOXO1	CSTN portal, exact model	Rhabdomyosarcoma	fusion positive, PAX3-FOXO1	in CSTN	H3K27Ac	regulatory		hg19		files/rhb/RHB/CHIPSEQ/SJRHB010463_X16_Rec1_(ARMS)-H3K27Ac.bw	FORMAL REQUEST (St Jude CSTN / EGA data access agreement)	no - same material as the EGA deposit	https://viz.stjude.cloud/st-jude-childrens-research-hospital/visualization/epigenetic-landscape-of-rhabdomyosarcoma-subtypes~67
RHB	Epigenetic landscape of rhabdomyosarcoma subtypes	SJRHB010468_X1_Prim_(ARMS)	SJRHB010468_X1		FP-RMS	Rhabdomyosarcoma / Fusion positive	St Jude data administrator (email)	institutional_diagnosis	PAX7::FOXO1	CSTN portal, exact model	Rhabdomyosarcoma	fusion positive, PAX7-FOXO1	in CSTN	H3K27Ac	regulatory		hg19		files/rhb/RHB/CHIPSEQ/SJRHB010468_X1_Prim_(ARMS)-H3K27Ac.bw	FORMAL REQUEST (St Jude CSTN / EGA data access agreement)	no - same material as the EGA deposit	https://viz.stjude.cloud/st-jude-childrens-research-hospital/visualization/epigenetic-landscape-of-rhabdomyosarcoma-subtypes~67
RHB	Epigenetic landscape of rhabdomyosarcoma subtypes	SJRHB010927_X1_Prim_(ERMS)	SJRHB010927_X1		FN-RMS	Rhabdomyosarcoma / Fusion negative	St Jude data administrator (email)	institutional_diagnosis	none (fusion negative)	CSTN portal, exact model	Rhabdomyosarcoma	fusion negative	in CSTN	H3K27Ac	regulatory		hg19		files/rhb/RHB/CHIPSEQ/SJRHB010927_X1_Prim_(ERMS)-H3K27Ac.bw	FORMAL REQUEST (St Jude CSTN / EGA data access agreement)	no - same material as the EGA deposit	https://viz.stjude.cloud/st-jude-childrens-research-hospital/visualization/epigenetic-landscape-of-rhabdomyosarcoma-subtypes~67
RHB	Epigenetic landscape of rhabdomyosarcoma subtypes	SJRHB010928_X1_Rec1_(ERMS)	SJRHB010928_X1		FN-RMS	Rhabdomyosarcoma / Fusion negative	St Jude data administrator (email)	institutional_diagnosis	none (fusion negative)	CSTN portal, exact model	Rhabdomyosarcoma	fusion negative	in CSTN	H3K27Ac	regulatory		hg19		files/rhb/RHB/CHIPSEQ/SJRHB010928_X1_Rec1_(ERMS)-H3K27Ac.bw	FORMAL REQUEST (St Jude CSTN / EGA data access agreement)	no - same material as the EGA deposit	https://viz.stjude.cloud/st-jude-childrens-research-hospital/visualization/epigenetic-landscape-of-rhabdomyosarcoma-subtypes~67
RHB	Epigenetic landscape of rhabdomyosarcoma subtypes	SJRHB011_Y_Prim_(ERMS)	SJRHB011_Y		FN-RMS	Rhabdomyosarcoma / Fusion negative	St Jude data administrator (email)	institutional_diagnosis	none (fusion negative)	CSTN portal, exact model	Rhabdomyosarcoma	fusion negative	in CSTN	H3K27Ac	regulatory		hg19		files/rhb/RHB/CHIPSEQ/SJRHB011_Y_Prim_(ERMS)-H3K27Ac.bw	FORMAL REQUEST (St Jude CSTN / EGA data access agreement)	no - same material as the EGA deposit	https://viz.stjude.cloud/st-jude-childrens-research-hospital/visualization/epigenetic-landscape-of-rhabdomyosarcoma-subtypes~67
RHB	Epigenetic landscape of rhabdomyosarcoma subtypes	SJRHB011_X_Rec1_(ERMS)	SJRHB011_X		FN-RMS	Rhabdomyosarcoma / Fusion negative	St Jude data administrator (email)	institutional_diagnosis	none (fusion negative)	CSTN portal, exact model	Rhabdomyosarcoma	fusion negative	in CSTN	H3K27Ac	regulatory		hg19		files/rhb/RHB/CHIPSEQ/SJRHB011_X_Rec1_(ERMS)-H3K27Ac.bw	FORMAL REQUEST (St Jude CSTN / EGA data access agreement)	no - same material as the EGA deposit	https://viz.stjude.cloud/st-jude-childrens-research-hospital/visualization/epigenetic-landscape-of-rhabdomyosarcoma-subtypes~67
RHB	Epigenetic landscape of rhabdomyosarcoma subtypes	SJRHB012405_X1_Rec1_(ERMS)	SJRHB012405_X1		FN-RMS	Rhabdomyosarcoma / Fusion negative	St Jude data administrator (email)	institutional_diagnosis	none (fusion negative)	CSTN portal, exact model	Rhabdomyosarcoma	fusion negative	in CSTN	H3K27Ac	regulatory		hg19		files/rhb/RHB/CHIPSEQ/SJRHB012405_X1_Rec1_(ERMS)-H3K27Ac.bw	FORMAL REQUEST (St Jude CSTN / EGA data access agreement)	no - same material as the EGA deposit	https://viz.stjude.cloud/st-jude-childrens-research-hospital/visualization/epigenetic-landscape-of-rhabdomyosarcoma-subtypes~67
RHB	Epigenetic landscape of rhabdomyosarcoma subtypes	SJRHB012_Y_Rec1_SiteA_(ERMS)	SJRHB012_Y		FN-RMS	Rhabdomyosarcoma / Fusion negative	St Jude data administrator (email)	institutional_diagnosis	none (fusion negative)	CSTN portal, exact model	Rhabdomyosarcoma	fusion negative	in CSTN	H3K27Ac	regulatory		hg19		files/rhb/RHB/CHIPSEQ/SJRHB012_Y_Rec1_SiteA_(ERMS)-H3K27Ac.bw	FORMAL REQUEST (St Jude CSTN / EGA data access agreement)	no - same material as the EGA deposit	https://viz.stjude.cloud/st-jude-childrens-research-hospital/visualization/epigenetic-landscape-of-rhabdomyosarcoma-subtypes~67
RHB	Epigenetic landscape of rhabdomyosarcoma subtypes	SJRHB012_Z_Rec1_SiteB_(ERMS)	SJRHB012_Z		FN-RMS	Rhabdomyosarcoma / Fusion negative	St Jude data administrator (email)	institutional_diagnosis	none (fusion negative)	CSTN portal, exact model	Rhabdomyosarcoma	fusion negative	in CSTN	H3K27Ac	regulatory		hg19		files/rhb/RHB/CHIPSEQ/SJRHB012_Z_Rec1_SiteB_(ERMS)-H3K27Ac.bw	FORMAL REQUEST (St Jude CSTN / EGA data access agreement)	no - same material as the EGA deposit	https://viz.stjude.cloud/st-jude-childrens-research-hospital/visualization/epigenetic-landscape-of-rhabdomyosarcoma-subtypes~67
RHB	Epigenetic landscape of rhabdomyosarcoma subtypes	SJRHB013757_X1_Prim_(ARMS)	SJRHB013757_X1		FP-RMS	Rhabdomyosarcoma / Fusion positive	St Jude data administrator (email)	institutional_diagnosis	PAX7::FOXO1	CSTN portal, sibling passage SJRHB013757_X2 (patient-level)	Rhabdomyosarcoma	fusion positive, PAX7-FOXO1	in CSTN	H3K27Ac	regulatory		hg19		files/rhb/RHB/CHIPSEQ/SJRHB013757_X1_Prim_(ARMS)-H3K27Ac.bw	FORMAL REQUEST (St Jude CSTN / EGA data access agreement)	no - same material as the EGA deposit	https://viz.stjude.cloud/st-jude-childrens-research-hospital/visualization/epigenetic-landscape-of-rhabdomyosarcoma-subtypes~67
RHB	Epigenetic landscape of rhabdomyosarcoma subtypes	SJRHB013758_X1_Prim_(ERMS)	SJRHB013758_X1		FN-RMS	Rhabdomyosarcoma / Fusion negative	St Jude data administrator (email)	institutional_diagnosis	none (fusion negative)	CSTN portal, exact model	Rhabdomyosarcoma	fusion negative	in CSTN	H3K27Ac	regulatory		hg19		files/rhb/RHB/CHIPSEQ/SJRHB013758_X1_Prim_(ERMS)-H3K27Ac.bw	FORMAL REQUEST (St Jude CSTN / EGA data access agreement)	no - same material as the EGA deposit	https://viz.stjude.cloud/st-jude-childrens-research-hospital/visualization/epigenetic-landscape-of-rhabdomyosarcoma-subtypes~67
RHB	Epigenetic landscape of rhabdomyosarcoma subtypes	SJRHB013758_X2_Rec1_(ERMS)	SJRHB013758_X2		FN-RMS	Rhabdomyosarcoma / Fusion negative	St Jude data administrator (email)	institutional_diagnosis	none (fusion negative)	CSTN portal, exact model	Rhabdomyosarcoma	fusion negative	in CSTN	H3K27Ac	regulatory		hg19		files/rhb/RHB/CHIPSEQ/SJRHB013758_X2_Rec1_(ERMS)-H3K27Ac.bw	FORMAL REQUEST (St Jude CSTN / EGA data access agreement)	no - same material as the EGA deposit	https://viz.stjude.cloud/st-jude-childrens-research-hospital/visualization/epigenetic-landscape-of-rhabdomyosarcoma-subtypes~67
RHB	Epigenetic landscape of rhabdomyosarcoma subtypes	SJRHB013759_X1_Rec1_(ARMS)	SJRHB013759_X1		FP-RMS	Rhabdomyosarcoma / Fusion positive	St Jude data administrator (email)	institutional_diagnosis	PAX3::FOXO1	CSTN portal, exact model	Rhabdomyosarcoma	fusion positive, PAX3-FOXO1	in CSTN	H3K27Ac	regulatory		hg19		files/rhb/RHB/CHIPSEQ/SJRHB013759_X1_Rec1_(ARMS)-H3K27Ac.bw	FORMAL REQUEST (St Jude CSTN / EGA data access agreement)	no - same material as the EGA deposit	https://viz.stjude.cloud/st-jude-childrens-research-hospital/visualization/epigenetic-landscape-of-rhabdomyosarcoma-subtypes~67
RHB	Epigenetic landscape of rhabdomyosarcoma subtypes	SJRHB015720_X1_Rec2_(SCLEROS)	SJRHB015720_X1		RMS-MYOD1	Sclerosal RMS	St Jude data administrator (email)	histology_spindle_sclerosing		CSTN portal, exact model	Rhabdomyosarcoma	Sclerosing subtype	in CSTN	H3K27Ac	regulatory		hg19		files/rhb/RHB/CHIPSEQ/SJRHB015720_X1_Rec2_(SCLEROS)-H3K27Ac.bw	FORMAL REQUEST (St Jude CSTN / EGA data access agreement)	no - same material as the EGA deposit	https://viz.stjude.cloud/st-jude-childrens-research-hospital/visualization/epigenetic-landscape-of-rhabdomyosarcoma-subtypes~67
RHB	Epigenetic landscape of rhabdomyosarcoma subtypes	SJNORM010254_Myoblast-Normal	SJNORM010254_Myoblast-Normal		normal/reference		browser label (normal/reference material)						in CSTN	H3K27me3	regulatory		hg19		files/rhb/RHB/CHIPSEQ/SJNORM010254_Myoblast-Normal-H3K27me3.bw	FORMAL REQUEST (St Jude CSTN / EGA data access agreement)	no - same material as the EGA deposit	https://viz.stjude.cloud/st-jude-childrens-research-hospital/visualization/epigenetic-landscape-of-rhabdomyosarcoma-subtypes~67
RHB	Epigenetic landscape of rhabdomyosarcoma subtypes	SJNORM010254_Myotube-Normal	SJNORM010254_Myotube-Normal		normal/reference		browser label (normal/reference material)						in CSTN	H3K27me3	regulatory		hg19		files/rhb/RHB/CHIPSEQ/SJNORM010254_Myotube-Normal-H3K27me3.bw	FORMAL REQUEST (St Jude CSTN / EGA data access agreement)	no - same material as the EGA deposit	https://viz.stjude.cloud/st-jude-childrens-research-hospital/visualization/epigenetic-landscape-of-rhabdomyosarcoma-subtypes~67
RHB	Epigenetic landscape of rhabdomyosarcoma subtypes	SJNORM012476_FQ21-Normal	SJNORM012476_FQ21-Normal		normal/reference		browser label (normal/reference material)						in CSTN	H3K27me3	regulatory		hg19		files/rhb/RHB/CHIPSEQ/SJNORM012476_FQ21-Normal-H3K27me3.bw	FORMAL REQUEST (St Jude CSTN / EGA data access agreement)	no - same material as the EGA deposit	https://viz.stjude.cloud/st-jude-childrens-research-hospital/visualization/epigenetic-landscape-of-rhabdomyosarcoma-subtypes~67
RHB	Epigenetic landscape of rhabdomyosarcoma subtypes	SJRHB000026_X1_Rec3_(ERMS)	SJRHB000026_X1		FN-RMS	Rhabdomyosarcoma / Fusion negative	St Jude data administrator (email)	institutional_diagnosis	none (fusion negative)	CSTN portal, exact model	Rhabdomyosarcoma	fusion negative	in CSTN	H3K27me3	regulatory		hg19		files/rhb/RHB/CHIPSEQ/SJRHB000026_X1_Rec3_(ERMS)-H3K27me3.bw	FORMAL REQUEST (St Jude CSTN / EGA data access agreement)	no - same material as the EGA deposit	https://viz.stjude.cloud/st-jude-childrens-research-hospital/visualization/epigenetic-landscape-of-rhabdomyosarcoma-subtypes~67
RHB	Epigenetic landscape of rhabdomyosarcoma subtypes	SJRHB000026_X2_Rec4_(ERMS)	SJRHB000026_X2		FN-RMS	Rhabdomyosarcoma / Fusion negative	St Jude data administrator (email)	institutional_diagnosis	none (fusion negative)	CSTN portal, exact model	Rhabdomyosarcoma	fusion negative	in CSTN	H3K27me3	regulatory		hg19		files/rhb/RHB/CHIPSEQ/SJRHB000026_X2_Rec4_(ERMS)-H3K27me3.bw	FORMAL REQUEST (St Jude CSTN / EGA data access agreement)	no - same material as the EGA deposit	https://viz.stjude.cloud/st-jude-childrens-research-hospital/visualization/epigenetic-landscape-of-rhabdomyosarcoma-subtypes~67
RHB	Epigenetic landscape of rhabdomyosarcoma subtypes	SJRHB010463_X16_Rec1_(ARMS)	SJRHB010463_X16		FP-RMS		browser label - NOT in the administrator's list (see discrepancy report)	histology	PAX3::FOXO1	CSTN portal, exact model	Rhabdomyosarcoma	fusion positive, PAX3-FOXO1	in CSTN	H3K27me3	regulatory		hg19		files/rhb/RHB/CHIPSEQ/SJRHB010463_X16_Rec1_(ARMS)-H3K27me3.bw	FORMAL REQUEST (St Jude CSTN / EGA data access agreement)	no - same material as the EGA deposit	https://viz.stjude.cloud/st-jude-childrens-research-hospital/visualization/epigenetic-landscape-of-rhabdomyosarcoma-subtypes~67
RHB	Epigenetic landscape of rhabdomyosarcoma subtypes	SJRHB010468_X1_Prim_(ARMS)	SJRHB010468_X1		FP-RMS	Rhabdomyosarcoma / Fusion positive	St Jude data administrator (email)	institutional_diagnosis	PAX7::FOXO1	CSTN portal, exact model	Rhabdomyosarcoma	fusion positive, PAX7-FOXO1	in CSTN	H3K27me3	regulatory		hg19		files/rhb/RHB/CHIPSEQ/SJRHB010468_X1_Prim_(ARMS)-H3K27me3.bw	FORMAL REQUEST (St Jude CSTN / EGA data access agreement)	no - same material as the EGA deposit	https://viz.stjude.cloud/st-jude-childrens-research-hospital/visualization/epigenetic-landscape-of-rhabdomyosarcoma-subtypes~67
RHB	Epigenetic landscape of rhabdomyosarcoma subtypes	SJRHB010927_X1_Prim_(ERMS)	SJRHB010927_X1		FN-RMS	Rhabdomyosarcoma / Fusion negative	St Jude data administrator (email)	institutional_diagnosis	none (fusion negative)	CSTN portal, exact model	Rhabdomyosarcoma	fusion negative	in CSTN	H3K27me3	regulatory		hg19		files/rhb/RHB/CHIPSEQ/SJRHB010927_X1_Prim_(ERMS)-H3K27me3.bw	FORMAL REQUEST (St Jude CSTN / EGA data access agreement)	no - same material as the EGA deposit	https://viz.stjude.cloud/st-jude-childrens-research-hospital/visualization/epigenetic-landscape-of-rhabdomyosarcoma-subtypes~67
RHB	Epigenetic landscape of rhabdomyosarcoma subtypes	SJRHB010928_X1_Rec1_(ERMS)	SJRHB010928_X1		FN-RMS	Rhabdomyosarcoma / Fusion negative	St Jude data administrator (email)	institutional_diagnosis	none (fusion negative)	CSTN portal, exact model	Rhabdomyosarcoma	fusion negative	in CSTN	H3K27me3	regulatory		hg19		files/rhb/RHB/CHIPSEQ/SJRHB010928_X1_Rec1_(ERMS)-H3K27me3.bw	FORMAL REQUEST (St Jude CSTN / EGA data access agreement)	no - same material as the EGA deposit	https://viz.stjude.cloud/st-jude-childrens-research-hospital/visualization/epigenetic-landscape-of-rhabdomyosarcoma-subtypes~67
RHB	Epigenetic landscape of rhabdomyosarcoma subtypes	SJRHB011_Y_Prim_(ERMS)	SJRHB011_Y		FN-RMS	Rhabdomyosarcoma / Fusion negative	St Jude data administrator (email)	institutional_diagnosis	none (fusion negative)	CSTN portal, exact model	Rhabdomyosarcoma	fusion negative	in CSTN	H3K27me3	regulatory		hg19		files/rhb/RHB/CHIPSEQ/SJRHB011_Y_Prim_(ERMS)-H3K27me3.bw	FORMAL REQUEST (St Jude CSTN / EGA data access agreement)	no - same material as the EGA deposit	https://viz.stjude.cloud/st-jude-childrens-research-hospital/visualization/epigenetic-landscape-of-rhabdomyosarcoma-subtypes~67
RHB	Epigenetic landscape of rhabdomyosarcoma subtypes	SJRHB011_X_Rec1_(ERMS)	SJRHB011_X		FN-RMS	Rhabdomyosarcoma / Fusion negative	St Jude data administrator (email)	institutional_diagnosis	none (fusion negative)	CSTN portal, exact model	Rhabdomyosarcoma	fusion negative	in CSTN	H3K27me3	regulatory		hg19		files/rhb/RHB/CHIPSEQ/SJRHB011_X_Rec1_(ERMS)-H3K27me3.bw	FORMAL REQUEST (St Jude CSTN / EGA data access agreement)	no - same material as the EGA deposit	https://viz.stjude.cloud/st-jude-childrens-research-hospital/visualization/epigenetic-landscape-of-rhabdomyosarcoma-subtypes~67
RHB	Epigenetic landscape of rhabdomyosarcoma subtypes	SJRHB012405_X1_Rec1_(ERMS)	SJRHB012405_X1		FN-RMS	Rhabdomyosarcoma / Fusion negative	St Jude data administrator (email)	institutional_diagnosis	none (fusion negative)	CSTN portal, exact model	Rhabdomyosarcoma	fusion negative	in CSTN	H3K27me3	regulatory		hg19		files/rhb/RHB/CHIPSEQ/SJRHB012405_X1_Rec1_(ERMS)-H3K27me3.bw	FORMAL REQUEST (St Jude CSTN / EGA data access agreement)	no - same material as the EGA deposit	https://viz.stjude.cloud/st-jude-childrens-research-hospital/visualization/epigenetic-landscape-of-rhabdomyosarcoma-subtypes~67
RHB	Epigenetic landscape of rhabdomyosarcoma subtypes	SJRHB012_Y_Rec1_SiteA_(ERMS)	SJRHB012_Y		FN-RMS	Rhabdomyosarcoma / Fusion negative	St Jude data administrator (email)	institutional_diagnosis	none (fusion negative)	CSTN portal, exact model	Rhabdomyosarcoma	fusion negative	in CSTN	H3K27me3	regulatory		hg19		files/rhb/RHB/CHIPSEQ/SJRHB012_Y_Rec1_SiteA_(ERMS)-H3K27me3.bw	FORMAL REQUEST (St Jude CSTN / EGA data access agreement)	no - same material as the EGA deposit	https://viz.stjude.cloud/st-jude-childrens-research-hospital/visualization/epigenetic-landscape-of-rhabdomyosarcoma-subtypes~67
RHB	Epigenetic landscape of rhabdomyosarcoma subtypes	SJRHB012_Z_Rec1_SiteB_(ERMS)	SJRHB012_Z		FN-RMS	Rhabdomyosarcoma / Fusion negative	St Jude data administrator (email)	institutional_diagnosis	none (fusion negative)	CSTN portal, exact model	Rhabdomyosarcoma	fusion negative	in CSTN	H3K27me3	regulatory		hg19		files/rhb/RHB/CHIPSEQ/SJRHB012_Z_Rec1_SiteB_(ERMS)-H3K27me3.bw	FORMAL REQUEST (St Jude CSTN / EGA data access agreement)	no - same material as the EGA deposit	https://viz.stjude.cloud/st-jude-childrens-research-hospital/visualization/epigenetic-landscape-of-rhabdomyosarcoma-subtypes~67
RHB	Epigenetic landscape of rhabdomyosarcoma subtypes	SJRHB013757_X1_Prim_(ARMS)	SJRHB013757_X1		FP-RMS	Rhabdomyosarcoma / Fusion positive	St Jude data administrator (email)	institutional_diagnosis	PAX7::FOXO1	CSTN portal, sibling passage SJRHB013757_X2 (patient-level)	Rhabdomyosarcoma	fusion positive, PAX7-FOXO1	in CSTN	H3K27me3	regulatory		hg19		files/rhb/RHB/CHIPSEQ/SJRHB013757_X1_Prim_(ARMS)-H3K27me3.bw	FORMAL REQUEST (St Jude CSTN / EGA data access agreement)	no - same material as the EGA deposit	https://viz.stjude.cloud/st-jude-childrens-research-hospital/visualization/epigenetic-landscape-of-rhabdomyosarcoma-subtypes~67
RHB	Epigenetic landscape of rhabdomyosarcoma subtypes	SJRHB013758_X1_Prim_(ERMS)	SJRHB013758_X1		FN-RMS	Rhabdomyosarcoma / Fusion negative	St Jude data administrator (email)	institutional_diagnosis	none (fusion negative)	CSTN portal, exact model	Rhabdomyosarcoma	fusion negative	in CSTN	H3K27me3	regulatory		hg19		files/rhb/RHB/CHIPSEQ/SJRHB013758_X1_Prim_(ERMS)-H3K27me3.bw	FORMAL REQUEST (St Jude CSTN / EGA data access agreement)	no - same material as the EGA deposit	https://viz.stjude.cloud/st-jude-childrens-research-hospital/visualization/epigenetic-landscape-of-rhabdomyosarcoma-subtypes~67
RHB	Epigenetic landscape of rhabdomyosarcoma subtypes	SJRHB013758_X2_Rec1_(ERMS)	SJRHB013758_X2		FN-RMS	Rhabdomyosarcoma / Fusion negative	St Jude data administrator (email)	institutional_diagnosis	none (fusion negative)	CSTN portal, exact model	Rhabdomyosarcoma	fusion negative	in CSTN	H3K27me3	regulatory		hg19		files/rhb/RHB/CHIPSEQ/SJRHB013758_X2_Rec1_(ERMS)-H3K27me3.bw	FORMAL REQUEST (St Jude CSTN / EGA data access agreement)	no - same material as the EGA deposit	https://viz.stjude.cloud/st-jude-childrens-research-hospital/visualization/epigenetic-landscape-of-rhabdomyosarcoma-subtypes~67
RHB	Epigenetic landscape of rhabdomyosarcoma subtypes	SJRHB013759_X1_Rec1_(ARMS)	SJRHB013759_X1		FP-RMS	Rhabdomyosarcoma / Fusion positive	St Jude data administrator (email)	institutional_diagnosis	PAX3::FOXO1	CSTN portal, exact model	Rhabdomyosarcoma	fusion positive, PAX3-FOXO1	in CSTN	H3K27me3	regulatory		hg19		files/rhb/RHB/CHIPSEQ/SJRHB013759_X1_Rec1_(ARMS)-H3K27me3.bw	FORMAL REQUEST (St Jude CSTN / EGA data access agreement)	no - same material as the EGA deposit	https://viz.stjude.cloud/st-jude-childrens-research-hospital/visualization/epigenetic-landscape-of-rhabdomyosarcoma-subtypes~67
RHB	Epigenetic landscape of rhabdomyosarcoma subtypes	SJRHB015720_X1_Rec2_(SCLEROS)	SJRHB015720_X1		RMS-MYOD1	Sclerosal RMS	St Jude data administrator (email)	histology_spindle_sclerosing		CSTN portal, exact model	Rhabdomyosarcoma	Sclerosing subtype	in CSTN	H3K27me3	regulatory		hg19		files/rhb/RHB/CHIPSEQ/SJRHB015720_X1_Rec2_(SCLEROS)-H3K27me3.bw	FORMAL REQUEST (St Jude CSTN / EGA data access agreement)	no - same material as the EGA deposit	https://viz.stjude.cloud/st-jude-childrens-research-hospital/visualization/epigenetic-landscape-of-rhabdomyosarcoma-subtypes~67
RHB	Epigenetic landscape of rhabdomyosarcoma subtypes	SJNORM010254_Myoblast-Normal	SJNORM010254_Myoblast-Normal		normal/reference		browser label (normal/reference material)						in CSTN	H3K36me3	regulatory		hg19		files/rhb/RHB/CHIPSEQ/SJNORM010254_Myoblast-Normal-H3K36me3.bw	FORMAL REQUEST (St Jude CSTN / EGA data access agreement)	no - same material as the EGA deposit	https://viz.stjude.cloud/st-jude-childrens-research-hospital/visualization/epigenetic-landscape-of-rhabdomyosarcoma-subtypes~67
RHB	Epigenetic landscape of rhabdomyosarcoma subtypes	SJNORM010254_Myotube-Normal	SJNORM010254_Myotube-Normal		normal/reference		browser label (normal/reference material)						in CSTN	H3K36me3	regulatory		hg19		files/rhb/RHB/CHIPSEQ/SJNORM010254_Myotube-Normal-H3K36me3.bw	FORMAL REQUEST (St Jude CSTN / EGA data access agreement)	no - same material as the EGA deposit	https://viz.stjude.cloud/st-jude-childrens-research-hospital/visualization/epigenetic-landscape-of-rhabdomyosarcoma-subtypes~67
RHB	Epigenetic landscape of rhabdomyosarcoma subtypes	SJNORM012476_FQ21-Normal	SJNORM012476_FQ21-Normal		normal/reference		browser label (normal/reference material)						in CSTN	H3K36me3	regulatory		hg19		files/rhb/RHB/CHIPSEQ/SJNORM012476_FQ21-Normal-H3K36me3.bw	FORMAL REQUEST (St Jude CSTN / EGA data access agreement)	no - same material as the EGA deposit	https://viz.stjude.cloud/st-jude-childrens-research-hospital/visualization/epigenetic-landscape-of-rhabdomyosarcoma-subtypes~67
RHB	Epigenetic landscape of rhabdomyosarcoma subtypes	SJRHB000026_X1_Rec3_(ERMS)	SJRHB000026_X1		FN-RMS	Rhabdomyosarcoma / Fusion negative	St Jude data administrator (email)	institutional_diagnosis	none (fusion negative)	CSTN portal, exact model	Rhabdomyosarcoma	fusion negative	in CSTN	H3K36me3	regulatory		hg19		files/rhb/RHB/CHIPSEQ/SJRHB000026_X1_Rec3_(ERMS)-H3K36me3.bw	FORMAL REQUEST (St Jude CSTN / EGA data access agreement)	no - same material as the EGA deposit	https://viz.stjude.cloud/st-jude-childrens-research-hospital/visualization/epigenetic-landscape-of-rhabdomyosarcoma-subtypes~67
RHB	Epigenetic landscape of rhabdomyosarcoma subtypes	SJRHB000026_X2_Rec4_(ERMS)	SJRHB000026_X2		FN-RMS	Rhabdomyosarcoma / Fusion negative	St Jude data administrator (email)	institutional_diagnosis	none (fusion negative)	CSTN portal, exact model	Rhabdomyosarcoma	fusion negative	in CSTN	H3K36me3	regulatory		hg19		files/rhb/RHB/CHIPSEQ/SJRHB000026_X2_Rec4_(ERMS)-H3K36me3.bw	FORMAL REQUEST (St Jude CSTN / EGA data access agreement)	no - same material as the EGA deposit	https://viz.stjude.cloud/st-jude-childrens-research-hospital/visualization/epigenetic-landscape-of-rhabdomyosarcoma-subtypes~67
RHB	Epigenetic landscape of rhabdomyosarcoma subtypes	SJRHB010463_X16_Rec1_(ARMS)	SJRHB010463_X16		FP-RMS		browser label - NOT in the administrator's list (see discrepancy report)	histology	PAX3::FOXO1	CSTN portal, exact model	Rhabdomyosarcoma	fusion positive, PAX3-FOXO1	in CSTN	H3K36me3	regulatory		hg19		files/rhb/RHB/CHIPSEQ/SJRHB010463_X16_Rec1_(ARMS)-H3K36me3.bw	FORMAL REQUEST (St Jude CSTN / EGA data access agreement)	no - same material as the EGA deposit	https://viz.stjude.cloud/st-jude-childrens-research-hospital/visualization/epigenetic-landscape-of-rhabdomyosarcoma-subtypes~67
RHB	Epigenetic landscape of rhabdomyosarcoma subtypes	SJRHB010468_X1_Prim_(ARMS)	SJRHB010468_X1		FP-RMS	Rhabdomyosarcoma / Fusion positive	St Jude data administrator (email)	institutional_diagnosis	PAX7::FOXO1	CSTN portal, exact model	Rhabdomyosarcoma	fusion positive, PAX7-FOXO1	in CSTN	H3K36me3	regulatory		hg19		files/rhb/RHB/CHIPSEQ/SJRHB010468_X1_Prim_(ARMS)-H3K36me3.bw	FORMAL REQUEST (St Jude CSTN / EGA data access agreement)	no - same material as the EGA deposit	https://viz.stjude.cloud/st-jude-childrens-research-hospital/visualization/epigenetic-landscape-of-rhabdomyosarcoma-subtypes~67
RHB	Epigenetic landscape of rhabdomyosarcoma subtypes	SJRHB010927_X1_Prim_(ERMS)	SJRHB010927_X1		FN-RMS	Rhabdomyosarcoma / Fusion negative	St Jude data administrator (email)	institutional_diagnosis	none (fusion negative)	CSTN portal, exact model	Rhabdomyosarcoma	fusion negative	in CSTN	H3K36me3	regulatory		hg19		files/rhb/RHB/CHIPSEQ/SJRHB010927_X1_Prim_(ERMS)-H3K36me3.bw	FORMAL REQUEST (St Jude CSTN / EGA data access agreement)	no - same material as the EGA deposit	https://viz.stjude.cloud/st-jude-childrens-research-hospital/visualization/epigenetic-landscape-of-rhabdomyosarcoma-subtypes~67
RHB	Epigenetic landscape of rhabdomyosarcoma subtypes	SJRHB010928_X1_Rec1_(ERMS)	SJRHB010928_X1		FN-RMS	Rhabdomyosarcoma / Fusion negative	St Jude data administrator (email)	institutional_diagnosis	none (fusion negative)	CSTN portal, exact model	Rhabdomyosarcoma	fusion negative	in CSTN	H3K36me3	regulatory		hg19		files/rhb/RHB/CHIPSEQ/SJRHB010928_X1_Rec1_(ERMS)-H3K36me3.bw	FORMAL REQUEST (St Jude CSTN / EGA data access agreement)	no - same material as the EGA deposit	https://viz.stjude.cloud/st-jude-childrens-research-hospital/visualization/epigenetic-landscape-of-rhabdomyosarcoma-subtypes~67
RHB	Epigenetic landscape of rhabdomyosarcoma subtypes	SJRHB011_Y_Prim_(ERMS)	SJRHB011_Y		FN-RMS	Rhabdomyosarcoma / Fusion negative	St Jude data administrator (email)	institutional_diagnosis	none (fusion negative)	CSTN portal, exact model	Rhabdomyosarcoma	fusion negative	in CSTN	H3K36me3	regulatory		hg19		files/rhb/RHB/CHIPSEQ/SJRHB011_Y_Prim_(ERMS)-H3K36me3.bw	FORMAL REQUEST (St Jude CSTN / EGA data access agreement)	no - same material as the EGA deposit	https://viz.stjude.cloud/st-jude-childrens-research-hospital/visualization/epigenetic-landscape-of-rhabdomyosarcoma-subtypes~67
RHB	Epigenetic landscape of rhabdomyosarcoma subtypes	SJRHB011_X_Rec1_(ERMS)	SJRHB011_X		FN-RMS	Rhabdomyosarcoma / Fusion negative	St Jude data administrator (email)	institutional_diagnosis	none (fusion negative)	CSTN portal, exact model	Rhabdomyosarcoma	fusion negative	in CSTN	H3K36me3	regulatory		hg19		files/rhb/RHB/CHIPSEQ/SJRHB011_X_Rec1_(ERMS)-H3K36me3.bw	FORMAL REQUEST (St Jude CSTN / EGA data access agreement)	no - same material as the EGA deposit	https://viz.stjude.cloud/st-jude-childrens-research-hospital/visualization/epigenetic-landscape-of-rhabdomyosarcoma-subtypes~67
RHB	Epigenetic landscape of rhabdomyosarcoma subtypes	SJRHB012405_X1_Rec1_(ERMS)	SJRHB012405_X1		FN-RMS	Rhabdomyosarcoma / Fusion negative	St Jude data administrator (email)	institutional_diagnosis	none (fusion negative)	CSTN portal, exact model	Rhabdomyosarcoma	fusion negative	in CSTN	H3K36me3	regulatory		hg19		files/rhb/RHB/CHIPSEQ/SJRHB012405_X1_Rec1_(ERMS)-H3K36me3.bw	FORMAL REQUEST (St Jude CSTN / EGA data access agreement)	no - same material as the EGA deposit	https://viz.stjude.cloud/st-jude-childrens-research-hospital/visualization/epigenetic-landscape-of-rhabdomyosarcoma-subtypes~67
RHB	Epigenetic landscape of rhabdomyosarcoma subtypes	SJRHB012_Y_Rec1_SiteA_(ERMS)	SJRHB012_Y		FN-RMS	Rhabdomyosarcoma / Fusion negative	St Jude data administrator (email)	institutional_diagnosis	none (fusion negative)	CSTN portal, exact model	Rhabdomyosarcoma	fusion negative	in CSTN	H3K36me3	regulatory		hg19		files/rhb/RHB/CHIPSEQ/SJRHB012_Y_Rec1_SiteA_(ERMS)-H3K36me3.bw	FORMAL REQUEST (St Jude CSTN / EGA data access agreement)	no - same material as the EGA deposit	https://viz.stjude.cloud/st-jude-childrens-research-hospital/visualization/epigenetic-landscape-of-rhabdomyosarcoma-subtypes~67
RHB	Epigenetic landscape of rhabdomyosarcoma subtypes	SJRHB012_Z_Rec1_SiteB_(ERMS)	SJRHB012_Z		FN-RMS	Rhabdomyosarcoma / Fusion negative	St Jude data administrator (email)	institutional_diagnosis	none (fusion negative)	CSTN portal, exact model	Rhabdomyosarcoma	fusion negative	in CSTN	H3K36me3	regulatory		hg19		files/rhb/RHB/CHIPSEQ/SJRHB012_Z_Rec1_SiteB_(ERMS)-H3K36me3.bw	FORMAL REQUEST (St Jude CSTN / EGA data access agreement)	no - same material as the EGA deposit	https://viz.stjude.cloud/st-jude-childrens-research-hospital/visualization/epigenetic-landscape-of-rhabdomyosarcoma-subtypes~67
RHB	Epigenetic landscape of rhabdomyosarcoma subtypes	SJRHB013757_X1_Prim_(ARMS)	SJRHB013757_X1		FP-RMS	Rhabdomyosarcoma / Fusion positive	St Jude data administrator (email)	institutional_diagnosis	PAX7::FOXO1	CSTN portal, sibling passage SJRHB013757_X2 (patient-level)	Rhabdomyosarcoma	fusion positive, PAX7-FOXO1	in CSTN	H3K36me3	regulatory		hg19		files/rhb/RHB/CHIPSEQ/SJRHB013757_X1_Prim_(ARMS)-H3K36me3.bw	FORMAL REQUEST (St Jude CSTN / EGA data access agreement)	no - same material as the EGA deposit	https://viz.stjude.cloud/st-jude-childrens-research-hospital/visualization/epigenetic-landscape-of-rhabdomyosarcoma-subtypes~67
RHB	Epigenetic landscape of rhabdomyosarcoma subtypes	SJRHB013758_X1_Prim_(ERMS)	SJRHB013758_X1		FN-RMS	Rhabdomyosarcoma / Fusion negative	St Jude data administrator (email)	institutional_diagnosis	none (fusion negative)	CSTN portal, exact model	Rhabdomyosarcoma	fusion negative	in CSTN	H3K36me3	regulatory		hg19		files/rhb/RHB/CHIPSEQ/SJRHB013758_X1_Prim_(ERMS)-H3K36me3.bw	FORMAL REQUEST (St Jude CSTN / EGA data access agreement)	no - same material as the EGA deposit	https://viz.stjude.cloud/st-jude-childrens-research-hospital/visualization/epigenetic-landscape-of-rhabdomyosarcoma-subtypes~67
RHB	Epigenetic landscape of rhabdomyosarcoma subtypes	SJRHB013758_X2_Rec1_(ERMS)	SJRHB013758_X2		FN-RMS	Rhabdomyosarcoma / Fusion negative	St Jude data administrator (email)	institutional_diagnosis	none (fusion negative)	CSTN portal, exact model	Rhabdomyosarcoma	fusion negative	in CSTN	H3K36me3	regulatory		hg19		files/rhb/RHB/CHIPSEQ/SJRHB013758_X2_Rec1_(ERMS)-H3K36me3.bw	FORMAL REQUEST (St Jude CSTN / EGA data access agreement)	no - same material as the EGA deposit	https://viz.stjude.cloud/st-jude-childrens-research-hospital/visualization/epigenetic-landscape-of-rhabdomyosarcoma-subtypes~67
RHB	Epigenetic landscape of rhabdomyosarcoma subtypes	SJRHB013759_X1_Rec1_(ARMS)	SJRHB013759_X1		FP-RMS	Rhabdomyosarcoma / Fusion positive	St Jude data administrator (email)	institutional_diagnosis	PAX3::FOXO1	CSTN portal, exact model	Rhabdomyosarcoma	fusion positive, PAX3-FOXO1	in CSTN	H3K36me3	regulatory		hg19		files/rhb/RHB/CHIPSEQ/SJRHB013759_X1_Rec1_(ARMS)-H3K36me3.bw	FORMAL REQUEST (St Jude CSTN / EGA data access agreement)	no - same material as the EGA deposit	https://viz.stjude.cloud/st-jude-childrens-research-hospital/visualization/epigenetic-landscape-of-rhabdomyosarcoma-subtypes~67
RHB	Epigenetic landscape of rhabdomyosarcoma subtypes	SJRHB015720_X1_Rec2_(SCLEROS)	SJRHB015720_X1		RMS-MYOD1	Sclerosal RMS	St Jude data administrator (email)	histology_spindle_sclerosing		CSTN portal, exact model	Rhabdomyosarcoma	Sclerosing subtype	in CSTN	H3K36me3	regulatory		hg19		files/rhb/RHB/CHIPSEQ/SJRHB015720_X1_Rec2_(SCLEROS)-H3K36me3.bw	FORMAL REQUEST (St Jude CSTN / EGA data access agreement)	no - same material as the EGA deposit	https://viz.stjude.cloud/st-jude-childrens-research-hospital/visualization/epigenetic-landscape-of-rhabdomyosarcoma-subtypes~67
RHB	Epigenetic landscape of rhabdomyosarcoma subtypes	SJNORM010254_Myoblast-Normal	SJNORM010254_Myoblast-Normal		normal/reference		browser label (normal/reference material)						in CSTN	H3K4me1	regulatory		hg19		files/rhb/RHB/CHIPSEQ/SJNORM010254_Myoblast-Normal-H3K4me1.bw	FORMAL REQUEST (St Jude CSTN / EGA data access agreement)	no - same material as the EGA deposit	https://viz.stjude.cloud/st-jude-childrens-research-hospital/visualization/epigenetic-landscape-of-rhabdomyosarcoma-subtypes~67
RHB	Epigenetic landscape of rhabdomyosarcoma subtypes	SJNORM010254_Myotube-Normal	SJNORM010254_Myotube-Normal		normal/reference		browser label (normal/reference material)						in CSTN	H3K4me1	regulatory		hg19		files/rhb/RHB/CHIPSEQ/SJNORM010254_Myotube-Normal-H3K4me1.bw	FORMAL REQUEST (St Jude CSTN / EGA data access agreement)	no - same material as the EGA deposit	https://viz.stjude.cloud/st-jude-childrens-research-hospital/visualization/epigenetic-landscape-of-rhabdomyosarcoma-subtypes~67
RHB	Epigenetic landscape of rhabdomyosarcoma subtypes	SJNORM012476_FQ21-Normal	SJNORM012476_FQ21-Normal		normal/reference		browser label (normal/reference material)						in CSTN	H3K4me1	regulatory		hg19		files/rhb/RHB/CHIPSEQ/SJNORM012476_FQ21-Normal-H3K4me1.bw	FORMAL REQUEST (St Jude CSTN / EGA data access agreement)	no - same material as the EGA deposit	https://viz.stjude.cloud/st-jude-childrens-research-hospital/visualization/epigenetic-landscape-of-rhabdomyosarcoma-subtypes~67
RHB	Epigenetic landscape of rhabdomyosarcoma subtypes	SJRHB000026_X1_Rec3_(ERMS)	SJRHB000026_X1		FN-RMS	Rhabdomyosarcoma / Fusion negative	St Jude data administrator (email)	institutional_diagnosis	none (fusion negative)	CSTN portal, exact model	Rhabdomyosarcoma	fusion negative	in CSTN	H3K4me1	regulatory		hg19		files/rhb/RHB/CHIPSEQ/SJRHB000026_X1_Rec3_(ERMS)-H3K4me1.bw	FORMAL REQUEST (St Jude CSTN / EGA data access agreement)	no - same material as the EGA deposit	https://viz.stjude.cloud/st-jude-childrens-research-hospital/visualization/epigenetic-landscape-of-rhabdomyosarcoma-subtypes~67
RHB	Epigenetic landscape of rhabdomyosarcoma subtypes	SJRHB000026_X2_Rec4_(ERMS)	SJRHB000026_X2		FN-RMS	Rhabdomyosarcoma / Fusion negative	St Jude data administrator (email)	institutional_diagnosis	none (fusion negative)	CSTN portal, exact model	Rhabdomyosarcoma	fusion negative	in CSTN	H3K4me1	regulatory		hg19		files/rhb/RHB/CHIPSEQ/SJRHB000026_X2_Rec4_(ERMS)-H3K4me1.bw	FORMAL REQUEST (St Jude CSTN / EGA data access agreement)	no - same material as the EGA deposit	https://viz.stjude.cloud/st-jude-childrens-research-hospital/visualization/epigenetic-landscape-of-rhabdomyosarcoma-subtypes~67
RHB	Epigenetic landscape of rhabdomyosarcoma subtypes	SJRHB010463_X16_Rec1_(ARMS)	SJRHB010463_X16		FP-RMS		browser label - NOT in the administrator's list (see discrepancy report)	histology	PAX3::FOXO1	CSTN portal, exact model	Rhabdomyosarcoma	fusion positive, PAX3-FOXO1	in CSTN	H3K4me1	regulatory		hg19		files/rhb/RHB/CHIPSEQ/SJRHB010463_X16_Rec1_(ARMS)-H3K4me1.bw	FORMAL REQUEST (St Jude CSTN / EGA data access agreement)	no - same material as the EGA deposit	https://viz.stjude.cloud/st-jude-childrens-research-hospital/visualization/epigenetic-landscape-of-rhabdomyosarcoma-subtypes~67
RHB	Epigenetic landscape of rhabdomyosarcoma subtypes	SJRHB010468_X1_Prim_(ARMS)	SJRHB010468_X1		FP-RMS	Rhabdomyosarcoma / Fusion positive	St Jude data administrator (email)	institutional_diagnosis	PAX7::FOXO1	CSTN portal, exact model	Rhabdomyosarcoma	fusion positive, PAX7-FOXO1	in CSTN	H3K4me1	regulatory		hg19		files/rhb/RHB/CHIPSEQ/SJRHB010468_X1_Prim_(ARMS)-H3K4me1.bw	FORMAL REQUEST (St Jude CSTN / EGA data access agreement)	no - same material as the EGA deposit	https://viz.stjude.cloud/st-jude-childrens-research-hospital/visualization/epigenetic-landscape-of-rhabdomyosarcoma-subtypes~67
RHB	Epigenetic landscape of rhabdomyosarcoma subtypes	SJRHB010927_X1_Prim_(ERMS)	SJRHB010927_X1		FN-RMS	Rhabdomyosarcoma / Fusion negative	St Jude data administrator (email)	institutional_diagnosis	none (fusion negative)	CSTN portal, exact model	Rhabdomyosarcoma	fusion negative	in CSTN	H3K4me1	regulatory		hg19		files/rhb/RHB/CHIPSEQ/SJRHB010927_X1_Prim_(ERMS)-H3K4me1.bw	FORMAL REQUEST (St Jude CSTN / EGA data access agreement)	no - same material as the EGA deposit	https://viz.stjude.cloud/st-jude-childrens-research-hospital/visualization/epigenetic-landscape-of-rhabdomyosarcoma-subtypes~67
RHB	Epigenetic landscape of rhabdomyosarcoma subtypes	SJRHB010928_X1_Rec1_(ERMS)	SJRHB010928_X1		FN-RMS	Rhabdomyosarcoma / Fusion negative	St Jude data administrator (email)	institutional_diagnosis	none (fusion negative)	CSTN portal, exact model	Rhabdomyosarcoma	fusion negative	in CSTN	H3K4me1	regulatory		hg19		files/rhb/RHB/CHIPSEQ/SJRHB010928_X1_Rec1_(ERMS)-H3K4me1.bw	FORMAL REQUEST (St Jude CSTN / EGA data access agreement)	no - same material as the EGA deposit	https://viz.stjude.cloud/st-jude-childrens-research-hospital/visualization/epigenetic-landscape-of-rhabdomyosarcoma-subtypes~67
RHB	Epigenetic landscape of rhabdomyosarcoma subtypes	SJRHB011_Y_Prim_(ERMS)	SJRHB011_Y		FN-RMS	Rhabdomyosarcoma / Fusion negative	St Jude data administrator (email)	institutional_diagnosis	none (fusion negative)	CSTN portal, exact model	Rhabdomyosarcoma	fusion negative	in CSTN	H3K4me1	regulatory		hg19		files/rhb/RHB/CHIPSEQ/SJRHB011_Y_Prim_(ERMS)-H3K4me1.bw	FORMAL REQUEST (St Jude CSTN / EGA data access agreement)	no - same material as the EGA deposit	https://viz.stjude.cloud/st-jude-childrens-research-hospital/visualization/epigenetic-landscape-of-rhabdomyosarcoma-subtypes~67
RHB	Epigenetic landscape of rhabdomyosarcoma subtypes	SJRHB011_X_Rec1_(ERMS)	SJRHB011_X		FN-RMS	Rhabdomyosarcoma / Fusion negative	St Jude data administrator (email)	institutional_diagnosis	none (fusion negative)	CSTN portal, exact model	Rhabdomyosarcoma	fusion negative	in CSTN	H3K4me1	regulatory		hg19		files/rhb/RHB/CHIPSEQ/SJRHB011_X_Rec1_(ERMS)-H3K4me1.bw	FORMAL REQUEST (St Jude CSTN / EGA data access agreement)	no - same material as the EGA deposit	https://viz.stjude.cloud/st-jude-childrens-research-hospital/visualization/epigenetic-landscape-of-rhabdomyosarcoma-subtypes~67
RHB	Epigenetic landscape of rhabdomyosarcoma subtypes	SJRHB012405_X1_Rec1_(ERMS)	SJRHB012405_X1		FN-RMS	Rhabdomyosarcoma / Fusion negative	St Jude data administrator (email)	institutional_diagnosis	none (fusion negative)	CSTN portal, exact model	Rhabdomyosarcoma	fusion negative	in CSTN	H3K4me1	regulatory		hg19		files/rhb/RHB/CHIPSEQ/SJRHB012405_X1_Rec1_(ERMS)-H3K4me1.bw	FORMAL REQUEST (St Jude CSTN / EGA data access agreement)	no - same material as the EGA deposit	https://viz.stjude.cloud/st-jude-childrens-research-hospital/visualization/epigenetic-landscape-of-rhabdomyosarcoma-subtypes~67
RHB	Epigenetic landscape of rhabdomyosarcoma subtypes	SJRHB012_Y_Rec1_SiteA_(ERMS)	SJRHB012_Y		FN-RMS	Rhabdomyosarcoma / Fusion negative	St Jude data administrator (email)	institutional_diagnosis	none (fusion negative)	CSTN portal, exact model	Rhabdomyosarcoma	fusion negative	in CSTN	H3K4me1	regulatory		hg19		files/rhb/RHB/CHIPSEQ/SJRHB012_Y_Rec1_SiteA_(ERMS)-H3K4me1.bw	FORMAL REQUEST (St Jude CSTN / EGA data access agreement)	no - same material as the EGA deposit	https://viz.stjude.cloud/st-jude-childrens-research-hospital/visualization/epigenetic-landscape-of-rhabdomyosarcoma-subtypes~67
RHB	Epigenetic landscape of rhabdomyosarcoma subtypes	SJRHB012_Z_Rec1_SiteB_(ERMS)	SJRHB012_Z		FN-RMS	Rhabdomyosarcoma / Fusion negative	St Jude data administrator (email)	institutional_diagnosis	none (fusion negative)	CSTN portal, exact model	Rhabdomyosarcoma	fusion negative	in CSTN	H3K4me1	regulatory		hg19		files/rhb/RHB/CHIPSEQ/SJRHB012_Z_Rec1_SiteB_(ERMS)-H3K4me1.bw	FORMAL REQUEST (St Jude CSTN / EGA data access agreement)	no - same material as the EGA deposit	https://viz.stjude.cloud/st-jude-childrens-research-hospital/visualization/epigenetic-landscape-of-rhabdomyosarcoma-subtypes~67
RHB	Epigenetic landscape of rhabdomyosarcoma subtypes	SJRHB013757_X1_Prim_(ARMS)	SJRHB013757_X1		FP-RMS	Rhabdomyosarcoma / Fusion positive	St Jude data administrator (email)	institutional_diagnosis	PAX7::FOXO1	CSTN portal, sibling passage SJRHB013757_X2 (patient-level)	Rhabdomyosarcoma	fusion positive, PAX7-FOXO1	in CSTN	H3K4me1	regulatory		hg19		files/rhb/RHB/CHIPSEQ/SJRHB013757_X1_Prim_(ARMS)-H3K4me1.bw	FORMAL REQUEST (St Jude CSTN / EGA data access agreement)	no - same material as the EGA deposit	https://viz.stjude.cloud/st-jude-childrens-research-hospital/visualization/epigenetic-landscape-of-rhabdomyosarcoma-subtypes~67
RHB	Epigenetic landscape of rhabdomyosarcoma subtypes	SJRHB013758_X1_Prim_(ERMS)	SJRHB013758_X1		FN-RMS	Rhabdomyosarcoma / Fusion negative	St Jude data administrator (email)	institutional_diagnosis	none (fusion negative)	CSTN portal, exact model	Rhabdomyosarcoma	fusion negative	in CSTN	H3K4me1	regulatory		hg19		files/rhb/RHB/CHIPSEQ/SJRHB013758_X1_Prim_(ERMS)-H3K4me1.bw	FORMAL REQUEST (St Jude CSTN / EGA data access agreement)	no - same material as the EGA deposit	https://viz.stjude.cloud/st-jude-childrens-research-hospital/visualization/epigenetic-landscape-of-rhabdomyosarcoma-subtypes~67
RHB	Epigenetic landscape of rhabdomyosarcoma subtypes	SJRHB013758_X2_Rec1_(ERMS)	SJRHB013758_X2		FN-RMS	Rhabdomyosarcoma / Fusion negative	St Jude data administrator (email)	institutional_diagnosis	none (fusion negative)	CSTN portal, exact model	Rhabdomyosarcoma	fusion negative	in CSTN	H3K4me1	regulatory		hg19		files/rhb/RHB/CHIPSEQ/SJRHB013758_X2_Rec1_(ERMS)-H3K4me1.bw	FORMAL REQUEST (St Jude CSTN / EGA data access agreement)	no - same material as the EGA deposit	https://viz.stjude.cloud/st-jude-childrens-research-hospital/visualization/epigenetic-landscape-of-rhabdomyosarcoma-subtypes~67
RHB	Epigenetic landscape of rhabdomyosarcoma subtypes	SJRHB013759_X1_Rec1_(ARMS)	SJRHB013759_X1		FP-RMS	Rhabdomyosarcoma / Fusion positive	St Jude data administrator (email)	institutional_diagnosis	PAX3::FOXO1	CSTN portal, exact model	Rhabdomyosarcoma	fusion positive, PAX3-FOXO1	in CSTN	H3K4me1	regulatory		hg19		files/rhb/RHB/CHIPSEQ/SJRHB013759_X1_Rec1_(ARMS)-H3K4me1.bw	FORMAL REQUEST (St Jude CSTN / EGA data access agreement)	no - same material as the EGA deposit	https://viz.stjude.cloud/st-jude-childrens-research-hospital/visualization/epigenetic-landscape-of-rhabdomyosarcoma-subtypes~67
RHB	Epigenetic landscape of rhabdomyosarcoma subtypes	SJRHB015720_X1_Rec2_(SCLEROS)	SJRHB015720_X1		RMS-MYOD1	Sclerosal RMS	St Jude data administrator (email)	histology_spindle_sclerosing		CSTN portal, exact model	Rhabdomyosarcoma	Sclerosing subtype	in CSTN	H3K4me1	regulatory		hg19		files/rhb/RHB/CHIPSEQ/SJRHB015720_X1_Rec2_(SCLEROS)-H3K4me1.bw	FORMAL REQUEST (St Jude CSTN / EGA data access agreement)	no - same material as the EGA deposit	https://viz.stjude.cloud/st-jude-childrens-research-hospital/visualization/epigenetic-landscape-of-rhabdomyosarcoma-subtypes~67
RHB	Epigenetic landscape of rhabdomyosarcoma subtypes	SJNORM010254_Myoblast-Normal	SJNORM010254_Myoblast-Normal		normal/reference		browser label (normal/reference material)						in CSTN	H3K4me2	regulatory		hg19		files/rhb/RHB/CHIPSEQ/SJNORM010254_Myoblast-Normal-H3K4me2.bw	FORMAL REQUEST (St Jude CSTN / EGA data access agreement)	no - same material as the EGA deposit	https://viz.stjude.cloud/st-jude-childrens-research-hospital/visualization/epigenetic-landscape-of-rhabdomyosarcoma-subtypes~67
RHB	Epigenetic landscape of rhabdomyosarcoma subtypes	SJNORM010254_Myotube-Normal	SJNORM010254_Myotube-Normal		normal/reference		browser label (normal/reference material)						in CSTN	H3K4me2	regulatory		hg19		files/rhb/RHB/CHIPSEQ/SJNORM010254_Myotube-Normal-H3K4me2.bw	FORMAL REQUEST (St Jude CSTN / EGA data access agreement)	no - same material as the EGA deposit	https://viz.stjude.cloud/st-jude-childrens-research-hospital/visualization/epigenetic-landscape-of-rhabdomyosarcoma-subtypes~67
RHB	Epigenetic landscape of rhabdomyosarcoma subtypes	SJNORM012476_FQ21-Normal	SJNORM012476_FQ21-Normal		normal/reference		browser label (normal/reference material)						in CSTN	H3K4me2	regulatory		hg19		files/rhb/RHB/CHIPSEQ/SJNORM012476_FQ21-Normal-H3K4me2.bw	FORMAL REQUEST (St Jude CSTN / EGA data access agreement)	no - same material as the EGA deposit	https://viz.stjude.cloud/st-jude-childrens-research-hospital/visualization/epigenetic-landscape-of-rhabdomyosarcoma-subtypes~67
RHB	Epigenetic landscape of rhabdomyosarcoma subtypes	SJRHB000026_X1_Rec3_(ERMS)	SJRHB000026_X1		FN-RMS	Rhabdomyosarcoma / Fusion negative	St Jude data administrator (email)	institutional_diagnosis	none (fusion negative)	CSTN portal, exact model	Rhabdomyosarcoma	fusion negative	in CSTN	H3K4me2	regulatory		hg19		files/rhb/RHB/CHIPSEQ/SJRHB000026_X1_Rec3_(ERMS)-H3K4me2.bw	FORMAL REQUEST (St Jude CSTN / EGA data access agreement)	no - same material as the EGA deposit	https://viz.stjude.cloud/st-jude-childrens-research-hospital/visualization/epigenetic-landscape-of-rhabdomyosarcoma-subtypes~67
RHB	Epigenetic landscape of rhabdomyosarcoma subtypes	SJRHB000026_X2_Rec4_(ERMS)	SJRHB000026_X2		FN-RMS	Rhabdomyosarcoma / Fusion negative	St Jude data administrator (email)	institutional_diagnosis	none (fusion negative)	CSTN portal, exact model	Rhabdomyosarcoma	fusion negative	in CSTN	H3K4me2	regulatory		hg19		files/rhb/RHB/CHIPSEQ/SJRHB000026_X2_Rec4_(ERMS)-H3K4me2.bw	FORMAL REQUEST (St Jude CSTN / EGA data access agreement)	no - same material as the EGA deposit	https://viz.stjude.cloud/st-jude-childrens-research-hospital/visualization/epigenetic-landscape-of-rhabdomyosarcoma-subtypes~67
RHB	Epigenetic landscape of rhabdomyosarcoma subtypes	SJRHB010463_X16_Rec1_(ARMS)	SJRHB010463_X16		FP-RMS		browser label - NOT in the administrator's list (see discrepancy report)	histology	PAX3::FOXO1	CSTN portal, exact model	Rhabdomyosarcoma	fusion positive, PAX3-FOXO1	in CSTN	H3K4me2	regulatory		hg19		files/rhb/RHB/CHIPSEQ/SJRHB010463_X16_Rec1_(ARMS)-H3K4me2.bw	FORMAL REQUEST (St Jude CSTN / EGA data access agreement)	no - same material as the EGA deposit	https://viz.stjude.cloud/st-jude-childrens-research-hospital/visualization/epigenetic-landscape-of-rhabdomyosarcoma-subtypes~67
RHB	Epigenetic landscape of rhabdomyosarcoma subtypes	SJRHB010468_X1_Prim_(ARMS)	SJRHB010468_X1		FP-RMS	Rhabdomyosarcoma / Fusion positive	St Jude data administrator (email)	institutional_diagnosis	PAX7::FOXO1	CSTN portal, exact model	Rhabdomyosarcoma	fusion positive, PAX7-FOXO1	in CSTN	H3K4me2	regulatory		hg19		files/rhb/RHB/CHIPSEQ/SJRHB010468_X1_Prim_(ARMS)-H3K4me2.bw	FORMAL REQUEST (St Jude CSTN / EGA data access agreement)	no - same material as the EGA deposit	https://viz.stjude.cloud/st-jude-childrens-research-hospital/visualization/epigenetic-landscape-of-rhabdomyosarcoma-subtypes~67
RHB	Epigenetic landscape of rhabdomyosarcoma subtypes	SJRHB010927_X1_Prim_(ERMS)	SJRHB010927_X1		FN-RMS	Rhabdomyosarcoma / Fusion negative	St Jude data administrator (email)	institutional_diagnosis	none (fusion negative)	CSTN portal, exact model	Rhabdomyosarcoma	fusion negative	in CSTN	H3K4me2	regulatory		hg19		files/rhb/RHB/CHIPSEQ/SJRHB010927_X1_Prim_(ERMS)-H3K4me2.bw	FORMAL REQUEST (St Jude CSTN / EGA data access agreement)	no - same material as the EGA deposit	https://viz.stjude.cloud/st-jude-childrens-research-hospital/visualization/epigenetic-landscape-of-rhabdomyosarcoma-subtypes~67
RHB	Epigenetic landscape of rhabdomyosarcoma subtypes	SJRHB010928_X1_Rec1_(ERMS)	SJRHB010928_X1		FN-RMS	Rhabdomyosarcoma / Fusion negative	St Jude data administrator (email)	institutional_diagnosis	none (fusion negative)	CSTN portal, exact model	Rhabdomyosarcoma	fusion negative	in CSTN	H3K4me2	regulatory		hg19		files/rhb/RHB/CHIPSEQ/SJRHB010928_X1_Rec1_(ERMS)-H3K4me2.bw	FORMAL REQUEST (St Jude CSTN / EGA data access agreement)	no - same material as the EGA deposit	https://viz.stjude.cloud/st-jude-childrens-research-hospital/visualization/epigenetic-landscape-of-rhabdomyosarcoma-subtypes~67
RHB	Epigenetic landscape of rhabdomyosarcoma subtypes	SJRHB011_Y_Prim_(ERMS)	SJRHB011_Y		FN-RMS	Rhabdomyosarcoma / Fusion negative	St Jude data administrator (email)	institutional_diagnosis	none (fusion negative)	CSTN portal, exact model	Rhabdomyosarcoma	fusion negative	in CSTN	H3K4me2	regulatory		hg19		files/rhb/RHB/CHIPSEQ/SJRHB011_Y_Prim_(ERMS)-H3K4me2.bw	FORMAL REQUEST (St Jude CSTN / EGA data access agreement)	no - same material as the EGA deposit	https://viz.stjude.cloud/st-jude-childrens-research-hospital/visualization/epigenetic-landscape-of-rhabdomyosarcoma-subtypes~67
RHB	Epigenetic landscape of rhabdomyosarcoma subtypes	SJRHB011_X_Rec1_(ERMS)	SJRHB011_X		FN-RMS	Rhabdomyosarcoma / Fusion negative	St Jude data administrator (email)	institutional_diagnosis	none (fusion negative)	CSTN portal, exact model	Rhabdomyosarcoma	fusion negative	in CSTN	H3K4me2	regulatory		hg19		files/rhb/RHB/CHIPSEQ/SJRHB011_X_Rec1_(ERMS)-H3K4me2.bw	FORMAL REQUEST (St Jude CSTN / EGA data access agreement)	no - same material as the EGA deposit	https://viz.stjude.cloud/st-jude-childrens-research-hospital/visualization/epigenetic-landscape-of-rhabdomyosarcoma-subtypes~67
RHB	Epigenetic landscape of rhabdomyosarcoma subtypes	SJRHB012405_X1_Rec1_(ERMS)	SJRHB012405_X1		FN-RMS	Rhabdomyosarcoma / Fusion negative	St Jude data administrator (email)	institutional_diagnosis	none (fusion negative)	CSTN portal, exact model	Rhabdomyosarcoma	fusion negative	in CSTN	H3K4me2	regulatory		hg19		files/rhb/RHB/CHIPSEQ/SJRHB012405_X1_Rec1_(ERMS)-H3K4me2.bw	FORMAL REQUEST (St Jude CSTN / EGA data access agreement)	no - same material as the EGA deposit	https://viz.stjude.cloud/st-jude-childrens-research-hospital/visualization/epigenetic-landscape-of-rhabdomyosarcoma-subtypes~67
RHB	Epigenetic landscape of rhabdomyosarcoma subtypes	SJRHB012_Y_Rec1_SiteA_(ERMS)	SJRHB012_Y		FN-RMS	Rhabdomyosarcoma / Fusion negative	St Jude data administrator (email)	institutional_diagnosis	none (fusion negative)	CSTN portal, exact model	Rhabdomyosarcoma	fusion negative	in CSTN	H3K4me2	regulatory		hg19		files/rhb/RHB/CHIPSEQ/SJRHB012_Y_Rec1_SiteA_(ERMS)-H3K4me2.bw	FORMAL REQUEST (St Jude CSTN / EGA data access agreement)	no - same material as the EGA deposit	https://viz.stjude.cloud/st-jude-childrens-research-hospital/visualization/epigenetic-landscape-of-rhabdomyosarcoma-subtypes~67
RHB	Epigenetic landscape of rhabdomyosarcoma subtypes	SJRHB012_Z_Rec1_SiteB_(ERMS)	SJRHB012_Z		FN-RMS	Rhabdomyosarcoma / Fusion negative	St Jude data administrator (email)	institutional_diagnosis	none (fusion negative)	CSTN portal, exact model	Rhabdomyosarcoma	fusion negative	in CSTN	H3K4me2	regulatory		hg19		files/rhb/RHB/CHIPSEQ/SJRHB012_Z_Rec1_SiteB_(ERMS)-H3K4me2.bw	FORMAL REQUEST (St Jude CSTN / EGA data access agreement)	no - same material as the EGA deposit	https://viz.stjude.cloud/st-jude-childrens-research-hospital/visualization/epigenetic-landscape-of-rhabdomyosarcoma-subtypes~67
RHB	Epigenetic landscape of rhabdomyosarcoma subtypes	SJRHB013757_X1_Prim_(ARMS)	SJRHB013757_X1		FP-RMS	Rhabdomyosarcoma / Fusion positive	St Jude data administrator (email)	institutional_diagnosis	PAX7::FOXO1	CSTN portal, sibling passage SJRHB013757_X2 (patient-level)	Rhabdomyosarcoma	fusion positive, PAX7-FOXO1	in CSTN	H3K4me2	regulatory		hg19		files/rhb/RHB/CHIPSEQ/SJRHB013757_X1_Prim_(ARMS)-H3K4me2.bw	FORMAL REQUEST (St Jude CSTN / EGA data access agreement)	no - same material as the EGA deposit	https://viz.stjude.cloud/st-jude-childrens-research-hospital/visualization/epigenetic-landscape-of-rhabdomyosarcoma-subtypes~67
RHB	Epigenetic landscape of rhabdomyosarcoma subtypes	SJRHB013758_X1_Prim_(ERMS)	SJRHB013758_X1		FN-RMS	Rhabdomyosarcoma / Fusion negative	St Jude data administrator (email)	institutional_diagnosis	none (fusion negative)	CSTN portal, exact model	Rhabdomyosarcoma	fusion negative	in CSTN	H3K4me2	regulatory		hg19		files/rhb/RHB/CHIPSEQ/SJRHB013758_X1_Prim_(ERMS)-H3K4me2.bw	FORMAL REQUEST (St Jude CSTN / EGA data access agreement)	no - same material as the EGA deposit	https://viz.stjude.cloud/st-jude-childrens-research-hospital/visualization/epigenetic-landscape-of-rhabdomyosarcoma-subtypes~67
RHB	Epigenetic landscape of rhabdomyosarcoma subtypes	SJRHB013758_X2_Rec1_(ERMS)	SJRHB013758_X2		FN-RMS	Rhabdomyosarcoma / Fusion negative	St Jude data administrator (email)	institutional_diagnosis	none (fusion negative)	CSTN portal, exact model	Rhabdomyosarcoma	fusion negative	in CSTN	H3K4me2	regulatory		hg19		files/rhb/RHB/CHIPSEQ/SJRHB013758_X2_Rec1_(ERMS)-H3K4me2.bw	FORMAL REQUEST (St Jude CSTN / EGA data access agreement)	no - same material as the EGA deposit	https://viz.stjude.cloud/st-jude-childrens-research-hospital/visualization/epigenetic-landscape-of-rhabdomyosarcoma-subtypes~67
RHB	Epigenetic landscape of rhabdomyosarcoma subtypes	SJRHB013759_X1_Rec1_(ARMS)	SJRHB013759_X1		FP-RMS	Rhabdomyosarcoma / Fusion positive	St Jude data administrator (email)	institutional_diagnosis	PAX3::FOXO1	CSTN portal, exact model	Rhabdomyosarcoma	fusion positive, PAX3-FOXO1	in CSTN	H3K4me2	regulatory		hg19		files/rhb/RHB/CHIPSEQ/SJRHB013759_X1_Rec1_(ARMS)-H3K4me2.bw	FORMAL REQUEST (St Jude CSTN / EGA data access agreement)	no - same material as the EGA deposit	https://viz.stjude.cloud/st-jude-childrens-research-hospital/visualization/epigenetic-landscape-of-rhabdomyosarcoma-subtypes~67
RHB	Epigenetic landscape of rhabdomyosarcoma subtypes	SJRHB015720_X1_Rec2_(SCLEROS)	SJRHB015720_X1		RMS-MYOD1	Sclerosal RMS	St Jude data administrator (email)	histology_spindle_sclerosing		CSTN portal, exact model	Rhabdomyosarcoma	Sclerosing subtype	in CSTN	H3K4me2	regulatory		hg19		files/rhb/RHB/CHIPSEQ/SJRHB015720_X1_Rec2_(SCLEROS)-H3K4me2.bw	FORMAL REQUEST (St Jude CSTN / EGA data access agreement)	no - same material as the EGA deposit	https://viz.stjude.cloud/st-jude-childrens-research-hospital/visualization/epigenetic-landscape-of-rhabdomyosarcoma-subtypes~67
RHB	Epigenetic landscape of rhabdomyosarcoma subtypes	SJNORM010254_Myoblast-Normal	SJNORM010254_Myoblast-Normal		normal/reference		browser label (normal/reference material)						in CSTN	H3K4me3	regulatory		hg19		files/rhb/RHB/CHIPSEQ/SJNORM010254_Myoblast-Normal-H3K4me3.bw	FORMAL REQUEST (St Jude CSTN / EGA data access agreement)	no - same material as the EGA deposit	https://viz.stjude.cloud/st-jude-childrens-research-hospital/visualization/epigenetic-landscape-of-rhabdomyosarcoma-subtypes~67
RHB	Epigenetic landscape of rhabdomyosarcoma subtypes	SJNORM010254_Myotube-Normal	SJNORM010254_Myotube-Normal		normal/reference		browser label (normal/reference material)						in CSTN	H3K4me3	regulatory		hg19		files/rhb/RHB/CHIPSEQ/SJNORM010254_Myotube-Normal-H3K4me3.bw	FORMAL REQUEST (St Jude CSTN / EGA data access agreement)	no - same material as the EGA deposit	https://viz.stjude.cloud/st-jude-childrens-research-hospital/visualization/epigenetic-landscape-of-rhabdomyosarcoma-subtypes~67
RHB	Epigenetic landscape of rhabdomyosarcoma subtypes	SJNORM012476_FQ21-Normal	SJNORM012476_FQ21-Normal		normal/reference		browser label (normal/reference material)						in CSTN	H3K4me3	regulatory		hg19		files/rhb/RHB/CHIPSEQ/SJNORM012476_FQ21-Normal-H3K4me3.bw	FORMAL REQUEST (St Jude CSTN / EGA data access agreement)	no - same material as the EGA deposit	https://viz.stjude.cloud/st-jude-childrens-research-hospital/visualization/epigenetic-landscape-of-rhabdomyosarcoma-subtypes~67
RHB	Epigenetic landscape of rhabdomyosarcoma subtypes	SJRHB000026_X1_Rec3_(ERMS)	SJRHB000026_X1		FN-RMS	Rhabdomyosarcoma / Fusion negative	St Jude data administrator (email)	institutional_diagnosis	none (fusion negative)	CSTN portal, exact model	Rhabdomyosarcoma	fusion negative	in CSTN	H3K4me3	regulatory		hg19		files/rhb/RHB/CHIPSEQ/SJRHB000026_X1_Rec3_(ERMS)-H3K4me3.bw	FORMAL REQUEST (St Jude CSTN / EGA data access agreement)	no - same material as the EGA deposit	https://viz.stjude.cloud/st-jude-childrens-research-hospital/visualization/epigenetic-landscape-of-rhabdomyosarcoma-subtypes~67
RHB	Epigenetic landscape of rhabdomyosarcoma subtypes	SJRHB000026_X2_Rec4_(ERMS)	SJRHB000026_X2		FN-RMS	Rhabdomyosarcoma / Fusion negative	St Jude data administrator (email)	institutional_diagnosis	none (fusion negative)	CSTN portal, exact model	Rhabdomyosarcoma	fusion negative	in CSTN	H3K4me3	regulatory		hg19		files/rhb/RHB/CHIPSEQ/SJRHB000026_X2_Rec4_(ERMS)-H3K4me3.bw	FORMAL REQUEST (St Jude CSTN / EGA data access agreement)	no - same material as the EGA deposit	https://viz.stjude.cloud/st-jude-childrens-research-hospital/visualization/epigenetic-landscape-of-rhabdomyosarcoma-subtypes~67
RHB	Epigenetic landscape of rhabdomyosarcoma subtypes	SJRHB010463_X16_Rec1_(ARMS)	SJRHB010463_X16		FP-RMS		browser label - NOT in the administrator's list (see discrepancy report)	histology	PAX3::FOXO1	CSTN portal, exact model	Rhabdomyosarcoma	fusion positive, PAX3-FOXO1	in CSTN	H3K4me3	regulatory		hg19		files/rhb/RHB/CHIPSEQ/SJRHB010463_X16_Rec1_(ARMS)-H3K4me3.bw	FORMAL REQUEST (St Jude CSTN / EGA data access agreement)	no - same material as the EGA deposit	https://viz.stjude.cloud/st-jude-childrens-research-hospital/visualization/epigenetic-landscape-of-rhabdomyosarcoma-subtypes~67
RHB	Epigenetic landscape of rhabdomyosarcoma subtypes	SJRHB010468_X1_Prim_(ARMS)	SJRHB010468_X1		FP-RMS	Rhabdomyosarcoma / Fusion positive	St Jude data administrator (email)	institutional_diagnosis	PAX7::FOXO1	CSTN portal, exact model	Rhabdomyosarcoma	fusion positive, PAX7-FOXO1	in CSTN	H3K4me3	regulatory		hg19		files/rhb/RHB/CHIPSEQ/SJRHB010468_X1_Prim_(ARMS)-H3K4me3.bw	FORMAL REQUEST (St Jude CSTN / EGA data access agreement)	no - same material as the EGA deposit	https://viz.stjude.cloud/st-jude-childrens-research-hospital/visualization/epigenetic-landscape-of-rhabdomyosarcoma-subtypes~67
RHB	Epigenetic landscape of rhabdomyosarcoma subtypes	SJRHB010927_X1_Prim_(ERMS)	SJRHB010927_X1		FN-RMS	Rhabdomyosarcoma / Fusion negative	St Jude data administrator (email)	institutional_diagnosis	none (fusion negative)	CSTN portal, exact model	Rhabdomyosarcoma	fusion negative	in CSTN	H3K4me3	regulatory		hg19		files/rhb/RHB/CHIPSEQ/SJRHB010927_X1_Prim_(ERMS)-H3K4me3.bw	FORMAL REQUEST (St Jude CSTN / EGA data access agreement)	no - same material as the EGA deposit	https://viz.stjude.cloud/st-jude-childrens-research-hospital/visualization/epigenetic-landscape-of-rhabdomyosarcoma-subtypes~67
RHB	Epigenetic landscape of rhabdomyosarcoma subtypes	SJRHB010928_X1_Rec1_(ERMS)	SJRHB010928_X1		FN-RMS	Rhabdomyosarcoma / Fusion negative	St Jude data administrator (email)	institutional_diagnosis	none (fusion negative)	CSTN portal, exact model	Rhabdomyosarcoma	fusion negative	in CSTN	H3K4me3	regulatory		hg19		files/rhb/RHB/CHIPSEQ/SJRHB010928_X1_Rec1_(ERMS)-H3K4me3.bw	FORMAL REQUEST (St Jude CSTN / EGA data access agreement)	no - same material as the EGA deposit	https://viz.stjude.cloud/st-jude-childrens-research-hospital/visualization/epigenetic-landscape-of-rhabdomyosarcoma-subtypes~67
RHB	Epigenetic landscape of rhabdomyosarcoma subtypes	SJRHB011_Y_Prim_(ERMS)	SJRHB011_Y		FN-RMS	Rhabdomyosarcoma / Fusion negative	St Jude data administrator (email)	institutional_diagnosis	none (fusion negative)	CSTN portal, exact model	Rhabdomyosarcoma	fusion negative	in CSTN	H3K4me3	regulatory		hg19		files/rhb/RHB/CHIPSEQ/SJRHB011_Y_Prim_(ERMS)-H3K4me3.bw	FORMAL REQUEST (St Jude CSTN / EGA data access agreement)	no - same material as the EGA deposit	https://viz.stjude.cloud/st-jude-childrens-research-hospital/visualization/epigenetic-landscape-of-rhabdomyosarcoma-subtypes~67
RHB	Epigenetic landscape of rhabdomyosarcoma subtypes	SJRHB011_X_Rec1_(ERMS)	SJRHB011_X		FN-RMS	Rhabdomyosarcoma / Fusion negative	St Jude data administrator (email)	institutional_diagnosis	none (fusion negative)	CSTN portal, exact model	Rhabdomyosarcoma	fusion negative	in CSTN	H3K4me3	regulatory		hg19		files/rhb/RHB/CHIPSEQ/SJRHB011_X_Rec1_(ERMS)-H3K4me3.bw	FORMAL REQUEST (St Jude CSTN / EGA data access agreement)	no - same material as the EGA deposit	https://viz.stjude.cloud/st-jude-childrens-research-hospital/visualization/epigenetic-landscape-of-rhabdomyosarcoma-subtypes~67
RHB	Epigenetic landscape of rhabdomyosarcoma subtypes	SJRHB012405_X1_Rec1_(ERMS)	SJRHB012405_X1		FN-RMS	Rhabdomyosarcoma / Fusion negative	St Jude data administrator (email)	institutional_diagnosis	none (fusion negative)	CSTN portal, exact model	Rhabdomyosarcoma	fusion negative	in CSTN	H3K4me3	regulatory		hg19		files/rhb/RHB/CHIPSEQ/SJRHB012405_X1_Rec1_(ERMS)-H3K4me3.bw	FORMAL REQUEST (St Jude CSTN / EGA data access agreement)	no - same material as the EGA deposit	https://viz.stjude.cloud/st-jude-childrens-research-hospital/visualization/epigenetic-landscape-of-rhabdomyosarcoma-subtypes~67
RHB	Epigenetic landscape of rhabdomyosarcoma subtypes	SJRHB012_Y_Rec1_SiteA_(ERMS)	SJRHB012_Y		FN-RMS	Rhabdomyosarcoma / Fusion negative	St Jude data administrator (email)	institutional_diagnosis	none (fusion negative)	CSTN portal, exact model	Rhabdomyosarcoma	fusion negative	in CSTN	H3K4me3	regulatory		hg19		files/rhb/RHB/CHIPSEQ/SJRHB012_Y_Rec1_SiteA_(ERMS)-H3K4me3.bw	FORMAL REQUEST (St Jude CSTN / EGA data access agreement)	no - same material as the EGA deposit	https://viz.stjude.cloud/st-jude-childrens-research-hospital/visualization/epigenetic-landscape-of-rhabdomyosarcoma-subtypes~67
RHB	Epigenetic landscape of rhabdomyosarcoma subtypes	SJRHB012_Z_Rec1_SiteB_(ERMS)	SJRHB012_Z		FN-RMS	Rhabdomyosarcoma / Fusion negative	St Jude data administrator (email)	institutional_diagnosis	none (fusion negative)	CSTN portal, exact model	Rhabdomyosarcoma	fusion negative	in CSTN	H3K4me3	regulatory		hg19		files/rhb/RHB/CHIPSEQ/SJRHB012_Z_Rec1_SiteB_(ERMS)-H3K4me3.bw	FORMAL REQUEST (St Jude CSTN / EGA data access agreement)	no - same material as the EGA deposit	https://viz.stjude.cloud/st-jude-childrens-research-hospital/visualization/epigenetic-landscape-of-rhabdomyosarcoma-subtypes~67
RHB	Epigenetic landscape of rhabdomyosarcoma subtypes	SJRHB013757_X1_Prim_(ARMS)	SJRHB013757_X1		FP-RMS	Rhabdomyosarcoma / Fusion positive	St Jude data administrator (email)	institutional_diagnosis	PAX7::FOXO1	CSTN portal, sibling passage SJRHB013757_X2 (patient-level)	Rhabdomyosarcoma	fusion positive, PAX7-FOXO1	in CSTN	H3K4me3	regulatory		hg19		files/rhb/RHB/CHIPSEQ/SJRHB013757_X1_Prim_(ARMS)-H3K4me3.bw	FORMAL REQUEST (St Jude CSTN / EGA data access agreement)	no - same material as the EGA deposit	https://viz.stjude.cloud/st-jude-childrens-research-hospital/visualization/epigenetic-landscape-of-rhabdomyosarcoma-subtypes~67
RHB	Epigenetic landscape of rhabdomyosarcoma subtypes	SJRHB013758_X1_Prim_(ERMS)	SJRHB013758_X1		FN-RMS	Rhabdomyosarcoma / Fusion negative	St Jude data administrator (email)	institutional_diagnosis	none (fusion negative)	CSTN portal, exact model	Rhabdomyosarcoma	fusion negative	in CSTN	H3K4me3	regulatory		hg19		files/rhb/RHB/CHIPSEQ/SJRHB013758_X1_Prim_(ERMS)-H3K4me3.bw	FORMAL REQUEST (St Jude CSTN / EGA data access agreement)	no - same material as the EGA deposit	https://viz.stjude.cloud/st-jude-childrens-research-hospital/visualization/epigenetic-landscape-of-rhabdomyosarcoma-subtypes~67
RHB	Epigenetic landscape of rhabdomyosarcoma subtypes	SJRHB013758_X2_Rec1_(ERMS)	SJRHB013758_X2		FN-RMS	Rhabdomyosarcoma / Fusion negative	St Jude data administrator (email)	institutional_diagnosis	none (fusion negative)	CSTN portal, exact model	Rhabdomyosarcoma	fusion negative	in CSTN	H3K4me3	regulatory		hg19		files/rhb/RHB/CHIPSEQ/SJRHB013758_X2_Rec1_(ERMS)-H3K4me3.bw	FORMAL REQUEST (St Jude CSTN / EGA data access agreement)	no - same material as the EGA deposit	https://viz.stjude.cloud/st-jude-childrens-research-hospital/visualization/epigenetic-landscape-of-rhabdomyosarcoma-subtypes~67
RHB	Epigenetic landscape of rhabdomyosarcoma subtypes	SJRHB013759_X1_Rec1_(ARMS)	SJRHB013759_X1		FP-RMS	Rhabdomyosarcoma / Fusion positive	St Jude data administrator (email)	institutional_diagnosis	PAX3::FOXO1	CSTN portal, exact model	Rhabdomyosarcoma	fusion positive, PAX3-FOXO1	in CSTN	H3K4me3	regulatory		hg19		files/rhb/RHB/CHIPSEQ/SJRHB013759_X1_Rec1_(ARMS)-H3K4me3.bw	FORMAL REQUEST (St Jude CSTN / EGA data access agreement)	no - same material as the EGA deposit	https://viz.stjude.cloud/st-jude-childrens-research-hospital/visualization/epigenetic-landscape-of-rhabdomyosarcoma-subtypes~67
RHB	Epigenetic landscape of rhabdomyosarcoma subtypes	SJRHB015720_X1_Rec2_(SCLEROS)	SJRHB015720_X1		RMS-MYOD1	Sclerosal RMS	St Jude data administrator (email)	histology_spindle_sclerosing		CSTN portal, exact model	Rhabdomyosarcoma	Sclerosing subtype	in CSTN	H3K4me3	regulatory		hg19		files/rhb/RHB/CHIPSEQ/SJRHB015720_X1_Rec2_(SCLEROS)-H3K4me3.bw	FORMAL REQUEST (St Jude CSTN / EGA data access agreement)	no - same material as the EGA deposit	https://viz.stjude.cloud/st-jude-childrens-research-hospital/visualization/epigenetic-landscape-of-rhabdomyosarcoma-subtypes~67
RHB	Epigenetic landscape of rhabdomyosarcoma subtypes	SJNORM010254_Myoblast-Normal	SJNORM010254_Myoblast-Normal		normal/reference		browser label (normal/reference material)						in CSTN	H3K9-14Ac	regulatory		hg19		files/rhb/RHB/CHIPSEQ/SJNORM010254_Myoblast-Normal-H3K9-14Ac.bw	FORMAL REQUEST (St Jude CSTN / EGA data access agreement)	no - same material as the EGA deposit	https://viz.stjude.cloud/st-jude-childrens-research-hospital/visualization/epigenetic-landscape-of-rhabdomyosarcoma-subtypes~67
RHB	Epigenetic landscape of rhabdomyosarcoma subtypes	SJNORM010254_Myotube-Normal	SJNORM010254_Myotube-Normal		normal/reference		browser label (normal/reference material)						in CSTN	H3K9-14Ac	regulatory		hg19		files/rhb/RHB/CHIPSEQ/SJNORM010254_Myotube-Normal-H3K9-14Ac.bw	FORMAL REQUEST (St Jude CSTN / EGA data access agreement)	no - same material as the EGA deposit	https://viz.stjude.cloud/st-jude-childrens-research-hospital/visualization/epigenetic-landscape-of-rhabdomyosarcoma-subtypes~67
RHB	Epigenetic landscape of rhabdomyosarcoma subtypes	SJNORM012476_FQ21-Normal	SJNORM012476_FQ21-Normal		normal/reference		browser label (normal/reference material)						in CSTN	H3K9-14Ac	regulatory		hg19		files/rhb/RHB/CHIPSEQ/SJNORM012476_FQ21-Normal-H3K9-14Ac.bw	FORMAL REQUEST (St Jude CSTN / EGA data access agreement)	no - same material as the EGA deposit	https://viz.stjude.cloud/st-jude-childrens-research-hospital/visualization/epigenetic-landscape-of-rhabdomyosarcoma-subtypes~67
RHB	Epigenetic landscape of rhabdomyosarcoma subtypes	SJRHB000026_X1_Rec3_(ERMS)	SJRHB000026_X1		FN-RMS	Rhabdomyosarcoma / Fusion negative	St Jude data administrator (email)	institutional_diagnosis	none (fusion negative)	CSTN portal, exact model	Rhabdomyosarcoma	fusion negative	in CSTN	H3K9-14Ac	regulatory		hg19		files/rhb/RHB/CHIPSEQ/SJRHB000026_X1_Rec3_(ERMS)-H3K9-14Ac.bw	FORMAL REQUEST (St Jude CSTN / EGA data access agreement)	no - same material as the EGA deposit	https://viz.stjude.cloud/st-jude-childrens-research-hospital/visualization/epigenetic-landscape-of-rhabdomyosarcoma-subtypes~67
RHB	Epigenetic landscape of rhabdomyosarcoma subtypes	SJRHB000026_X2_Rec4_(ERMS)	SJRHB000026_X2		FN-RMS	Rhabdomyosarcoma / Fusion negative	St Jude data administrator (email)	institutional_diagnosis	none (fusion negative)	CSTN portal, exact model	Rhabdomyosarcoma	fusion negative	in CSTN	H3K9-14Ac	regulatory		hg19		files/rhb/RHB/CHIPSEQ/SJRHB000026_X2_Rec4_(ERMS)-H3K9-14Ac.bw	FORMAL REQUEST (St Jude CSTN / EGA data access agreement)	no - same material as the EGA deposit	https://viz.stjude.cloud/st-jude-childrens-research-hospital/visualization/epigenetic-landscape-of-rhabdomyosarcoma-subtypes~67
RHB	Epigenetic landscape of rhabdomyosarcoma subtypes	SJRHB010463_X16_Rec1_(ARMS)	SJRHB010463_X16		FP-RMS		browser label - NOT in the administrator's list (see discrepancy report)	histology	PAX3::FOXO1	CSTN portal, exact model	Rhabdomyosarcoma	fusion positive, PAX3-FOXO1	in CSTN	H3K9-14Ac	regulatory		hg19		files/rhb/RHB/CHIPSEQ/SJRHB010463_X16_Rec1_(ARMS)-H3K9-14Ac.bw	FORMAL REQUEST (St Jude CSTN / EGA data access agreement)	no - same material as the EGA deposit	https://viz.stjude.cloud/st-jude-childrens-research-hospital/visualization/epigenetic-landscape-of-rhabdomyosarcoma-subtypes~67
RHB	Epigenetic landscape of rhabdomyosarcoma subtypes	SJRHB010468_X1_Prim_(ARMS)	SJRHB010468_X1		FP-RMS	Rhabdomyosarcoma / Fusion positive	St Jude data administrator (email)	institutional_diagnosis	PAX7::FOXO1	CSTN portal, exact model	Rhabdomyosarcoma	fusion positive, PAX7-FOXO1	in CSTN	H3K9-14Ac	regulatory		hg19		files/rhb/RHB/CHIPSEQ/SJRHB010468_X1_Prim_(ARMS)-H3K9-14Ac.bw	FORMAL REQUEST (St Jude CSTN / EGA data access agreement)	no - same material as the EGA deposit	https://viz.stjude.cloud/st-jude-childrens-research-hospital/visualization/epigenetic-landscape-of-rhabdomyosarcoma-subtypes~67
RHB	Epigenetic landscape of rhabdomyosarcoma subtypes	SJRHB010927_X1_Prim_(ERMS)	SJRHB010927_X1		FN-RMS	Rhabdomyosarcoma / Fusion negative	St Jude data administrator (email)	institutional_diagnosis	none (fusion negative)	CSTN portal, exact model	Rhabdomyosarcoma	fusion negative	in CSTN	H3K9-14Ac	regulatory		hg19		files/rhb/RHB/CHIPSEQ/SJRHB010927_X1_Prim_(ERMS)-H3K9-14Ac.bw	FORMAL REQUEST (St Jude CSTN / EGA data access agreement)	no - same material as the EGA deposit	https://viz.stjude.cloud/st-jude-childrens-research-hospital/visualization/epigenetic-landscape-of-rhabdomyosarcoma-subtypes~67
RHB	Epigenetic landscape of rhabdomyosarcoma subtypes	SJRHB010928_X1_Rec1_(ERMS)	SJRHB010928_X1		FN-RMS	Rhabdomyosarcoma / Fusion negative	St Jude data administrator (email)	institutional_diagnosis	none (fusion negative)	CSTN portal, exact model	Rhabdomyosarcoma	fusion negative	in CSTN	H3K9-14Ac	regulatory		hg19		files/rhb/RHB/CHIPSEQ/SJRHB010928_X1_Rec1_(ERMS)-H3K9-14Ac.bw	FORMAL REQUEST (St Jude CSTN / EGA data access agreement)	no - same material as the EGA deposit	https://viz.stjude.cloud/st-jude-childrens-research-hospital/visualization/epigenetic-landscape-of-rhabdomyosarcoma-subtypes~67
RHB	Epigenetic landscape of rhabdomyosarcoma subtypes	SJRHB011_Y_Prim_(ERMS)	SJRHB011_Y		FN-RMS	Rhabdomyosarcoma / Fusion negative	St Jude data administrator (email)	institutional_diagnosis	none (fusion negative)	CSTN portal, exact model	Rhabdomyosarcoma	fusion negative	in CSTN	H3K9-14Ac	regulatory		hg19		files/rhb/RHB/CHIPSEQ/SJRHB011_Y_Prim_(ERMS)-H3K9-14Ac.bw	FORMAL REQUEST (St Jude CSTN / EGA data access agreement)	no - same material as the EGA deposit	https://viz.stjude.cloud/st-jude-childrens-research-hospital/visualization/epigenetic-landscape-of-rhabdomyosarcoma-subtypes~67
RHB	Epigenetic landscape of rhabdomyosarcoma subtypes	SJRHB011_X_Rec1_(ERMS)	SJRHB011_X		FN-RMS	Rhabdomyosarcoma / Fusion negative	St Jude data administrator (email)	institutional_diagnosis	none (fusion negative)	CSTN portal, exact model	Rhabdomyosarcoma	fusion negative	in CSTN	H3K9-14Ac	regulatory		hg19		files/rhb/RHB/CHIPSEQ/SJRHB011_X_Rec1_(ERMS)-H3K9-14Ac.bw	FORMAL REQUEST (St Jude CSTN / EGA data access agreement)	no - same material as the EGA deposit	https://viz.stjude.cloud/st-jude-childrens-research-hospital/visualization/epigenetic-landscape-of-rhabdomyosarcoma-subtypes~67
RHB	Epigenetic landscape of rhabdomyosarcoma subtypes	SJRHB012405_X1_Rec1_(ERMS)	SJRHB012405_X1		FN-RMS	Rhabdomyosarcoma / Fusion negative	St Jude data administrator (email)	institutional_diagnosis	none (fusion negative)	CSTN portal, exact model	Rhabdomyosarcoma	fusion negative	in CSTN	H3K9-14Ac	regulatory		hg19		files/rhb/RHB/CHIPSEQ/SJRHB012405_X1_Rec1_(ERMS)-H3K9-14Ac.bw	FORMAL REQUEST (St Jude CSTN / EGA data access agreement)	no - same material as the EGA deposit	https://viz.stjude.cloud/st-jude-childrens-research-hospital/visualization/epigenetic-landscape-of-rhabdomyosarcoma-subtypes~67
RHB	Epigenetic landscape of rhabdomyosarcoma subtypes	SJRHB012_Y_Rec1_SiteA_(ERMS)	SJRHB012_Y		FN-RMS	Rhabdomyosarcoma / Fusion negative	St Jude data administrator (email)	institutional_diagnosis	none (fusion negative)	CSTN portal, exact model	Rhabdomyosarcoma	fusion negative	in CSTN	H3K9-14Ac	regulatory		hg19		files/rhb/RHB/CHIPSEQ/SJRHB012_Y_Rec1_SiteA_(ERMS)-H3K9-14Ac.bw	FORMAL REQUEST (St Jude CSTN / EGA data access agreement)	no - same material as the EGA deposit	https://viz.stjude.cloud/st-jude-childrens-research-hospital/visualization/epigenetic-landscape-of-rhabdomyosarcoma-subtypes~67
RHB	Epigenetic landscape of rhabdomyosarcoma subtypes	SJRHB012_Z_Rec1_SiteB_(ERMS)	SJRHB012_Z		FN-RMS	Rhabdomyosarcoma / Fusion negative	St Jude data administrator (email)	institutional_diagnosis	none (fusion negative)	CSTN portal, exact model	Rhabdomyosarcoma	fusion negative	in CSTN	H3K9-14Ac	regulatory		hg19		files/rhb/RHB/CHIPSEQ/SJRHB012_Z_Rec1_SiteB_(ERMS)-H3K9-14Ac.bw	FORMAL REQUEST (St Jude CSTN / EGA data access agreement)	no - same material as the EGA deposit	https://viz.stjude.cloud/st-jude-childrens-research-hospital/visualization/epigenetic-landscape-of-rhabdomyosarcoma-subtypes~67
RHB	Epigenetic landscape of rhabdomyosarcoma subtypes	SJRHB013757_X1_Prim_(ARMS)	SJRHB013757_X1		FP-RMS	Rhabdomyosarcoma / Fusion positive	St Jude data administrator (email)	institutional_diagnosis	PAX7::FOXO1	CSTN portal, sibling passage SJRHB013757_X2 (patient-level)	Rhabdomyosarcoma	fusion positive, PAX7-FOXO1	in CSTN	H3K9-14Ac	regulatory		hg19		files/rhb/RHB/CHIPSEQ/SJRHB013757_X1_Prim_(ARMS)-H3K9-14Ac.bw	FORMAL REQUEST (St Jude CSTN / EGA data access agreement)	no - same material as the EGA deposit	https://viz.stjude.cloud/st-jude-childrens-research-hospital/visualization/epigenetic-landscape-of-rhabdomyosarcoma-subtypes~67
RHB	Epigenetic landscape of rhabdomyosarcoma subtypes	SJRHB013758_X1_Prim_(ERMS)	SJRHB013758_X1		FN-RMS	Rhabdomyosarcoma / Fusion negative	St Jude data administrator (email)	institutional_diagnosis	none (fusion negative)	CSTN portal, exact model	Rhabdomyosarcoma	fusion negative	in CSTN	H3K9-14Ac	regulatory		hg19		files/rhb/RHB/CHIPSEQ/SJRHB013758_X1_Prim_(ERMS)-H3K9-14Ac.bw	FORMAL REQUEST (St Jude CSTN / EGA data access agreement)	no - same material as the EGA deposit	https://viz.stjude.cloud/st-jude-childrens-research-hospital/visualization/epigenetic-landscape-of-rhabdomyosarcoma-subtypes~67
RHB	Epigenetic landscape of rhabdomyosarcoma subtypes	SJRHB013758_X2_Rec1_(ERMS)	SJRHB013758_X2		FN-RMS	Rhabdomyosarcoma / Fusion negative	St Jude data administrator (email)	institutional_diagnosis	none (fusion negative)	CSTN portal, exact model	Rhabdomyosarcoma	fusion negative	in CSTN	H3K9-14Ac	regulatory		hg19		files/rhb/RHB/CHIPSEQ/SJRHB013758_X2_Rec1_(ERMS)-H3K9-14Ac.bw	FORMAL REQUEST (St Jude CSTN / EGA data access agreement)	no - same material as the EGA deposit	https://viz.stjude.cloud/st-jude-childrens-research-hospital/visualization/epigenetic-landscape-of-rhabdomyosarcoma-subtypes~67
RHB	Epigenetic landscape of rhabdomyosarcoma subtypes	SJRHB013759_X1_Rec1_(ARMS)	SJRHB013759_X1		FP-RMS	Rhabdomyosarcoma / Fusion positive	St Jude data administrator (email)	institutional_diagnosis	PAX3::FOXO1	CSTN portal, exact model	Rhabdomyosarcoma	fusion positive, PAX3-FOXO1	in CSTN	H3K9-14Ac	regulatory		hg19		files/rhb/RHB/CHIPSEQ/SJRHB013759_X1_Rec1_(ARMS)-H3K9-14Ac.bw	FORMAL REQUEST (St Jude CSTN / EGA data access agreement)	no - same material as the EGA deposit	https://viz.stjude.cloud/st-jude-childrens-research-hospital/visualization/epigenetic-landscape-of-rhabdomyosarcoma-subtypes~67
RHB	Epigenetic landscape of rhabdomyosarcoma subtypes	SJRHB015720_X1_Rec2_(SCLEROS)	SJRHB015720_X1		RMS-MYOD1	Sclerosal RMS	St Jude data administrator (email)	histology_spindle_sclerosing		CSTN portal, exact model	Rhabdomyosarcoma	Sclerosing subtype	in CSTN	H3K9-14Ac	regulatory		hg19		files/rhb/RHB/CHIPSEQ/SJRHB015720_X1_Rec2_(SCLEROS)-H3K9-14Ac.bw	FORMAL REQUEST (St Jude CSTN / EGA data access agreement)	no - same material as the EGA deposit	https://viz.stjude.cloud/st-jude-childrens-research-hospital/visualization/epigenetic-landscape-of-rhabdomyosarcoma-subtypes~67
RHB	Epigenetic landscape of rhabdomyosarcoma subtypes	SJNORM010254_Myoblast-Normal	SJNORM010254_Myoblast-Normal		normal/reference		browser label (normal/reference material)						in CSTN	H3K9me3	regulatory		hg19		files/rhb/RHB/CHIPSEQ/SJNORM010254_Myoblast-Normal-H3K9me3.bw	FORMAL REQUEST (St Jude CSTN / EGA data access agreement)	no - same material as the EGA deposit	https://viz.stjude.cloud/st-jude-childrens-research-hospital/visualization/epigenetic-landscape-of-rhabdomyosarcoma-subtypes~67
RHB	Epigenetic landscape of rhabdomyosarcoma subtypes	SJNORM010254_Myotube-Normal	SJNORM010254_Myotube-Normal		normal/reference		browser label (normal/reference material)						in CSTN	H3K9me3	regulatory		hg19		files/rhb/RHB/CHIPSEQ/SJNORM010254_Myotube-Normal-H3K9me3.bw	FORMAL REQUEST (St Jude CSTN / EGA data access agreement)	no - same material as the EGA deposit	https://viz.stjude.cloud/st-jude-childrens-research-hospital/visualization/epigenetic-landscape-of-rhabdomyosarcoma-subtypes~67
RHB	Epigenetic landscape of rhabdomyosarcoma subtypes	SJNORM012476_FQ21-Normal	SJNORM012476_FQ21-Normal		normal/reference		browser label (normal/reference material)						in CSTN	H3K9me3	regulatory		hg19		files/rhb/RHB/CHIPSEQ/SJNORM012476_FQ21-Normal-H3K9me3.bw	FORMAL REQUEST (St Jude CSTN / EGA data access agreement)	no - same material as the EGA deposit	https://viz.stjude.cloud/st-jude-childrens-research-hospital/visualization/epigenetic-landscape-of-rhabdomyosarcoma-subtypes~67
RHB	Epigenetic landscape of rhabdomyosarcoma subtypes	SJRHB000026_X1_Rec3_(ERMS)	SJRHB000026_X1		FN-RMS	Rhabdomyosarcoma / Fusion negative	St Jude data administrator (email)	institutional_diagnosis	none (fusion negative)	CSTN portal, exact model	Rhabdomyosarcoma	fusion negative	in CSTN	H3K9me3	regulatory		hg19		files/rhb/RHB/CHIPSEQ/SJRHB000026_X1_Rec3_(ERMS)-H3K9me3.bw	FORMAL REQUEST (St Jude CSTN / EGA data access agreement)	no - same material as the EGA deposit	https://viz.stjude.cloud/st-jude-childrens-research-hospital/visualization/epigenetic-landscape-of-rhabdomyosarcoma-subtypes~67
RHB	Epigenetic landscape of rhabdomyosarcoma subtypes	SJRHB000026_X2_Rec4_(ERMS)	SJRHB000026_X2		FN-RMS	Rhabdomyosarcoma / Fusion negative	St Jude data administrator (email)	institutional_diagnosis	none (fusion negative)	CSTN portal, exact model	Rhabdomyosarcoma	fusion negative	in CSTN	H3K9me3	regulatory		hg19		files/rhb/RHB/CHIPSEQ/SJRHB000026_X2_Rec4_(ERMS)-H3K9me3.bw	FORMAL REQUEST (St Jude CSTN / EGA data access agreement)	no - same material as the EGA deposit	https://viz.stjude.cloud/st-jude-childrens-research-hospital/visualization/epigenetic-landscape-of-rhabdomyosarcoma-subtypes~67
RHB	Epigenetic landscape of rhabdomyosarcoma subtypes	SJRHB010463_X16_Rec1_(ARMS)	SJRHB010463_X16		FP-RMS		browser label - NOT in the administrator's list (see discrepancy report)	histology	PAX3::FOXO1	CSTN portal, exact model	Rhabdomyosarcoma	fusion positive, PAX3-FOXO1	in CSTN	H3K9me3	regulatory		hg19		files/rhb/RHB/CHIPSEQ/SJRHB010463_X16_Rec1_(ARMS)-H3K9me3.bw	FORMAL REQUEST (St Jude CSTN / EGA data access agreement)	no - same material as the EGA deposit	https://viz.stjude.cloud/st-jude-childrens-research-hospital/visualization/epigenetic-landscape-of-rhabdomyosarcoma-subtypes~67
RHB	Epigenetic landscape of rhabdomyosarcoma subtypes	SJRHB010468_X1_Prim_(ARMS)	SJRHB010468_X1		FP-RMS	Rhabdomyosarcoma / Fusion positive	St Jude data administrator (email)	institutional_diagnosis	PAX7::FOXO1	CSTN portal, exact model	Rhabdomyosarcoma	fusion positive, PAX7-FOXO1	in CSTN	H3K9me3	regulatory		hg19		files/rhb/RHB/CHIPSEQ/SJRHB010468_X1_Prim_(ARMS)-H3K9me3.bw	FORMAL REQUEST (St Jude CSTN / EGA data access agreement)	no - same material as the EGA deposit	https://viz.stjude.cloud/st-jude-childrens-research-hospital/visualization/epigenetic-landscape-of-rhabdomyosarcoma-subtypes~67
RHB	Epigenetic landscape of rhabdomyosarcoma subtypes	SJRHB010927_X1_Prim_(ERMS)	SJRHB010927_X1		FN-RMS	Rhabdomyosarcoma / Fusion negative	St Jude data administrator (email)	institutional_diagnosis	none (fusion negative)	CSTN portal, exact model	Rhabdomyosarcoma	fusion negative	in CSTN	H3K9me3	regulatory		hg19		files/rhb/RHB/CHIPSEQ/SJRHB010927_X1_Prim_(ERMS)-H3K9me3.bw	FORMAL REQUEST (St Jude CSTN / EGA data access agreement)	no - same material as the EGA deposit	https://viz.stjude.cloud/st-jude-childrens-research-hospital/visualization/epigenetic-landscape-of-rhabdomyosarcoma-subtypes~67
RHB	Epigenetic landscape of rhabdomyosarcoma subtypes	SJRHB010928_X1_Rec1_(ERMS)	SJRHB010928_X1		FN-RMS	Rhabdomyosarcoma / Fusion negative	St Jude data administrator (email)	institutional_diagnosis	none (fusion negative)	CSTN portal, exact model	Rhabdomyosarcoma	fusion negative	in CSTN	H3K9me3	regulatory		hg19		files/rhb/RHB/CHIPSEQ/SJRHB010928_X1_Rec1_(ERMS)-H3K9me3.bw	FORMAL REQUEST (St Jude CSTN / EGA data access agreement)	no - same material as the EGA deposit	https://viz.stjude.cloud/st-jude-childrens-research-hospital/visualization/epigenetic-landscape-of-rhabdomyosarcoma-subtypes~67
RHB	Epigenetic landscape of rhabdomyosarcoma subtypes	SJRHB011_Y_Prim_(ERMS)	SJRHB011_Y		FN-RMS	Rhabdomyosarcoma / Fusion negative	St Jude data administrator (email)	institutional_diagnosis	none (fusion negative)	CSTN portal, exact model	Rhabdomyosarcoma	fusion negative	in CSTN	H3K9me3	regulatory		hg19		files/rhb/RHB/CHIPSEQ/SJRHB011_Y_Prim_(ERMS)-H3K9me3.bw	FORMAL REQUEST (St Jude CSTN / EGA data access agreement)	no - same material as the EGA deposit	https://viz.stjude.cloud/st-jude-childrens-research-hospital/visualization/epigenetic-landscape-of-rhabdomyosarcoma-subtypes~67
RHB	Epigenetic landscape of rhabdomyosarcoma subtypes	SJRHB011_X_Rec1_(ERMS)	SJRHB011_X		FN-RMS	Rhabdomyosarcoma / Fusion negative	St Jude data administrator (email)	institutional_diagnosis	none (fusion negative)	CSTN portal, exact model	Rhabdomyosarcoma	fusion negative	in CSTN	H3K9me3	regulatory		hg19		files/rhb/RHB/CHIPSEQ/SJRHB011_X_Rec1_(ERMS)-H3K9me3.bw	FORMAL REQUEST (St Jude CSTN / EGA data access agreement)	no - same material as the EGA deposit	https://viz.stjude.cloud/st-jude-childrens-research-hospital/visualization/epigenetic-landscape-of-rhabdomyosarcoma-subtypes~67
RHB	Epigenetic landscape of rhabdomyosarcoma subtypes	SJRHB012405_X1_Rec1_(ERMS)	SJRHB012405_X1		FN-RMS	Rhabdomyosarcoma / Fusion negative	St Jude data administrator (email)	institutional_diagnosis	none (fusion negative)	CSTN portal, exact model	Rhabdomyosarcoma	fusion negative	in CSTN	H3K9me3	regulatory		hg19		files/rhb/RHB/CHIPSEQ/SJRHB012405_X1_Rec1_(ERMS)-H3K9me3.bw	FORMAL REQUEST (St Jude CSTN / EGA data access agreement)	no - same material as the EGA deposit	https://viz.stjude.cloud/st-jude-childrens-research-hospital/visualization/epigenetic-landscape-of-rhabdomyosarcoma-subtypes~67
RHB	Epigenetic landscape of rhabdomyosarcoma subtypes	SJRHB012_Y_Rec1_SiteA_(ERMS)	SJRHB012_Y		FN-RMS	Rhabdomyosarcoma / Fusion negative	St Jude data administrator (email)	institutional_diagnosis	none (fusion negative)	CSTN portal, exact model	Rhabdomyosarcoma	fusion negative	in CSTN	H3K9me3	regulatory		hg19		files/rhb/RHB/CHIPSEQ/SJRHB012_Y_Rec1_SiteA_(ERMS)-H3K9me3.bw	FORMAL REQUEST (St Jude CSTN / EGA data access agreement)	no - same material as the EGA deposit	https://viz.stjude.cloud/st-jude-childrens-research-hospital/visualization/epigenetic-landscape-of-rhabdomyosarcoma-subtypes~67
RHB	Epigenetic landscape of rhabdomyosarcoma subtypes	SJRHB012_Z_Rec1_SiteB_(ERMS)	SJRHB012_Z		FN-RMS	Rhabdomyosarcoma / Fusion negative	St Jude data administrator (email)	institutional_diagnosis	none (fusion negative)	CSTN portal, exact model	Rhabdomyosarcoma	fusion negative	in CSTN	H3K9me3	regulatory		hg19		files/rhb/RHB/CHIPSEQ/SJRHB012_Z_Rec1_SiteB_(ERMS)-H3K9me3.bw	FORMAL REQUEST (St Jude CSTN / EGA data access agreement)	no - same material as the EGA deposit	https://viz.stjude.cloud/st-jude-childrens-research-hospital/visualization/epigenetic-landscape-of-rhabdomyosarcoma-subtypes~67
RHB	Epigenetic landscape of rhabdomyosarcoma subtypes	SJRHB013757_X1_Prim_(ARMS)	SJRHB013757_X1		FP-RMS	Rhabdomyosarcoma / Fusion positive	St Jude data administrator (email)	institutional_diagnosis	PAX7::FOXO1	CSTN portal, sibling passage SJRHB013757_X2 (patient-level)	Rhabdomyosarcoma	fusion positive, PAX7-FOXO1	in CSTN	H3K9me3	regulatory		hg19		files/rhb/RHB/CHIPSEQ/SJRHB013757_X1_Prim_(ARMS)-H3K9me3.bw	FORMAL REQUEST (St Jude CSTN / EGA data access agreement)	no - same material as the EGA deposit	https://viz.stjude.cloud/st-jude-childrens-research-hospital/visualization/epigenetic-landscape-of-rhabdomyosarcoma-subtypes~67
RHB	Epigenetic landscape of rhabdomyosarcoma subtypes	SJRHB013758_X1_Prim_(ERMS)	SJRHB013758_X1		FN-RMS	Rhabdomyosarcoma / Fusion negative	St Jude data administrator (email)	institutional_diagnosis	none (fusion negative)	CSTN portal, exact model	Rhabdomyosarcoma	fusion negative	in CSTN	H3K9me3	regulatory		hg19		files/rhb/RHB/CHIPSEQ/SJRHB013758_X1_Prim_(ERMS)-H3K9me3.bw	FORMAL REQUEST (St Jude CSTN / EGA data access agreement)	no - same material as the EGA deposit	https://viz.stjude.cloud/st-jude-childrens-research-hospital/visualization/epigenetic-landscape-of-rhabdomyosarcoma-subtypes~67
RHB	Epigenetic landscape of rhabdomyosarcoma subtypes	SJRHB013758_X2_Rec1_(ERMS)	SJRHB013758_X2		FN-RMS	Rhabdomyosarcoma / Fusion negative	St Jude data administrator (email)	institutional_diagnosis	none (fusion negative)	CSTN portal, exact model	Rhabdomyosarcoma	fusion negative	in CSTN	H3K9me3	regulatory		hg19		files/rhb/RHB/CHIPSEQ/SJRHB013758_X2_Rec1_(ERMS)-H3K9me3.bw	FORMAL REQUEST (St Jude CSTN / EGA data access agreement)	no - same material as the EGA deposit	https://viz.stjude.cloud/st-jude-childrens-research-hospital/visualization/epigenetic-landscape-of-rhabdomyosarcoma-subtypes~67
RHB	Epigenetic landscape of rhabdomyosarcoma subtypes	SJRHB013759_X1_Rec1_(ARMS)	SJRHB013759_X1		FP-RMS	Rhabdomyosarcoma / Fusion positive	St Jude data administrator (email)	institutional_diagnosis	PAX3::FOXO1	CSTN portal, exact model	Rhabdomyosarcoma	fusion positive, PAX3-FOXO1	in CSTN	H3K9me3	regulatory		hg19		files/rhb/RHB/CHIPSEQ/SJRHB013759_X1_Rec1_(ARMS)-H3K9me3.bw	FORMAL REQUEST (St Jude CSTN / EGA data access agreement)	no - same material as the EGA deposit	https://viz.stjude.cloud/st-jude-childrens-research-hospital/visualization/epigenetic-landscape-of-rhabdomyosarcoma-subtypes~67
RHB	Epigenetic landscape of rhabdomyosarcoma subtypes	SJRHB015720_X1_Rec2_(SCLEROS)	SJRHB015720_X1		RMS-MYOD1	Sclerosal RMS	St Jude data administrator (email)	histology_spindle_sclerosing		CSTN portal, exact model	Rhabdomyosarcoma	Sclerosing subtype	in CSTN	H3K9me3	regulatory		hg19		files/rhb/RHB/CHIPSEQ/SJRHB015720_X1_Rec2_(SCLEROS)-H3K9me3.bw	FORMAL REQUEST (St Jude CSTN / EGA data access agreement)	no - same material as the EGA deposit	https://viz.stjude.cloud/st-jude-childrens-research-hospital/visualization/epigenetic-landscape-of-rhabdomyosarcoma-subtypes~67
RHB	Epigenetic landscape of rhabdomyosarcoma subtypes	SJNORM010254_Myoblast-Normal	SJNORM010254_Myoblast-Normal		normal/reference		browser label (normal/reference material)						in CSTN	RNAPolII	regulatory		hg19		files/rhb/RHB/CHIPSEQ/SJNORM010254_Myoblast-Normal-RNAPolII.bw	FORMAL REQUEST (St Jude CSTN / EGA data access agreement)	no - same material as the EGA deposit	https://viz.stjude.cloud/st-jude-childrens-research-hospital/visualization/epigenetic-landscape-of-rhabdomyosarcoma-subtypes~67
RHB	Epigenetic landscape of rhabdomyosarcoma subtypes	SJNORM010254_Myotube-Normal	SJNORM010254_Myotube-Normal		normal/reference		browser label (normal/reference material)						in CSTN	RNAPolII	regulatory		hg19		files/rhb/RHB/CHIPSEQ/SJNORM010254_Myotube-Normal-RNAPolII.bw	FORMAL REQUEST (St Jude CSTN / EGA data access agreement)	no - same material as the EGA deposit	https://viz.stjude.cloud/st-jude-childrens-research-hospital/visualization/epigenetic-landscape-of-rhabdomyosarcoma-subtypes~67
RHB	Epigenetic landscape of rhabdomyosarcoma subtypes	SJNORM012476_FQ21-Normal	SJNORM012476_FQ21-Normal		normal/reference		browser label (normal/reference material)						in CSTN	RNAPolII	regulatory		hg19		files/rhb/RHB/CHIPSEQ/SJNORM012476_FQ21-Normal-RNAPolII.bw	FORMAL REQUEST (St Jude CSTN / EGA data access agreement)	no - same material as the EGA deposit	https://viz.stjude.cloud/st-jude-childrens-research-hospital/visualization/epigenetic-landscape-of-rhabdomyosarcoma-subtypes~67
RHB	Epigenetic landscape of rhabdomyosarcoma subtypes	SJRHB000026_X1_Rec3_(ERMS)	SJRHB000026_X1		FN-RMS	Rhabdomyosarcoma / Fusion negative	St Jude data administrator (email)	institutional_diagnosis	none (fusion negative)	CSTN portal, exact model	Rhabdomyosarcoma	fusion negative	in CSTN	RNAPolII	regulatory		hg19		files/rhb/RHB/CHIPSEQ/SJRHB000026_X1_Rec3_(ERMS)-RNAPolII.bw	FORMAL REQUEST (St Jude CSTN / EGA data access agreement)	no - same material as the EGA deposit	https://viz.stjude.cloud/st-jude-childrens-research-hospital/visualization/epigenetic-landscape-of-rhabdomyosarcoma-subtypes~67
RHB	Epigenetic landscape of rhabdomyosarcoma subtypes	SJRHB000026_X2_Rec4_(ERMS)	SJRHB000026_X2		FN-RMS	Rhabdomyosarcoma / Fusion negative	St Jude data administrator (email)	institutional_diagnosis	none (fusion negative)	CSTN portal, exact model	Rhabdomyosarcoma	fusion negative	in CSTN	RNAPolII	regulatory		hg19		files/rhb/RHB/CHIPSEQ/SJRHB000026_X2_Rec4_(ERMS)-RNAPolII.bw	FORMAL REQUEST (St Jude CSTN / EGA data access agreement)	no - same material as the EGA deposit	https://viz.stjude.cloud/st-jude-childrens-research-hospital/visualization/epigenetic-landscape-of-rhabdomyosarcoma-subtypes~67
RHB	Epigenetic landscape of rhabdomyosarcoma subtypes	SJRHB010463_X16_Rec1_(ARMS)	SJRHB010463_X16		FP-RMS		browser label - NOT in the administrator's list (see discrepancy report)	histology	PAX3::FOXO1	CSTN portal, exact model	Rhabdomyosarcoma	fusion positive, PAX3-FOXO1	in CSTN	RNAPolII	regulatory		hg19		files/rhb/RHB/CHIPSEQ/SJRHB010463_X16_Rec1_(ARMS)-RNAPolII.bw	FORMAL REQUEST (St Jude CSTN / EGA data access agreement)	no - same material as the EGA deposit	https://viz.stjude.cloud/st-jude-childrens-research-hospital/visualization/epigenetic-landscape-of-rhabdomyosarcoma-subtypes~67
RHB	Epigenetic landscape of rhabdomyosarcoma subtypes	SJRHB010468_X1_Prim_(ARMS)	SJRHB010468_X1		FP-RMS	Rhabdomyosarcoma / Fusion positive	St Jude data administrator (email)	institutional_diagnosis	PAX7::FOXO1	CSTN portal, exact model	Rhabdomyosarcoma	fusion positive, PAX7-FOXO1	in CSTN	RNAPolII	regulatory		hg19		files/rhb/RHB/CHIPSEQ/SJRHB010468_X1_Prim_(ARMS)-RNAPolII.bw	FORMAL REQUEST (St Jude CSTN / EGA data access agreement)	no - same material as the EGA deposit	https://viz.stjude.cloud/st-jude-childrens-research-hospital/visualization/epigenetic-landscape-of-rhabdomyosarcoma-subtypes~67
RHB	Epigenetic landscape of rhabdomyosarcoma subtypes	SJRHB010927_X1_Prim_(ERMS)	SJRHB010927_X1		FN-RMS	Rhabdomyosarcoma / Fusion negative	St Jude data administrator (email)	institutional_diagnosis	none (fusion negative)	CSTN portal, exact model	Rhabdomyosarcoma	fusion negative	in CSTN	RNAPolII	regulatory		hg19		files/rhb/RHB/CHIPSEQ/SJRHB010927_X1_Prim_(ERMS)-RNAPolII.bw	FORMAL REQUEST (St Jude CSTN / EGA data access agreement)	no - same material as the EGA deposit	https://viz.stjude.cloud/st-jude-childrens-research-hospital/visualization/epigenetic-landscape-of-rhabdomyosarcoma-subtypes~67
RHB	Epigenetic landscape of rhabdomyosarcoma subtypes	SJRHB010928_X1_Rec1_(ERMS)	SJRHB010928_X1		FN-RMS	Rhabdomyosarcoma / Fusion negative	St Jude data administrator (email)	institutional_diagnosis	none (fusion negative)	CSTN portal, exact model	Rhabdomyosarcoma	fusion negative	in CSTN	RNAPolII	regulatory		hg19		files/rhb/RHB/CHIPSEQ/SJRHB010928_X1_Rec1_(ERMS)-RNAPolII.bw	FORMAL REQUEST (St Jude CSTN / EGA data access agreement)	no - same material as the EGA deposit	https://viz.stjude.cloud/st-jude-childrens-research-hospital/visualization/epigenetic-landscape-of-rhabdomyosarcoma-subtypes~67
RHB	Epigenetic landscape of rhabdomyosarcoma subtypes	SJRHB011_Y_Prim_(ERMS)	SJRHB011_Y		FN-RMS	Rhabdomyosarcoma / Fusion negative	St Jude data administrator (email)	institutional_diagnosis	none (fusion negative)	CSTN portal, exact model	Rhabdomyosarcoma	fusion negative	in CSTN	RNAPolII	regulatory		hg19		files/rhb/RHB/CHIPSEQ/SJRHB011_Y_Prim_(ERMS)-RNAPolII.bw	FORMAL REQUEST (St Jude CSTN / EGA data access agreement)	no - same material as the EGA deposit	https://viz.stjude.cloud/st-jude-childrens-research-hospital/visualization/epigenetic-landscape-of-rhabdomyosarcoma-subtypes~67
RHB	Epigenetic landscape of rhabdomyosarcoma subtypes	SJRHB011_X_Rec1_(ERMS)	SJRHB011_X		FN-RMS	Rhabdomyosarcoma / Fusion negative	St Jude data administrator (email)	institutional_diagnosis	none (fusion negative)	CSTN portal, exact model	Rhabdomyosarcoma	fusion negative	in CSTN	RNAPolII	regulatory		hg19		files/rhb/RHB/CHIPSEQ/SJRHB011_X_Rec1_(ERMS)-RNAPolII.bw	FORMAL REQUEST (St Jude CSTN / EGA data access agreement)	no - same material as the EGA deposit	https://viz.stjude.cloud/st-jude-childrens-research-hospital/visualization/epigenetic-landscape-of-rhabdomyosarcoma-subtypes~67
RHB	Epigenetic landscape of rhabdomyosarcoma subtypes	SJRHB012405_X1_Rec1_(ERMS)	SJRHB012405_X1		FN-RMS	Rhabdomyosarcoma / Fusion negative	St Jude data administrator (email)	institutional_diagnosis	none (fusion negative)	CSTN portal, exact model	Rhabdomyosarcoma	fusion negative	in CSTN	RNAPolII	regulatory		hg19		files/rhb/RHB/CHIPSEQ/SJRHB012405_X1_Rec1_(ERMS)-RNAPolII.bw	FORMAL REQUEST (St Jude CSTN / EGA data access agreement)	no - same material as the EGA deposit	https://viz.stjude.cloud/st-jude-childrens-research-hospital/visualization/epigenetic-landscape-of-rhabdomyosarcoma-subtypes~67
RHB	Epigenetic landscape of rhabdomyosarcoma subtypes	SJRHB012_Y_Rec1_SiteA_(ERMS)	SJRHB012_Y		FN-RMS	Rhabdomyosarcoma / Fusion negative	St Jude data administrator (email)	institutional_diagnosis	none (fusion negative)	CSTN portal, exact model	Rhabdomyosarcoma	fusion negative	in CSTN	RNAPolII	regulatory		hg19		files/rhb/RHB/CHIPSEQ/SJRHB012_Y_Rec1_SiteA_(ERMS)-RNAPolII.bw	FORMAL REQUEST (St Jude CSTN / EGA data access agreement)	no - same material as the EGA deposit	https://viz.stjude.cloud/st-jude-childrens-research-hospital/visualization/epigenetic-landscape-of-rhabdomyosarcoma-subtypes~67
RHB	Epigenetic landscape of rhabdomyosarcoma subtypes	SJRHB012_Z_Rec1_SiteB_(ERMS)	SJRHB012_Z		FN-RMS	Rhabdomyosarcoma / Fusion negative	St Jude data administrator (email)	institutional_diagnosis	none (fusion negative)	CSTN portal, exact model	Rhabdomyosarcoma	fusion negative	in CSTN	RNAPolII	regulatory		hg19		files/rhb/RHB/CHIPSEQ/SJRHB012_Z_Rec1_SiteB_(ERMS)-RNAPolII.bw	FORMAL REQUEST (St Jude CSTN / EGA data access agreement)	no - same material as the EGA deposit	https://viz.stjude.cloud/st-jude-childrens-research-hospital/visualization/epigenetic-landscape-of-rhabdomyosarcoma-subtypes~67
RHB	Epigenetic landscape of rhabdomyosarcoma subtypes	SJRHB013757_X1_Prim_(ARMS)	SJRHB013757_X1		FP-RMS	Rhabdomyosarcoma / Fusion positive	St Jude data administrator (email)	institutional_diagnosis	PAX7::FOXO1	CSTN portal, sibling passage SJRHB013757_X2 (patient-level)	Rhabdomyosarcoma	fusion positive, PAX7-FOXO1	in CSTN	RNAPolII	regulatory		hg19		files/rhb/RHB/CHIPSEQ/SJRHB013757_X1_Prim_(ARMS)-RNAPolII.bw	FORMAL REQUEST (St Jude CSTN / EGA data access agreement)	no - same material as the EGA deposit	https://viz.stjude.cloud/st-jude-childrens-research-hospital/visualization/epigenetic-landscape-of-rhabdomyosarcoma-subtypes~67
RHB	Epigenetic landscape of rhabdomyosarcoma subtypes	SJRHB013758_X1_Prim_(ERMS)	SJRHB013758_X1		FN-RMS	Rhabdomyosarcoma / Fusion negative	St Jude data administrator (email)	institutional_diagnosis	none (fusion negative)	CSTN portal, exact model	Rhabdomyosarcoma	fusion negative	in CSTN	RNAPolII	regulatory		hg19		files/rhb/RHB/CHIPSEQ/SJRHB013758_X1_Prim_(ERMS)-RNAPolII.bw	FORMAL REQUEST (St Jude CSTN / EGA data access agreement)	no - same material as the EGA deposit	https://viz.stjude.cloud/st-jude-childrens-research-hospital/visualization/epigenetic-landscape-of-rhabdomyosarcoma-subtypes~67
RHB	Epigenetic landscape of rhabdomyosarcoma subtypes	SJRHB013758_X2_Rec1_(ERMS)	SJRHB013758_X2		FN-RMS	Rhabdomyosarcoma / Fusion negative	St Jude data administrator (email)	institutional_diagnosis	none (fusion negative)	CSTN portal, exact model	Rhabdomyosarcoma	fusion negative	in CSTN	RNAPolII	regulatory		hg19		files/rhb/RHB/CHIPSEQ/SJRHB013758_X2_Rec1_(ERMS)-RNAPolII.bw	FORMAL REQUEST (St Jude CSTN / EGA data access agreement)	no - same material as the EGA deposit	https://viz.stjude.cloud/st-jude-childrens-research-hospital/visualization/epigenetic-landscape-of-rhabdomyosarcoma-subtypes~67
RHB	Epigenetic landscape of rhabdomyosarcoma subtypes	SJRHB013759_X1_Rec1_(ARMS)	SJRHB013759_X1		FP-RMS	Rhabdomyosarcoma / Fusion positive	St Jude data administrator (email)	institutional_diagnosis	PAX3::FOXO1	CSTN portal, exact model	Rhabdomyosarcoma	fusion positive, PAX3-FOXO1	in CSTN	RNAPolII	regulatory		hg19		files/rhb/RHB/CHIPSEQ/SJRHB013759_X1_Rec1_(ARMS)-RNAPolII.bw	FORMAL REQUEST (St Jude CSTN / EGA data access agreement)	no - same material as the EGA deposit	https://viz.stjude.cloud/st-jude-childrens-research-hospital/visualization/epigenetic-landscape-of-rhabdomyosarcoma-subtypes~67
RHB	Epigenetic landscape of rhabdomyosarcoma subtypes	SJRHB015720_X1_Rec2_(SCLEROS)	SJRHB015720_X1		RMS-MYOD1	Sclerosal RMS	St Jude data administrator (email)	histology_spindle_sclerosing		CSTN portal, exact model	Rhabdomyosarcoma	Sclerosing subtype	in CSTN	RNAPolII	regulatory		hg19		files/rhb/RHB/CHIPSEQ/SJRHB015720_X1_Rec2_(SCLEROS)-RNAPolII.bw	FORMAL REQUEST (St Jude CSTN / EGA data access agreement)	no - same material as the EGA deposit	https://viz.stjude.cloud/st-jude-childrens-research-hospital/visualization/epigenetic-landscape-of-rhabdomyosarcoma-subtypes~67
RHB	Epigenetic landscape of rhabdomyosarcoma subtypes	SJNORM010254_Myoblast-Normal	SJNORM010254_Myoblast-Normal		normal/reference		browser label (normal/reference material)						in CSTN	INPUT	regulatory	Y	hg19		files/rhb/RHB/CHIPSEQ/SJNORM010254_Myoblast-Normal-INPUT.bw	FORMAL REQUEST (St Jude CSTN / EGA data access agreement)	no - same material as the EGA deposit	https://viz.stjude.cloud/st-jude-childrens-research-hospital/visualization/epigenetic-landscape-of-rhabdomyosarcoma-subtypes~67
RHB	Epigenetic landscape of rhabdomyosarcoma subtypes	SJNORM010254_Myotube-Normal	SJNORM010254_Myotube-Normal		normal/reference		browser label (normal/reference material)						in CSTN	INPUT	regulatory	Y	hg19		files/rhb/RHB/CHIPSEQ/SJNORM010254_Myotube-Normal-INPUT.bw	FORMAL REQUEST (St Jude CSTN / EGA data access agreement)	no - same material as the EGA deposit	https://viz.stjude.cloud/st-jude-childrens-research-hospital/visualization/epigenetic-landscape-of-rhabdomyosarcoma-subtypes~67
RHB	Epigenetic landscape of rhabdomyosarcoma subtypes	SJNORM012476_FQ21-Normal	SJNORM012476_FQ21-Normal		normal/reference		browser label (normal/reference material)						in CSTN	INPUT	regulatory	Y	hg19		files/rhb/RHB/CHIPSEQ/SJNORM012476_FQ21-Normal-INPUT.bw	FORMAL REQUEST (St Jude CSTN / EGA data access agreement)	no - same material as the EGA deposit	https://viz.stjude.cloud/st-jude-childrens-research-hospital/visualization/epigenetic-landscape-of-rhabdomyosarcoma-subtypes~67
RHB	Epigenetic landscape of rhabdomyosarcoma subtypes	SJRHB000026_X1_Rec3_(ERMS)	SJRHB000026_X1		FN-RMS	Rhabdomyosarcoma / Fusion negative	St Jude data administrator (email)	institutional_diagnosis	none (fusion negative)	CSTN portal, exact model	Rhabdomyosarcoma	fusion negative	in CSTN	INPUT	regulatory	Y	hg19		files/rhb/RHB/CHIPSEQ/SJRHB000026_X1_Rec3_(ERMS)-INPUT.bw	FORMAL REQUEST (St Jude CSTN / EGA data access agreement)	no - same material as the EGA deposit	https://viz.stjude.cloud/st-jude-childrens-research-hospital/visualization/epigenetic-landscape-of-rhabdomyosarcoma-subtypes~67
RHB	Epigenetic landscape of rhabdomyosarcoma subtypes	SJRHB000026_X2_Rec4_(ERMS)	SJRHB000026_X2		FN-RMS	Rhabdomyosarcoma / Fusion negative	St Jude data administrator (email)	institutional_diagnosis	none (fusion negative)	CSTN portal, exact model	Rhabdomyosarcoma	fusion negative	in CSTN	INPUT	regulatory	Y	hg19		files/rhb/RHB/CHIPSEQ/SJRHB000026_X2_Rec4_(ERMS)-INPUT.bw	FORMAL REQUEST (St Jude CSTN / EGA data access agreement)	no - same material as the EGA deposit	https://viz.stjude.cloud/st-jude-childrens-research-hospital/visualization/epigenetic-landscape-of-rhabdomyosarcoma-subtypes~67
RHB	Epigenetic landscape of rhabdomyosarcoma subtypes	SJRHB010463_X16_Rec1_(ARMS)	SJRHB010463_X16		FP-RMS		browser label - NOT in the administrator's list (see discrepancy report)	histology	PAX3::FOXO1	CSTN portal, exact model	Rhabdomyosarcoma	fusion positive, PAX3-FOXO1	in CSTN	INPUT	regulatory	Y	hg19		files/rhb/RHB/CHIPSEQ/SJRHB010463_X16_Rec1_(ARMS)-INPUT.bw	FORMAL REQUEST (St Jude CSTN / EGA data access agreement)	no - same material as the EGA deposit	https://viz.stjude.cloud/st-jude-childrens-research-hospital/visualization/epigenetic-landscape-of-rhabdomyosarcoma-subtypes~67
RHB	Epigenetic landscape of rhabdomyosarcoma subtypes	SJRHB010468_X1_Prim_(ARMS)	SJRHB010468_X1		FP-RMS	Rhabdomyosarcoma / Fusion positive	St Jude data administrator (email)	institutional_diagnosis	PAX7::FOXO1	CSTN portal, exact model	Rhabdomyosarcoma	fusion positive, PAX7-FOXO1	in CSTN	INPUT	regulatory	Y	hg19		files/rhb/RHB/CHIPSEQ/SJRHB010468_X1_Prim_(ARMS)-INPUT.bw	FORMAL REQUEST (St Jude CSTN / EGA data access agreement)	no - same material as the EGA deposit	https://viz.stjude.cloud/st-jude-childrens-research-hospital/visualization/epigenetic-landscape-of-rhabdomyosarcoma-subtypes~67
RHB	Epigenetic landscape of rhabdomyosarcoma subtypes	SJRHB010927_X1_Prim_(ERMS)	SJRHB010927_X1		FN-RMS	Rhabdomyosarcoma / Fusion negative	St Jude data administrator (email)	institutional_diagnosis	none (fusion negative)	CSTN portal, exact model	Rhabdomyosarcoma	fusion negative	in CSTN	INPUT	regulatory	Y	hg19		files/rhb/RHB/CHIPSEQ/SJRHB010927_X1_Prim_(ERMS)-INPUT.bw	FORMAL REQUEST (St Jude CSTN / EGA data access agreement)	no - same material as the EGA deposit	https://viz.stjude.cloud/st-jude-childrens-research-hospital/visualization/epigenetic-landscape-of-rhabdomyosarcoma-subtypes~67
RHB	Epigenetic landscape of rhabdomyosarcoma subtypes	SJRHB010928_X1_Rec1_(ERMS)	SJRHB010928_X1		FN-RMS	Rhabdomyosarcoma / Fusion negative	St Jude data administrator (email)	institutional_diagnosis	none (fusion negative)	CSTN portal, exact model	Rhabdomyosarcoma	fusion negative	in CSTN	INPUT	regulatory	Y	hg19		files/rhb/RHB/CHIPSEQ/SJRHB010928_X1_Rec1_(ERMS)-INPUT.bw	FORMAL REQUEST (St Jude CSTN / EGA data access agreement)	no - same material as the EGA deposit	https://viz.stjude.cloud/st-jude-childrens-research-hospital/visualization/epigenetic-landscape-of-rhabdomyosarcoma-subtypes~67
RHB	Epigenetic landscape of rhabdomyosarcoma subtypes	SJRHB011_Y_Prim_(ERMS)	SJRHB011_Y		FN-RMS	Rhabdomyosarcoma / Fusion negative	St Jude data administrator (email)	institutional_diagnosis	none (fusion negative)	CSTN portal, exact model	Rhabdomyosarcoma	fusion negative	in CSTN	INPUT	regulatory	Y	hg19		files/rhb/RHB/CHIPSEQ/SJRHB011_Y_Prim_(ERMS)-INPUT.bw	FORMAL REQUEST (St Jude CSTN / EGA data access agreement)	no - same material as the EGA deposit	https://viz.stjude.cloud/st-jude-childrens-research-hospital/visualization/epigenetic-landscape-of-rhabdomyosarcoma-subtypes~67
RHB	Epigenetic landscape of rhabdomyosarcoma subtypes	SJRHB011_X_Rec1_(ERMS)	SJRHB011_X		FN-RMS	Rhabdomyosarcoma / Fusion negative	St Jude data administrator (email)	institutional_diagnosis	none (fusion negative)	CSTN portal, exact model	Rhabdomyosarcoma	fusion negative	in CSTN	INPUT	regulatory	Y	hg19		files/rhb/RHB/CHIPSEQ/SJRHB011_X_Rec1_(ERMS)-INPUT.bw	FORMAL REQUEST (St Jude CSTN / EGA data access agreement)	no - same material as the EGA deposit	https://viz.stjude.cloud/st-jude-childrens-research-hospital/visualization/epigenetic-landscape-of-rhabdomyosarcoma-subtypes~67
RHB	Epigenetic landscape of rhabdomyosarcoma subtypes	SJRHB012405_X1_Rec1_(ERMS)	SJRHB012405_X1		FN-RMS	Rhabdomyosarcoma / Fusion negative	St Jude data administrator (email)	institutional_diagnosis	none (fusion negative)	CSTN portal, exact model	Rhabdomyosarcoma	fusion negative	in CSTN	INPUT	regulatory	Y	hg19		files/rhb/RHB/CHIPSEQ/SJRHB012405_X1_Rec1_(ERMS)-INPUT.bw	FORMAL REQUEST (St Jude CSTN / EGA data access agreement)	no - same material as the EGA deposit	https://viz.stjude.cloud/st-jude-childrens-research-hospital/visualization/epigenetic-landscape-of-rhabdomyosarcoma-subtypes~67
RHB	Epigenetic landscape of rhabdomyosarcoma subtypes	SJRHB012_Y_Rec1_SiteA_(ERMS)	SJRHB012_Y		FN-RMS	Rhabdomyosarcoma / Fusion negative	St Jude data administrator (email)	institutional_diagnosis	none (fusion negative)	CSTN portal, exact model	Rhabdomyosarcoma	fusion negative	in CSTN	INPUT	regulatory	Y	hg19		files/rhb/RHB/CHIPSEQ/SJRHB012_Y_Rec1_SiteA_(ERMS)-INPUT.bw	FORMAL REQUEST (St Jude CSTN / EGA data access agreement)	no - same material as the EGA deposit	https://viz.stjude.cloud/st-jude-childrens-research-hospital/visualization/epigenetic-landscape-of-rhabdomyosarcoma-subtypes~67
RHB	Epigenetic landscape of rhabdomyosarcoma subtypes	SJRHB012_Z_Rec1_SiteB_(ERMS)	SJRHB012_Z		FN-RMS	Rhabdomyosarcoma / Fusion negative	St Jude data administrator (email)	institutional_diagnosis	none (fusion negative)	CSTN portal, exact model	Rhabdomyosarcoma	fusion negative	in CSTN	INPUT	regulatory	Y	hg19		files/rhb/RHB/CHIPSEQ/SJRHB012_Z_Rec1_SiteB_(ERMS)-INPUT.bw	FORMAL REQUEST (St Jude CSTN / EGA data access agreement)	no - same material as the EGA deposit	https://viz.stjude.cloud/st-jude-childrens-research-hospital/visualization/epigenetic-landscape-of-rhabdomyosarcoma-subtypes~67
RHB	Epigenetic landscape of rhabdomyosarcoma subtypes	SJRHB013757_X1_Prim_(ARMS)	SJRHB013757_X1		FP-RMS	Rhabdomyosarcoma / Fusion positive	St Jude data administrator (email)	institutional_diagnosis	PAX7::FOXO1	CSTN portal, sibling passage SJRHB013757_X2 (patient-level)	Rhabdomyosarcoma	fusion positive, PAX7-FOXO1	in CSTN	INPUT	regulatory	Y	hg19		files/rhb/RHB/CHIPSEQ/SJRHB013757_X1_Prim_(ARMS)-INPUT.bw	FORMAL REQUEST (St Jude CSTN / EGA data access agreement)	no - same material as the EGA deposit	https://viz.stjude.cloud/st-jude-childrens-research-hospital/visualization/epigenetic-landscape-of-rhabdomyosarcoma-subtypes~67
RHB	Epigenetic landscape of rhabdomyosarcoma subtypes	SJRHB013758_X1_Prim_(ERMS)	SJRHB013758_X1		FN-RMS	Rhabdomyosarcoma / Fusion negative	St Jude data administrator (email)	institutional_diagnosis	none (fusion negative)	CSTN portal, exact model	Rhabdomyosarcoma	fusion negative	in CSTN	INPUT	regulatory	Y	hg19		files/rhb/RHB/CHIPSEQ/SJRHB013758_X1_Prim_(ERMS)-INPUT.bw	FORMAL REQUEST (St Jude CSTN / EGA data access agreement)	no - same material as the EGA deposit	https://viz.stjude.cloud/st-jude-childrens-research-hospital/visualization/epigenetic-landscape-of-rhabdomyosarcoma-subtypes~67
RHB	Epigenetic landscape of rhabdomyosarcoma subtypes	SJRHB013758_X2_Rec1_(ERMS)	SJRHB013758_X2		FN-RMS	Rhabdomyosarcoma / Fusion negative	St Jude data administrator (email)	institutional_diagnosis	none (fusion negative)	CSTN portal, exact model	Rhabdomyosarcoma	fusion negative	in CSTN	INPUT	regulatory	Y	hg19		files/rhb/RHB/CHIPSEQ/SJRHB013758_X2_Rec1_(ERMS)-INPUT.bw	FORMAL REQUEST (St Jude CSTN / EGA data access agreement)	no - same material as the EGA deposit	https://viz.stjude.cloud/st-jude-childrens-research-hospital/visualization/epigenetic-landscape-of-rhabdomyosarcoma-subtypes~67
RHB	Epigenetic landscape of rhabdomyosarcoma subtypes	SJRHB013759_X1_Rec1_(ARMS)	SJRHB013759_X1		FP-RMS	Rhabdomyosarcoma / Fusion positive	St Jude data administrator (email)	institutional_diagnosis	PAX3::FOXO1	CSTN portal, exact model	Rhabdomyosarcoma	fusion positive, PAX3-FOXO1	in CSTN	INPUT	regulatory	Y	hg19		files/rhb/RHB/CHIPSEQ/SJRHB013759_X1_Rec1_(ARMS)-INPUT.bw	FORMAL REQUEST (St Jude CSTN / EGA data access agreement)	no - same material as the EGA deposit	https://viz.stjude.cloud/st-jude-childrens-research-hospital/visualization/epigenetic-landscape-of-rhabdomyosarcoma-subtypes~67
RHB	Epigenetic landscape of rhabdomyosarcoma subtypes	SJRHB015720_X1_Rec2_(SCLEROS)	SJRHB015720_X1		RMS-MYOD1	Sclerosal RMS	St Jude data administrator (email)	histology_spindle_sclerosing		CSTN portal, exact model	Rhabdomyosarcoma	Sclerosing subtype	in CSTN	INPUT	regulatory	Y	hg19		files/rhb/RHB/CHIPSEQ/SJRHB015720_X1_Rec2_(SCLEROS)-INPUT.bw	FORMAL REQUEST (St Jude CSTN / EGA data access agreement)	no - same material as the EGA deposit	https://viz.stjude.cloud/st-jude-childrens-research-hospital/visualization/epigenetic-landscape-of-rhabdomyosarcoma-subtypes~67
RHB	Epigenetic landscape of rhabdomyosarcoma subtypes	SJNORM010254_Myoblast-Normal	SJNORM010254_Myoblast-Normal		normal/reference		browser label (normal/reference material)						in CSTN	WGBS	DNA methylation		hg19		files/rhb/RHB/WGBS/WGBS-SJNORM010254_Myoblast-Normal.bw	FORMAL REQUEST (St Jude CSTN / EGA data access agreement)	no - same material as the EGA deposit	https://viz.stjude.cloud/st-jude-childrens-research-hospital/visualization/epigenetic-landscape-of-rhabdomyosarcoma-subtypes~67
RHB	Epigenetic landscape of rhabdomyosarcoma subtypes	SJNORM010254_Myotube-Normal	SJNORM010254_Myotube-Normal		normal/reference		browser label (normal/reference material)						in CSTN	WGBS	DNA methylation		hg19		files/rhb/RHB/WGBS/WGBS-SJNORM010254_Myotube-Normal.bw	FORMAL REQUEST (St Jude CSTN / EGA data access agreement)	no - same material as the EGA deposit	https://viz.stjude.cloud/st-jude-childrens-research-hospital/visualization/epigenetic-landscape-of-rhabdomyosarcoma-subtypes~67
RHB	Epigenetic landscape of rhabdomyosarcoma subtypes	SJNORM012476_FQ21-Normal	SJNORM012476_FQ21-Normal		normal/reference		browser label (normal/reference material)						in CSTN	WGBS	DNA methylation		hg19		files/rhb/RHB/WGBS/WGBS-SJNORM012476_FQ21-Normal.bw	FORMAL REQUEST (St Jude CSTN / EGA data access agreement)	no - same material as the EGA deposit	https://viz.stjude.cloud/st-jude-childrens-research-hospital/visualization/epigenetic-landscape-of-rhabdomyosarcoma-subtypes~67
RHB	Epigenetic landscape of rhabdomyosarcoma subtypes	SJRHB000026_X1_Rec3_(ERMS)	SJRHB000026_X1		FN-RMS	Rhabdomyosarcoma / Fusion negative	St Jude data administrator (email)	institutional_diagnosis	none (fusion negative)	CSTN portal, exact model	Rhabdomyosarcoma	fusion negative	in CSTN	WGBS	DNA methylation		hg19		files/rhb/RHB/WGBS/WGBS-SJRHB000026_X1_Rec3_(ERMS).bw	FORMAL REQUEST (St Jude CSTN / EGA data access agreement)	no - same material as the EGA deposit	https://viz.stjude.cloud/st-jude-childrens-research-hospital/visualization/epigenetic-landscape-of-rhabdomyosarcoma-subtypes~67
RHB	Epigenetic landscape of rhabdomyosarcoma subtypes	SJRHB000026_X2_Rec4_(ERMS)	SJRHB000026_X2		FN-RMS	Rhabdomyosarcoma / Fusion negative	St Jude data administrator (email)	institutional_diagnosis	none (fusion negative)	CSTN portal, exact model	Rhabdomyosarcoma	fusion negative	in CSTN	WGBS	DNA methylation		hg19		files/rhb/RHB/WGBS/WGBS-SJRHB000026_X2_Rec4_(ERMS).bw	FORMAL REQUEST (St Jude CSTN / EGA data access agreement)	no - same material as the EGA deposit	https://viz.stjude.cloud/st-jude-childrens-research-hospital/visualization/epigenetic-landscape-of-rhabdomyosarcoma-subtypes~67
RHB	Epigenetic landscape of rhabdomyosarcoma subtypes	SJRHB010463_X16_Rec1_(ARMS)	SJRHB010463_X16		FP-RMS		browser label - NOT in the administrator's list (see discrepancy report)	histology	PAX3::FOXO1	CSTN portal, exact model	Rhabdomyosarcoma	fusion positive, PAX3-FOXO1	in CSTN	WGBS	DNA methylation		hg19		files/rhb/RHB/WGBS/WGBS-SJRHB010463_X16_Rec1_(ARMS).bw	FORMAL REQUEST (St Jude CSTN / EGA data access agreement)	no - same material as the EGA deposit	https://viz.stjude.cloud/st-jude-childrens-research-hospital/visualization/epigenetic-landscape-of-rhabdomyosarcoma-subtypes~67
RHB	Epigenetic landscape of rhabdomyosarcoma subtypes	SJRHB010468_X1_Prim_(ARMS)	SJRHB010468_X1		FP-RMS	Rhabdomyosarcoma / Fusion positive	St Jude data administrator (email)	institutional_diagnosis	PAX7::FOXO1	CSTN portal, exact model	Rhabdomyosarcoma	fusion positive, PAX7-FOXO1	in CSTN	WGBS	DNA methylation		hg19		files/rhb/RHB/WGBS/WGBS-SJRHB010468_X1_Prim_(ARMS).bw	FORMAL REQUEST (St Jude CSTN / EGA data access agreement)	no - same material as the EGA deposit	https://viz.stjude.cloud/st-jude-childrens-research-hospital/visualization/epigenetic-landscape-of-rhabdomyosarcoma-subtypes~67
RHB	Epigenetic landscape of rhabdomyosarcoma subtypes	SJRHB010927_X1_Prim_(ERMS)	SJRHB010927_X1		FN-RMS	Rhabdomyosarcoma / Fusion negative	St Jude data administrator (email)	institutional_diagnosis	none (fusion negative)	CSTN portal, exact model	Rhabdomyosarcoma	fusion negative	in CSTN	WGBS	DNA methylation		hg19		files/rhb/RHB/WGBS/WGBS-SJRHB010927_X1_Prim_(ERMS).bw	FORMAL REQUEST (St Jude CSTN / EGA data access agreement)	no - same material as the EGA deposit	https://viz.stjude.cloud/st-jude-childrens-research-hospital/visualization/epigenetic-landscape-of-rhabdomyosarcoma-subtypes~67
RHB	Epigenetic landscape of rhabdomyosarcoma subtypes	SJRHB010928_X1_Rec1_(ERMS)	SJRHB010928_X1		FN-RMS	Rhabdomyosarcoma / Fusion negative	St Jude data administrator (email)	institutional_diagnosis	none (fusion negative)	CSTN portal, exact model	Rhabdomyosarcoma	fusion negative	in CSTN	WGBS	DNA methylation		hg19		files/rhb/RHB/WGBS/WGBS-SJRHB010928_X1_Rec1_(ERMS).bw	FORMAL REQUEST (St Jude CSTN / EGA data access agreement)	no - same material as the EGA deposit	https://viz.stjude.cloud/st-jude-childrens-research-hospital/visualization/epigenetic-landscape-of-rhabdomyosarcoma-subtypes~67
RHB	Epigenetic landscape of rhabdomyosarcoma subtypes	SJRHB011_Y_Prim_(ERMS)	SJRHB011_Y		FN-RMS	Rhabdomyosarcoma / Fusion negative	St Jude data administrator (email)	institutional_diagnosis	none (fusion negative)	CSTN portal, exact model	Rhabdomyosarcoma	fusion negative	in CSTN	WGBS	DNA methylation		hg19		files/rhb/RHB/WGBS/WGBS-SJRHB011_Y_Prim_(ERMS).bw	FORMAL REQUEST (St Jude CSTN / EGA data access agreement)	no - same material as the EGA deposit	https://viz.stjude.cloud/st-jude-childrens-research-hospital/visualization/epigenetic-landscape-of-rhabdomyosarcoma-subtypes~67
RHB	Epigenetic landscape of rhabdomyosarcoma subtypes	SJRHB011_X_Rec1_(ERMS)	SJRHB011_X		FN-RMS	Rhabdomyosarcoma / Fusion negative	St Jude data administrator (email)	institutional_diagnosis	none (fusion negative)	CSTN portal, exact model	Rhabdomyosarcoma	fusion negative	in CSTN	WGBS	DNA methylation		hg19		files/rhb/RHB/WGBS/WGBS-SJRHB011_X_Rec1_(ERMS).bw	FORMAL REQUEST (St Jude CSTN / EGA data access agreement)	no - same material as the EGA deposit	https://viz.stjude.cloud/st-jude-childrens-research-hospital/visualization/epigenetic-landscape-of-rhabdomyosarcoma-subtypes~67
RHB	Epigenetic landscape of rhabdomyosarcoma subtypes	SJRHB012405_X1_Rec1_(ERMS)	SJRHB012405_X1		FN-RMS	Rhabdomyosarcoma / Fusion negative	St Jude data administrator (email)	institutional_diagnosis	none (fusion negative)	CSTN portal, exact model	Rhabdomyosarcoma	fusion negative	in CSTN	WGBS	DNA methylation		hg19		files/rhb/RHB/WGBS/WGBS-SJRHB012405_X1_Rec1_(ERMS).bw	FORMAL REQUEST (St Jude CSTN / EGA data access agreement)	no - same material as the EGA deposit	https://viz.stjude.cloud/st-jude-childrens-research-hospital/visualization/epigenetic-landscape-of-rhabdomyosarcoma-subtypes~67
RHB	Epigenetic landscape of rhabdomyosarcoma subtypes	SJRHB012_Y_Rec1_SiteA_(ERMS)	SJRHB012_Y		FN-RMS	Rhabdomyosarcoma / Fusion negative	St Jude data administrator (email)	institutional_diagnosis	none (fusion negative)	CSTN portal, exact model	Rhabdomyosarcoma	fusion negative	in CSTN	WGBS	DNA methylation		hg19		files/rhb/RHB/WGBS/WGBS-SJRHB012_Y_Rec1_SiteA_(ERMS).bw	FORMAL REQUEST (St Jude CSTN / EGA data access agreement)	no - same material as the EGA deposit	https://viz.stjude.cloud/st-jude-childrens-research-hospital/visualization/epigenetic-landscape-of-rhabdomyosarcoma-subtypes~67
RHB	Epigenetic landscape of rhabdomyosarcoma subtypes	SJRHB012_Z_Rec1_SiteB_(ERMS)	SJRHB012_Z		FN-RMS	Rhabdomyosarcoma / Fusion negative	St Jude data administrator (email)	institutional_diagnosis	none (fusion negative)	CSTN portal, exact model	Rhabdomyosarcoma	fusion negative	in CSTN	WGBS	DNA methylation		hg19		files/rhb/RHB/WGBS/WGBS-SJRHB012_Z_Rec1_SiteB_(ERMS).bw	FORMAL REQUEST (St Jude CSTN / EGA data access agreement)	no - same material as the EGA deposit	https://viz.stjude.cloud/st-jude-childrens-research-hospital/visualization/epigenetic-landscape-of-rhabdomyosarcoma-subtypes~67
RHB	Epigenetic landscape of rhabdomyosarcoma subtypes	SJRHB013757_X1_Prim_(ARMS)	SJRHB013757_X1		FP-RMS	Rhabdomyosarcoma / Fusion positive	St Jude data administrator (email)	institutional_diagnosis	PAX7::FOXO1	CSTN portal, sibling passage SJRHB013757_X2 (patient-level)	Rhabdomyosarcoma	fusion positive, PAX7-FOXO1	in CSTN	WGBS	DNA methylation		hg19		files/rhb/RHB/WGBS/WGBS-SJRHB013757_X1_Prim_(ARMS).bw	FORMAL REQUEST (St Jude CSTN / EGA data access agreement)	no - same material as the EGA deposit	https://viz.stjude.cloud/st-jude-childrens-research-hospital/visualization/epigenetic-landscape-of-rhabdomyosarcoma-subtypes~67
RHB	Epigenetic landscape of rhabdomyosarcoma subtypes	SJRHB013758_X1_Prim_(ERMS)	SJRHB013758_X1		FN-RMS	Rhabdomyosarcoma / Fusion negative	St Jude data administrator (email)	institutional_diagnosis	none (fusion negative)	CSTN portal, exact model	Rhabdomyosarcoma	fusion negative	in CSTN	WGBS	DNA methylation		hg19		files/rhb/RHB/WGBS/WGBS-SJRHB013758_X1_Prim_(ERMS).bw	FORMAL REQUEST (St Jude CSTN / EGA data access agreement)	no - same material as the EGA deposit	https://viz.stjude.cloud/st-jude-childrens-research-hospital/visualization/epigenetic-landscape-of-rhabdomyosarcoma-subtypes~67
RHB	Epigenetic landscape of rhabdomyosarcoma subtypes	SJRHB013758_X2_Rec1_(ERMS)	SJRHB013758_X2		FN-RMS	Rhabdomyosarcoma / Fusion negative	St Jude data administrator (email)	institutional_diagnosis	none (fusion negative)	CSTN portal, exact model	Rhabdomyosarcoma	fusion negative	in CSTN	WGBS	DNA methylation		hg19		files/rhb/RHB/WGBS/WGBS-SJRHB013758_X2_Rec1_(ERMS).bw	FORMAL REQUEST (St Jude CSTN / EGA data access agreement)	no - same material as the EGA deposit	https://viz.stjude.cloud/st-jude-childrens-research-hospital/visualization/epigenetic-landscape-of-rhabdomyosarcoma-subtypes~67
RHB	Epigenetic landscape of rhabdomyosarcoma subtypes	SJRHB013759_X1_Rec1_(ARMS)	SJRHB013759_X1		FP-RMS	Rhabdomyosarcoma / Fusion positive	St Jude data administrator (email)	institutional_diagnosis	PAX3::FOXO1	CSTN portal, exact model	Rhabdomyosarcoma	fusion positive, PAX3-FOXO1	in CSTN	WGBS	DNA methylation		hg19		files/rhb/RHB/WGBS/WGBS-SJRHB013759_X1_Rec1_(ARMS).bw	FORMAL REQUEST (St Jude CSTN / EGA data access agreement)	no - same material as the EGA deposit	https://viz.stjude.cloud/st-jude-childrens-research-hospital/visualization/epigenetic-landscape-of-rhabdomyosarcoma-subtypes~67
RHB	Epigenetic landscape of rhabdomyosarcoma subtypes	SJRHB015720_X1_Rec2_(SCLEROS)	SJRHB015720_X1		RMS-MYOD1	Sclerosal RMS	St Jude data administrator (email)	histology_spindle_sclerosing		CSTN portal, exact model	Rhabdomyosarcoma	Sclerosing subtype	in CSTN	WGBS	DNA methylation		hg19		files/rhb/RHB/WGBS/WGBS-SJRHB015720_X1_Rec2_(SCLEROS).bw	FORMAL REQUEST (St Jude CSTN / EGA data access agreement)	no - same material as the EGA deposit	https://viz.stjude.cloud/st-jude-childrens-research-hospital/visualization/epigenetic-landscape-of-rhabdomyosarcoma-subtypes~67
SJOS2018	Epigenetic landscape of xenografts from osteosarcoma and rare tumors	SJOS016015_X1	SJOS016015_X1		Osteosarcoma	Osteosarcoma	St Jude data administrator (email)	institutional_diagnosis		CSTN portal, exact model	Osteosarcoma		in CSTN	WGBS	DNA methylation		hg19		files/rhb/SJOS/WGBS/Methyl-SJOS016015_X1-TB-14-3851-MAST141_1.bw	FORMAL REQUEST (St Jude CSTN / EGA data access agreement)	no - same material as the EGA deposit	https://viz.stjude.cloud/st-jude-childrens-research-hospital/visualization/epigenetic-landscape-of-xenografts-from-osteosarcoma-and-rare-tumors~69
SJOS2018	Epigenetic landscape of xenografts from osteosarcoma and rare tumors	SJOS016015_X1	SJOS016015_X1		Osteosarcoma	Osteosarcoma	St Jude data administrator (email)	institutional_diagnosis		CSTN portal, exact model	Osteosarcoma		in CSTN	WGBS	DNA methylation		hg19		files/rhb/SJOS/WGBS/Methyl-SJOS016015_D1-TB-14-3851.bw	FORMAL REQUEST (St Jude CSTN / EGA data access agreement)	no - same material as the EGA deposit	https://viz.stjude.cloud/st-jude-childrens-research-hospital/visualization/epigenetic-landscape-of-xenografts-from-osteosarcoma-and-rare-tumors~69
SJOS2018	Epigenetic landscape of xenografts from osteosarcoma and rare tumors	SJOS010930_X1	SJOS010930_X1		Osteosarcoma	Osteosarcoma	St Jude data administrator (email)	institutional_diagnosis		CSTN portal, exact model	Osteosarcoma		withdrawn - removed from CSTN and not available	WGBS	DNA methylation		hg19		files/rhb/SJOS/WGBS/Methyl-SJOS010930_X1-TB-12-6271-MAST58_1_1.bw	FORMAL REQUEST (St Jude CSTN / EGA data access agreement)	no - same material as the EGA deposit	https://viz.stjude.cloud/st-jude-childrens-research-hospital/visualization/epigenetic-landscape-of-xenografts-from-osteosarcoma-and-rare-tumors~69
SJOS2018	Epigenetic landscape of xenografts from osteosarcoma and rare tumors	SJOS010930_X1	SJOS010930_X1		Osteosarcoma	Osteosarcoma	St Jude data administrator (email)	institutional_diagnosis		CSTN portal, exact model	Osteosarcoma		withdrawn - removed from CSTN and not available	WGBS	DNA methylation		hg19		files/rhb/SJOS/WGBS/Methyl-SJOS010930_D1-TB-12-6271.bw	FORMAL REQUEST (St Jude CSTN / EGA data access agreement)	no - same material as the EGA deposit	https://viz.stjude.cloud/st-jude-childrens-research-hospital/visualization/epigenetic-landscape-of-xenografts-from-osteosarcoma-and-rare-tumors~69
SJOS2018	Epigenetic landscape of xenografts from osteosarcoma and rare tumors	SJOS001105_X1	SJOS001105_X1		Osteosarcoma	Osteosarcoma	St Jude data administrator (email)	institutional_diagnosis		CSTN portal, exact model	Osteosarcoma		in CSTN	WGBS	DNA methylation		hg19		files/rhb/SJOS/WGBS/Methyl-SJOS001105_X1-TB-10-1868-OS39RP3.bw	FORMAL REQUEST (St Jude CSTN / EGA data access agreement)	no - same material as the EGA deposit	https://viz.stjude.cloud/st-jude-childrens-research-hospital/visualization/epigenetic-landscape-of-xenografts-from-osteosarcoma-and-rare-tumors~69
SJOS2018	Epigenetic landscape of xenografts from osteosarcoma and rare tumors	SJOS001105_X1	SJOS001105_X1		Osteosarcoma	Osteosarcoma	St Jude data administrator (email)	institutional_diagnosis		CSTN portal, exact model	Osteosarcoma		in CSTN	WGBS	DNA methylation		hg19		files/rhb/SJOS/WGBS/Methyl-SJOS001105_X2-TB-10-2886B-OS61P4.bw	FORMAL REQUEST (St Jude CSTN / EGA data access agreement)	no - same material as the EGA deposit	https://viz.stjude.cloud/st-jude-childrens-research-hospital/visualization/epigenetic-landscape-of-xenografts-from-osteosarcoma-and-rare-tumors~69
SJOS2018	Epigenetic landscape of xenografts from osteosarcoma and rare tumors	SJOS001105_X1	SJOS001105_X1		Osteosarcoma	Osteosarcoma	St Jude data administrator (email)	institutional_diagnosis		CSTN portal, exact model	Osteosarcoma		in CSTN	WGBS	DNA methylation		hg19		files/rhb/SJOS/WGBS/Methyl-SJOS001105_X3-TB-08-2389-OS39P4.bw	FORMAL REQUEST (St Jude CSTN / EGA data access agreement)	no - same material as the EGA deposit	https://viz.stjude.cloud/st-jude-childrens-research-hospital/visualization/epigenetic-landscape-of-xenografts-from-osteosarcoma-and-rare-tumors~69
SJOS2018	Epigenetic landscape of xenografts from osteosarcoma and rare tumors	SJOS001105_X1	SJOS001105_X1		Osteosarcoma	Osteosarcoma	St Jude data administrator (email)	institutional_diagnosis		CSTN portal, exact model	Osteosarcoma		in CSTN	WGBS	DNA methylation		hg19		files/rhb/SJOS/WGBS/Methyl-SJOS001105_D1-TB-08-2389.bw	FORMAL REQUEST (St Jude CSTN / EGA data access agreement)	no - same material as the EGA deposit	https://viz.stjude.cloud/st-jude-childrens-research-hospital/visualization/epigenetic-landscape-of-xenografts-from-osteosarcoma-and-rare-tumors~69
SJOS2018	Epigenetic landscape of xenografts from osteosarcoma and rare tumors	SJOS001105_X1	SJOS001105_X1		Osteosarcoma	Osteosarcoma	St Jude data administrator (email)	institutional_diagnosis		CSTN portal, exact model	Osteosarcoma		in CSTN	WGBS	DNA methylation		hg19		files/rhb/SJOS/WGBS/Methyl-SJOS001105_D2-TB-10-2886B.bw	FORMAL REQUEST (St Jude CSTN / EGA data access agreement)	no - same material as the EGA deposit	https://viz.stjude.cloud/st-jude-childrens-research-hospital/visualization/epigenetic-landscape-of-xenografts-from-osteosarcoma-and-rare-tumors~69
SJOS2018	Epigenetic landscape of xenografts from osteosarcoma and rare tumors	SJOS001105_X1	SJOS001105_X1		Osteosarcoma	Osteosarcoma	St Jude data administrator (email)	institutional_diagnosis		CSTN portal, exact model	Osteosarcoma		in CSTN	WGBS	DNA methylation		hg19		files/rhb/SJOS/WGBS/Methyl-SJOS001105_R1-TB-10-1868.bw	FORMAL REQUEST (St Jude CSTN / EGA data access agreement)	no - same material as the EGA deposit	https://viz.stjude.cloud/st-jude-childrens-research-hospital/visualization/epigenetic-landscape-of-xenografts-from-osteosarcoma-and-rare-tumors~69
SJOS2018	Epigenetic landscape of xenografts from osteosarcoma and rare tumors	SJOS001108_X1	SJOS001108_X1		Osteosarcoma	Osteosarcoma	St Jude data administrator (email)	institutional_diagnosis		CSTN portal, exact model	Osteosarcoma		in CSTN	WGBS	DNA methylation		hg19		files/rhb/SJOS/WGBS/Methyl-SJOS001108_X1-TB-09-5520-OS48P3.bw	FORMAL REQUEST (St Jude CSTN / EGA data access agreement)	no - same material as the EGA deposit	https://viz.stjude.cloud/st-jude-childrens-research-hospital/visualization/epigenetic-landscape-of-xenografts-from-osteosarcoma-and-rare-tumors~69
SJOS2018	Epigenetic landscape of xenografts from osteosarcoma and rare tumors	SJOS001108_X1	SJOS001108_X1		Osteosarcoma	Osteosarcoma	St Jude data administrator (email)	institutional_diagnosis		CSTN portal, exact model	Osteosarcoma		in CSTN	WGBS	DNA methylation		hg19		files/rhb/SJOS/WGBS/Methyl-SJOS001108_M1-TB-09-5520.bw	FORMAL REQUEST (St Jude CSTN / EGA data access agreement)	no - same material as the EGA deposit	https://viz.stjude.cloud/st-jude-childrens-research-hospital/visualization/epigenetic-landscape-of-xenografts-from-osteosarcoma-and-rare-tumors~69
SJOS2018	Epigenetic landscape of xenografts from osteosarcoma and rare tumors	SJOS001107_X3	SJOS001107_X3		Osteosarcoma	Osteosarcoma	St Jude data administrator (email)	institutional_diagnosis		CSTN portal, exact model	Osteosarcoma		in CSTN	WGBS	DNA methylation		hg19		files/rhb/SJOS/WGBS/Methyl-SJOS001107_X1-TB-09-2929-OS45P3.bw	FORMAL REQUEST (St Jude CSTN / EGA data access agreement)	no - same material as the EGA deposit	https://viz.stjude.cloud/st-jude-childrens-research-hospital/visualization/epigenetic-landscape-of-xenografts-from-osteosarcoma-and-rare-tumors~69
SJOS2018	Epigenetic landscape of xenografts from osteosarcoma and rare tumors	SJOS001107_X3	SJOS001107_X3		Osteosarcoma	Osteosarcoma	St Jude data administrator (email)	institutional_diagnosis		CSTN portal, exact model	Osteosarcoma		in CSTN	WGBS	DNA methylation		hg19		files/rhb/SJOS/WGBS/Methyl-SJOS001107_X3-TB-10-5607-OS58P4.bw	FORMAL REQUEST (St Jude CSTN / EGA data access agreement)	no - same material as the EGA deposit	https://viz.stjude.cloud/st-jude-childrens-research-hospital/visualization/epigenetic-landscape-of-xenografts-from-osteosarcoma-and-rare-tumors~69
SJOS2018	Epigenetic landscape of xenografts from osteosarcoma and rare tumors	SJOS001107_X3	SJOS001107_X3		Osteosarcoma	Osteosarcoma	St Jude data administrator (email)	institutional_diagnosis		CSTN portal, exact model	Osteosarcoma		in CSTN	WGBS	DNA methylation		hg19		files/rhb/SJOS/WGBS/Methyl-SJOS001107_D1-TB-09-2929.bw	FORMAL REQUEST (St Jude CSTN / EGA data access agreement)	no - same material as the EGA deposit	https://viz.stjude.cloud/st-jude-childrens-research-hospital/visualization/epigenetic-landscape-of-xenografts-from-osteosarcoma-and-rare-tumors~69
SJOS2018	Epigenetic landscape of xenografts from osteosarcoma and rare tumors	SJOS001107_X3	SJOS001107_X3		Osteosarcoma	Osteosarcoma	St Jude data administrator (email)	institutional_diagnosis		CSTN portal, exact model	Osteosarcoma		in CSTN	WGBS	DNA methylation		hg19		files/rhb/SJOS/WGBS/Methyl-SJOS001107_M2-TB-10-5607.bw	FORMAL REQUEST (St Jude CSTN / EGA data access agreement)	no - same material as the EGA deposit	https://viz.stjude.cloud/st-jude-childrens-research-hospital/visualization/epigenetic-landscape-of-xenografts-from-osteosarcoma-and-rare-tumors~69
SJOS2018	Epigenetic landscape of xenografts from osteosarcoma and rare tumors	SJEWS001321_X1	SJEWS001321_X1		Ewing	Ewings sarcoma	St Jude data administrator (email)	institutional_diagnosis		CSTN portal, exact model	Ewing sarcoma		in CSTN	WGBS	DNA methylation		hg19		files/rhb/SJOS/WGBS/Methyl-SJEWS001321_X1-TB-12-0798-MAST37_1.bw	FORMAL REQUEST (St Jude CSTN / EGA data access agreement)	no - same material as the EGA deposit	https://viz.stjude.cloud/st-jude-childrens-research-hospital/visualization/epigenetic-landscape-of-xenografts-from-osteosarcoma-and-rare-tumors~69
SJOS2018	Epigenetic landscape of xenografts from osteosarcoma and rare tumors	SJEWS001321_X1	SJEWS001321_X1		Ewing	Ewings sarcoma	St Jude data administrator (email)	institutional_diagnosis		CSTN portal, exact model	Ewing sarcoma		in CSTN	WGBS	DNA methylation		hg19		files/rhb/SJOS/WGBS/Methyl-SJEWS001321_D2-TB-12-0798.bw	FORMAL REQUEST (St Jude CSTN / EGA data access agreement)	no - same material as the EGA deposit	https://viz.stjude.cloud/st-jude-childrens-research-hospital/visualization/epigenetic-landscape-of-xenografts-from-osteosarcoma-and-rare-tumors~69
SJOS2018	Epigenetic landscape of xenografts from osteosarcoma and rare tumors	SJLPS014753_X1	SJLPS014753_X1		Liposarcoma-NOS	Liposarcoma	St Jude data administrator (email)	institutional_diagnosis		CSTN portal, exact model	Liposarcoma		in CSTN	WGBS	DNA methylation		hg19		files/rhb/SJOS/WGBS/Methyl-SJLPS014753_X1-TB-14-2484-MAST128.bw	FORMAL REQUEST (St Jude CSTN / EGA data access agreement)	no - same material as the EGA deposit	https://viz.stjude.cloud/st-jude-childrens-research-hospital/visualization/epigenetic-landscape-of-xenografts-from-osteosarcoma-and-rare-tumors~69
SJOS2018	Epigenetic landscape of xenografts from osteosarcoma and rare tumors	SJLPS014753_X1	SJLPS014753_X1		Liposarcoma-NOS	Liposarcoma	St Jude data administrator (email)	institutional_diagnosis		CSTN portal, exact model	Liposarcoma		in CSTN	WGBS	DNA methylation		hg19		files/rhb/SJOS/WGBS/Methyl-SJLPS014753_D1-TB-14-2484.bw	FORMAL REQUEST (St Jude CSTN / EGA data access agreement)	no - same material as the EGA deposit	https://viz.stjude.cloud/st-jude-childrens-research-hospital/visualization/epigenetic-landscape-of-xenografts-from-osteosarcoma-and-rare-tumors~69
SJOS2018	Epigenetic landscape of xenografts from osteosarcoma and rare tumors	SJHGS015726_X2	SJHGS015726_X2		Sarcoma NOS	High grade sarcoma	St Jude data administrator (email)	institutional_diagnosis		CSTN portal, exact model	High grade sarcoma		in CSTN	WGBS	DNA methylation		hg19		files/rhb/SJOS/WGBS/Methyl-SJHGS015726_X1-TB-13-2540-MAST88_1.bw	FORMAL REQUEST (St Jude CSTN / EGA data access agreement)	no - same material as the EGA deposit	https://viz.stjude.cloud/st-jude-childrens-research-hospital/visualization/epigenetic-landscape-of-xenografts-from-osteosarcoma-and-rare-tumors~69
SJOS2018	Epigenetic landscape of xenografts from osteosarcoma and rare tumors	SJHGS015726_X2	SJHGS015726_X2		Sarcoma NOS	High grade sarcoma	St Jude data administrator (email)	institutional_diagnosis		CSTN portal, exact model	High grade sarcoma		in CSTN	WGBS	DNA methylation		hg19		files/rhb/SJOS/WGBS/Methyl-SJHGS015726_X2-TB-13-3745-MAST99_1.bw	FORMAL REQUEST (St Jude CSTN / EGA data access agreement)	no - same material as the EGA deposit	https://viz.stjude.cloud/st-jude-childrens-research-hospital/visualization/epigenetic-landscape-of-xenografts-from-osteosarcoma-and-rare-tumors~69
SJOS2018	Epigenetic landscape of xenografts from osteosarcoma and rare tumors	SJHGS015726_X2	SJHGS015726_X2		Sarcoma NOS	High grade sarcoma	St Jude data administrator (email)	institutional_diagnosis		CSTN portal, exact model	High grade sarcoma		in CSTN	WGBS	DNA methylation		hg19		files/rhb/SJOS/WGBS/Methyl-SJHGS015726_D1-TB-13-2540.bw	FORMAL REQUEST (St Jude CSTN / EGA data access agreement)	no - same material as the EGA deposit	https://viz.stjude.cloud/st-jude-childrens-research-hospital/visualization/epigenetic-landscape-of-xenografts-from-osteosarcoma-and-rare-tumors~69
SJOS2018	Epigenetic landscape of xenografts from osteosarcoma and rare tumors	SJHGS015726_X2	SJHGS015726_X2		Sarcoma NOS	High grade sarcoma	St Jude data administrator (email)	institutional_diagnosis		CSTN portal, exact model	High grade sarcoma		in CSTN	WGBS	DNA methylation		hg19		files/rhb/SJOS/WGBS/Methyl-SJHGS015726_D2-TB-13-3745.bw	FORMAL REQUEST (St Jude CSTN / EGA data access agreement)	no - same material as the EGA deposit	https://viz.stjude.cloud/st-jude-childrens-research-hospital/visualization/epigenetic-landscape-of-xenografts-from-osteosarcoma-and-rare-tumors~69
SJOS2018	Epigenetic landscape of xenografts from osteosarcoma and rare tumors	SJNORM056762_OSTEOBLAST	SJNORM056762_OSTEOBLAST		normal/reference		browser label (normal/reference material)						in CSTN	WGBS	DNA methylation		hg19		files/rhb/SJOS/WGBS/Methyl-SJNORM056762_C1-hOB-Lot1.bw	FORMAL REQUEST (St Jude CSTN / EGA data access agreement)	no - same material as the EGA deposit	https://viz.stjude.cloud/st-jude-childrens-research-hospital/visualization/epigenetic-landscape-of-xenografts-from-osteosarcoma-and-rare-tumors~69
SJOS2018	Epigenetic landscape of xenografts from osteosarcoma and rare tumors	SJOS016015_X1	SJOS016015_X1	SJOS016015_MAST141	Osteosarcoma	Osteosarcoma	St Jude data administrator (email)	institutional_diagnosis		CSTN portal, exact model	Osteosarcoma		in CSTN	SuperEnhancer(SE)	derived (called peaks)		hg19	bedj	files/rhb/SJOS/CHIPSEQ_SJOS/SE.withK4me3.SJOS016015_MAST141.gz	FORMAL REQUEST (St Jude CSTN / EGA data access agreement)	no - same material as the EGA deposit	https://viz.stjude.cloud/st-jude-childrens-research-hospital/visualization/epigenetic-landscape-of-xenografts-from-osteosarcoma-and-rare-tumors~69
SJOS2018	Epigenetic landscape of xenografts from osteosarcoma and rare tumors	SJOS010930_X1	SJOS010930_X1	SJOS010930_MAST58	Osteosarcoma	Osteosarcoma	St Jude data administrator (email)	institutional_diagnosis		CSTN portal, exact model	Osteosarcoma		withdrawn - removed from CSTN and not available	SuperEnhancer(SE)	derived (called peaks)		hg19	bedj	files/rhb/SJOS/CHIPSEQ_SJOS/SE.withK4me3.SJOS010930_MAST58.gz	FORMAL REQUEST (St Jude CSTN / EGA data access agreement)	no - same material as the EGA deposit	https://viz.stjude.cloud/st-jude-childrens-research-hospital/visualization/epigenetic-landscape-of-xenografts-from-osteosarcoma-and-rare-tumors~69
SJOS2018	Epigenetic landscape of xenografts from osteosarcoma and rare tumors	SJOS001105_X1	SJOS001105_X1	SJOS001105_OS39R	Osteosarcoma	Osteosarcoma	St Jude data administrator (email)	institutional_diagnosis		CSTN portal, exact model	Osteosarcoma		in CSTN	SuperEnhancer(SE)	derived (called peaks)		hg19	bedj	files/rhb/SJOS/CHIPSEQ_SJOS/SE.withK4me3.SJOS001105_OS39R.gz	FORMAL REQUEST (St Jude CSTN / EGA data access agreement)	no - same material as the EGA deposit	https://viz.stjude.cloud/st-jude-childrens-research-hospital/visualization/epigenetic-landscape-of-xenografts-from-osteosarcoma-and-rare-tumors~69
SJOS2018	Epigenetic landscape of xenografts from osteosarcoma and rare tumors	SJOS001108_X1	SJOS001108_X1	SJOS001108_OS48	Osteosarcoma	Osteosarcoma	St Jude data administrator (email)	institutional_diagnosis		CSTN portal, exact model	Osteosarcoma		in CSTN	SuperEnhancer(SE)	derived (called peaks)		hg19	bedj	files/rhb/SJOS/CHIPSEQ_SJOS/SE.withK4me3.SJOS001108_OS48.gz	FORMAL REQUEST (St Jude CSTN / EGA data access agreement)	no - same material as the EGA deposit	https://viz.stjude.cloud/st-jude-childrens-research-hospital/visualization/epigenetic-landscape-of-xenografts-from-osteosarcoma-and-rare-tumors~69
SJOS2018	Epigenetic landscape of xenografts from osteosarcoma and rare tumors	SJOS001107_X3	SJOS001107_X3	SJOS001107_OS58	Osteosarcoma	Osteosarcoma	St Jude data administrator (email)	institutional_diagnosis		CSTN portal, exact model	Osteosarcoma		in CSTN	SuperEnhancer(SE)	derived (called peaks)		hg19	bedj	files/rhb/SJOS/CHIPSEQ_SJOS/SE.withK4me3.SJOS001107_OS58.gz	FORMAL REQUEST (St Jude CSTN / EGA data access agreement)	no - same material as the EGA deposit	https://viz.stjude.cloud/st-jude-childrens-research-hospital/visualization/epigenetic-landscape-of-xenografts-from-osteosarcoma-and-rare-tumors~69
SJOS2018	Epigenetic landscape of xenografts from osteosarcoma and rare tumors	SJNORM056762_OSTEOBLAST	SJNORM056762_OSTEOBLAST	SJNORM056762_OSTEOBLAST	normal/reference		browser label (normal/reference material)						in CSTN	SuperEnhancer(SE)	derived (called peaks)		hg19	bedj	files/rhb/SJOS/CHIPSEQ_SJOS/SE.withK4me3.SJNORM056762_OSTEOBLAST.gz	FORMAL REQUEST (St Jude CSTN / EGA data access agreement)	no - same material as the EGA deposit	https://viz.stjude.cloud/st-jude-childrens-research-hospital/visualization/epigenetic-landscape-of-xenografts-from-osteosarcoma-and-rare-tumors~69
SJOS2018	Epigenetic landscape of xenografts from osteosarcoma and rare tumors	SJEWS001321_X1	SJEWS001321_X1	SJEWS001321_MAST37	Ewing	Ewings sarcoma	St Jude data administrator (email)	institutional_diagnosis		CSTN portal, exact model	Ewing sarcoma		in CSTN	SuperEnhancer(SE)	derived (called peaks)		hg19	bedj	files/rhb/SJOS/CHIPSEQ_SJOS/SE.withK4me3.SJEWS001321_MAST37.gz	FORMAL REQUEST (St Jude CSTN / EGA data access agreement)	no - same material as the EGA deposit	https://viz.stjude.cloud/st-jude-childrens-research-hospital/visualization/epigenetic-landscape-of-xenografts-from-osteosarcoma-and-rare-tumors~69
SJOS2018	Epigenetic landscape of xenografts from osteosarcoma and rare tumors	SJLPS014753_X1	SJLPS014753_X1	SJLPS014753_MAST128	Liposarcoma-NOS	Liposarcoma	St Jude data administrator (email)	institutional_diagnosis		CSTN portal, exact model	Liposarcoma		in CSTN	SuperEnhancer(SE)	derived (called peaks)		hg19	bedj	files/rhb/SJOS/CHIPSEQ_SJOS/SE.withK4me3.SJLPS014753_MAST128.gz	FORMAL REQUEST (St Jude CSTN / EGA data access agreement)	no - same material as the EGA deposit	https://viz.stjude.cloud/st-jude-childrens-research-hospital/visualization/epigenetic-landscape-of-xenografts-from-osteosarcoma-and-rare-tumors~69
SJOS2018	Epigenetic landscape of xenografts from osteosarcoma and rare tumors	SJHGS015726_X2	SJHGS015726_X2	SJHGS015726_MAST99	Sarcoma NOS	High grade sarcoma	St Jude data administrator (email)	institutional_diagnosis		CSTN portal, exact model	High grade sarcoma		in CSTN	SuperEnhancer(SE)	derived (called peaks)		hg19	bedj	files/rhb/SJOS/CHIPSEQ_SJOS/SE.withK4me3.SJHGS015726_MAST99.gz	FORMAL REQUEST (St Jude CSTN / EGA data access agreement)	no - same material as the EGA deposit	https://viz.stjude.cloud/st-jude-childrens-research-hospital/visualization/epigenetic-landscape-of-xenografts-from-osteosarcoma-and-rare-tumors~69
SJOS2018	Epigenetic landscape of xenografts from osteosarcoma and rare tumors	SJOS016015_X1	SJOS016015_X1	SJOS016015_MAST141	Osteosarcoma	Osteosarcoma	St Jude data administrator (email)	institutional_diagnosis		CSTN portal, exact model	Osteosarcoma		in CSTN	SE.noK4me3	derived (called peaks)		hg19	bedj	files/rhb/SJOS/CHIPSEQ_SJOS/SE.noK4me3.SJOS016015_MAST141.gz	FORMAL REQUEST (St Jude CSTN / EGA data access agreement)	no - same material as the EGA deposit	https://viz.stjude.cloud/st-jude-childrens-research-hospital/visualization/epigenetic-landscape-of-xenografts-from-osteosarcoma-and-rare-tumors~69
SJOS2018	Epigenetic landscape of xenografts from osteosarcoma and rare tumors	SJOS010930_X1	SJOS010930_X1	SJOS010930_MAST58	Osteosarcoma	Osteosarcoma	St Jude data administrator (email)	institutional_diagnosis		CSTN portal, exact model	Osteosarcoma		withdrawn - removed from CSTN and not available	SE.noK4me3	derived (called peaks)		hg19	bedj	files/rhb/SJOS/CHIPSEQ_SJOS/SE.noK4me3.SJOS010930_MAST58.gz	FORMAL REQUEST (St Jude CSTN / EGA data access agreement)	no - same material as the EGA deposit	https://viz.stjude.cloud/st-jude-childrens-research-hospital/visualization/epigenetic-landscape-of-xenografts-from-osteosarcoma-and-rare-tumors~69
SJOS2018	Epigenetic landscape of xenografts from osteosarcoma and rare tumors	SJOS001105_X1	SJOS001105_X1	SJOS001105_OS39R	Osteosarcoma	Osteosarcoma	St Jude data administrator (email)	institutional_diagnosis		CSTN portal, exact model	Osteosarcoma		in CSTN	SE.noK4me3	derived (called peaks)		hg19	bedj	files/rhb/SJOS/CHIPSEQ_SJOS/SE.noK4me3.SJOS001105_OS39R.gz	FORMAL REQUEST (St Jude CSTN / EGA data access agreement)	no - same material as the EGA deposit	https://viz.stjude.cloud/st-jude-childrens-research-hospital/visualization/epigenetic-landscape-of-xenografts-from-osteosarcoma-and-rare-tumors~69
SJOS2018	Epigenetic landscape of xenografts from osteosarcoma and rare tumors	SJOS001108_X1	SJOS001108_X1	SJOS001108_OS48	Osteosarcoma	Osteosarcoma	St Jude data administrator (email)	institutional_diagnosis		CSTN portal, exact model	Osteosarcoma		in CSTN	SE.noK4me3	derived (called peaks)		hg19	bedj	files/rhb/SJOS/CHIPSEQ_SJOS/SE.noK4me3.SJOS001108_OS48.gz	FORMAL REQUEST (St Jude CSTN / EGA data access agreement)	no - same material as the EGA deposit	https://viz.stjude.cloud/st-jude-childrens-research-hospital/visualization/epigenetic-landscape-of-xenografts-from-osteosarcoma-and-rare-tumors~69
SJOS2018	Epigenetic landscape of xenografts from osteosarcoma and rare tumors	SJOS001107_X3	SJOS001107_X3	SJOS001107_OS58	Osteosarcoma	Osteosarcoma	St Jude data administrator (email)	institutional_diagnosis		CSTN portal, exact model	Osteosarcoma		in CSTN	SE.noK4me3	derived (called peaks)		hg19	bedj	files/rhb/SJOS/CHIPSEQ_SJOS/SE.noK4me3.SJOS001107_OS58.gz	FORMAL REQUEST (St Jude CSTN / EGA data access agreement)	no - same material as the EGA deposit	https://viz.stjude.cloud/st-jude-childrens-research-hospital/visualization/epigenetic-landscape-of-xenografts-from-osteosarcoma-and-rare-tumors~69
SJOS2018	Epigenetic landscape of xenografts from osteosarcoma and rare tumors	SJNORM056762_OSTEOBLAST	SJNORM056762_OSTEOBLAST	SJNORM056762_OSTEOBLAST	normal/reference		browser label (normal/reference material)						in CSTN	SE.noK4me3	derived (called peaks)		hg19	bedj	files/rhb/SJOS/CHIPSEQ_SJOS/SE.noK4me3.SJNORM056762_OSTEOBLAST.gz	FORMAL REQUEST (St Jude CSTN / EGA data access agreement)	no - same material as the EGA deposit	https://viz.stjude.cloud/st-jude-childrens-research-hospital/visualization/epigenetic-landscape-of-xenografts-from-osteosarcoma-and-rare-tumors~69
SJOS2018	Epigenetic landscape of xenografts from osteosarcoma and rare tumors	SJEWS001321_X1	SJEWS001321_X1	SJEWS001321_MAST37	Ewing	Ewings sarcoma	St Jude data administrator (email)	institutional_diagnosis		CSTN portal, exact model	Ewing sarcoma		in CSTN	SE.noK4me3	derived (called peaks)		hg19	bedj	files/rhb/SJOS/CHIPSEQ_SJOS/SE.noK4me3.SJEWS001321_MAST37.gz	FORMAL REQUEST (St Jude CSTN / EGA data access agreement)	no - same material as the EGA deposit	https://viz.stjude.cloud/st-jude-childrens-research-hospital/visualization/epigenetic-landscape-of-xenografts-from-osteosarcoma-and-rare-tumors~69
SJOS2018	Epigenetic landscape of xenografts from osteosarcoma and rare tumors	SJLPS014753_X1	SJLPS014753_X1	SJLPS014753_MAST128	Liposarcoma-NOS	Liposarcoma	St Jude data administrator (email)	institutional_diagnosis		CSTN portal, exact model	Liposarcoma		in CSTN	SE.noK4me3	derived (called peaks)		hg19	bedj	files/rhb/SJOS/CHIPSEQ_SJOS/SE.noK4me3.SJLPS014753_MAST128.gz	FORMAL REQUEST (St Jude CSTN / EGA data access agreement)	no - same material as the EGA deposit	https://viz.stjude.cloud/st-jude-childrens-research-hospital/visualization/epigenetic-landscape-of-xenografts-from-osteosarcoma-and-rare-tumors~69
SJOS2018	Epigenetic landscape of xenografts from osteosarcoma and rare tumors	SJHGS015726_X2	SJHGS015726_X2	SJHGS015726_MAST99	Sarcoma NOS	High grade sarcoma	St Jude data administrator (email)	institutional_diagnosis		CSTN portal, exact model	High grade sarcoma		in CSTN	SE.noK4me3	derived (called peaks)		hg19	bedj	files/rhb/SJOS/CHIPSEQ_SJOS/SE.noK4me3.SJHGS015726_MAST99.gz	FORMAL REQUEST (St Jude CSTN / EGA data access agreement)	no - same material as the EGA deposit	https://viz.stjude.cloud/st-jude-childrens-research-hospital/visualization/epigenetic-landscape-of-xenografts-from-osteosarcoma-and-rare-tumors~69
SJOS2018	Epigenetic landscape of xenografts from osteosarcoma and rare tumors	SJOS016015_X1	SJOS016015_X1		Osteosarcoma	Osteosarcoma	St Jude data administrator (email)	institutional_diagnosis		CSTN portal, exact model	Osteosarcoma		in CSTN	BRD4	regulatory		hg19		files/rhb/SJOS/CHIPSEQ_SJOS/BRD4-SJOS016015_MAST141.bw	FORMAL REQUEST (St Jude CSTN / EGA data access agreement)	no - same material as the EGA deposit	https://viz.stjude.cloud/st-jude-childrens-research-hospital/visualization/epigenetic-landscape-of-xenografts-from-osteosarcoma-and-rare-tumors~69
SJOS2018	Epigenetic landscape of xenografts from osteosarcoma and rare tumors	SJOS010930_X1	SJOS010930_X1		Osteosarcoma	Osteosarcoma	St Jude data administrator (email)	institutional_diagnosis		CSTN portal, exact model	Osteosarcoma		withdrawn - removed from CSTN and not available	BRD4	regulatory		hg19		files/rhb/SJOS/CHIPSEQ_SJOS/BRD4-SJOS010930_MAST58.bw	FORMAL REQUEST (St Jude CSTN / EGA data access agreement)	no - same material as the EGA deposit	https://viz.stjude.cloud/st-jude-childrens-research-hospital/visualization/epigenetic-landscape-of-xenografts-from-osteosarcoma-and-rare-tumors~69
SJOS2018	Epigenetic landscape of xenografts from osteosarcoma and rare tumors	SJOS001105_X1	SJOS001105_X1		Osteosarcoma	Osteosarcoma	St Jude data administrator (email)	institutional_diagnosis		CSTN portal, exact model	Osteosarcoma		in CSTN	BRD4	regulatory		hg19		files/rhb/SJOS/CHIPSEQ_SJOS/BRD4-SJOS001105_OS39R.bw	FORMAL REQUEST (St Jude CSTN / EGA data access agreement)	no - same material as the EGA deposit	https://viz.stjude.cloud/st-jude-childrens-research-hospital/visualization/epigenetic-landscape-of-xenografts-from-osteosarcoma-and-rare-tumors~69
SJOS2018	Epigenetic landscape of xenografts from osteosarcoma and rare tumors	SJOS001108_X1	SJOS001108_X1		Osteosarcoma	Osteosarcoma	St Jude data administrator (email)	institutional_diagnosis		CSTN portal, exact model	Osteosarcoma		in CSTN	BRD4	regulatory		hg19		files/rhb/SJOS/CHIPSEQ_SJOS/BRD4-SJOS001108_OS48.bw	FORMAL REQUEST (St Jude CSTN / EGA data access agreement)	no - same material as the EGA deposit	https://viz.stjude.cloud/st-jude-childrens-research-hospital/visualization/epigenetic-landscape-of-xenografts-from-osteosarcoma-and-rare-tumors~69
SJOS2018	Epigenetic landscape of xenografts from osteosarcoma and rare tumors	SJOS001107_X3	SJOS001107_X3		Osteosarcoma	Osteosarcoma	St Jude data administrator (email)	institutional_diagnosis		CSTN portal, exact model	Osteosarcoma		in CSTN	BRD4	regulatory		hg19		files/rhb/SJOS/CHIPSEQ_SJOS/BRD4-SJOS001107_OS58.bw	FORMAL REQUEST (St Jude CSTN / EGA data access agreement)	no - same material as the EGA deposit	https://viz.stjude.cloud/st-jude-childrens-research-hospital/visualization/epigenetic-landscape-of-xenografts-from-osteosarcoma-and-rare-tumors~69
SJOS2018	Epigenetic landscape of xenografts from osteosarcoma and rare tumors	SJNORM056762_OSTEOBLAST	SJNORM056762_OSTEOBLAST		normal/reference		browser label (normal/reference material)						in CSTN	BRD4	regulatory		hg19		files/rhb/SJOS/CHIPSEQ_SJOS/BRD4-SJNORM056762_OSTEOBLAST.bw	FORMAL REQUEST (St Jude CSTN / EGA data access agreement)	no - same material as the EGA deposit	https://viz.stjude.cloud/st-jude-childrens-research-hospital/visualization/epigenetic-landscape-of-xenografts-from-osteosarcoma-and-rare-tumors~69
SJOS2018	Epigenetic landscape of xenografts from osteosarcoma and rare tumors	SJEWS001321_X1	SJEWS001321_X1		Ewing	Ewings sarcoma	St Jude data administrator (email)	institutional_diagnosis		CSTN portal, exact model	Ewing sarcoma		in CSTN	BRD4	regulatory		hg19		files/rhb/SJOS/CHIPSEQ_SJOS/BRD4-SJEWS001321_MAST37.bw	FORMAL REQUEST (St Jude CSTN / EGA data access agreement)	no - same material as the EGA deposit	https://viz.stjude.cloud/st-jude-childrens-research-hospital/visualization/epigenetic-landscape-of-xenografts-from-osteosarcoma-and-rare-tumors~69
SJOS2018	Epigenetic landscape of xenografts from osteosarcoma and rare tumors	SJLPS014753_X1	SJLPS014753_X1		Liposarcoma-NOS	Liposarcoma	St Jude data administrator (email)	institutional_diagnosis		CSTN portal, exact model	Liposarcoma		in CSTN	BRD4	regulatory		hg19		files/rhb/SJOS/CHIPSEQ_SJOS/BRD4-SJLPS014753_MAST128.bw	FORMAL REQUEST (St Jude CSTN / EGA data access agreement)	no - same material as the EGA deposit	https://viz.stjude.cloud/st-jude-childrens-research-hospital/visualization/epigenetic-landscape-of-xenografts-from-osteosarcoma-and-rare-tumors~69
SJOS2018	Epigenetic landscape of xenografts from osteosarcoma and rare tumors	SJHGS015726_X2	SJHGS015726_X2		Sarcoma NOS	High grade sarcoma	St Jude data administrator (email)	institutional_diagnosis		CSTN portal, exact model	High grade sarcoma		in CSTN	BRD4	regulatory		hg19		files/rhb/SJOS/CHIPSEQ_SJOS/BRD4-SJHGS015726_MAST99.bw	FORMAL REQUEST (St Jude CSTN / EGA data access agreement)	no - same material as the EGA deposit	https://viz.stjude.cloud/st-jude-childrens-research-hospital/visualization/epigenetic-landscape-of-xenografts-from-osteosarcoma-and-rare-tumors~69
SJOS2018	Epigenetic landscape of xenografts from osteosarcoma and rare tumors	SJOS016015_X1	SJOS016015_X1		Osteosarcoma	Osteosarcoma	St Jude data administrator (email)	institutional_diagnosis		CSTN portal, exact model	Osteosarcoma		in CSTN	H3K27Ac	regulatory		hg19		files/rhb/SJOS/CHIPSEQ_SJOS/H3K27Ac-SJOS016015_MAST141.bw	FORMAL REQUEST (St Jude CSTN / EGA data access agreement)	no - same material as the EGA deposit	https://viz.stjude.cloud/st-jude-childrens-research-hospital/visualization/epigenetic-landscape-of-xenografts-from-osteosarcoma-and-rare-tumors~69
SJOS2018	Epigenetic landscape of xenografts from osteosarcoma and rare tumors	SJOS010930_X1	SJOS010930_X1		Osteosarcoma	Osteosarcoma	St Jude data administrator (email)	institutional_diagnosis		CSTN portal, exact model	Osteosarcoma		withdrawn - removed from CSTN and not available	H3K27Ac	regulatory		hg19		files/rhb/SJOS/CHIPSEQ_SJOS/H3K27Ac-SJOS010930_MAST58.bw	FORMAL REQUEST (St Jude CSTN / EGA data access agreement)	no - same material as the EGA deposit	https://viz.stjude.cloud/st-jude-childrens-research-hospital/visualization/epigenetic-landscape-of-xenografts-from-osteosarcoma-and-rare-tumors~69
SJOS2018	Epigenetic landscape of xenografts from osteosarcoma and rare tumors	SJOS001105_X1	SJOS001105_X1		Osteosarcoma	Osteosarcoma	St Jude data administrator (email)	institutional_diagnosis		CSTN portal, exact model	Osteosarcoma		in CSTN	H3K27Ac	regulatory		hg19		files/rhb/SJOS/CHIPSEQ_SJOS/H3K27Ac-SJOS001105_OS39R.bw	FORMAL REQUEST (St Jude CSTN / EGA data access agreement)	no - same material as the EGA deposit	https://viz.stjude.cloud/st-jude-childrens-research-hospital/visualization/epigenetic-landscape-of-xenografts-from-osteosarcoma-and-rare-tumors~69
SJOS2018	Epigenetic landscape of xenografts from osteosarcoma and rare tumors	SJOS001108_X1	SJOS001108_X1		Osteosarcoma	Osteosarcoma	St Jude data administrator (email)	institutional_diagnosis		CSTN portal, exact model	Osteosarcoma		in CSTN	H3K27Ac	regulatory		hg19		files/rhb/SJOS/CHIPSEQ_SJOS/H3K27Ac-SJOS001108_OS48.bw	FORMAL REQUEST (St Jude CSTN / EGA data access agreement)	no - same material as the EGA deposit	https://viz.stjude.cloud/st-jude-childrens-research-hospital/visualization/epigenetic-landscape-of-xenografts-from-osteosarcoma-and-rare-tumors~69
SJOS2018	Epigenetic landscape of xenografts from osteosarcoma and rare tumors	SJOS001107_X3	SJOS001107_X3		Osteosarcoma	Osteosarcoma	St Jude data administrator (email)	institutional_diagnosis		CSTN portal, exact model	Osteosarcoma		in CSTN	H3K27Ac	regulatory		hg19		files/rhb/SJOS/CHIPSEQ_SJOS/H3K27Ac-SJOS001107_OS58.bw	FORMAL REQUEST (St Jude CSTN / EGA data access agreement)	no - same material as the EGA deposit	https://viz.stjude.cloud/st-jude-childrens-research-hospital/visualization/epigenetic-landscape-of-xenografts-from-osteosarcoma-and-rare-tumors~69
SJOS2018	Epigenetic landscape of xenografts from osteosarcoma and rare tumors	SJNORM056762_OSTEOBLAST	SJNORM056762_OSTEOBLAST		normal/reference		browser label (normal/reference material)						in CSTN	H3K27Ac	regulatory		hg19		files/rhb/SJOS/CHIPSEQ_SJOS/H3K27Ac-SJNORM056762_OSTEOBLAST.bw	FORMAL REQUEST (St Jude CSTN / EGA data access agreement)	no - same material as the EGA deposit	https://viz.stjude.cloud/st-jude-childrens-research-hospital/visualization/epigenetic-landscape-of-xenografts-from-osteosarcoma-and-rare-tumors~69
SJOS2018	Epigenetic landscape of xenografts from osteosarcoma and rare tumors	SJEWS001321_X1	SJEWS001321_X1		Ewing	Ewings sarcoma	St Jude data administrator (email)	institutional_diagnosis		CSTN portal, exact model	Ewing sarcoma		in CSTN	H3K27Ac	regulatory		hg19		files/rhb/SJOS/CHIPSEQ_SJOS/H3K27Ac-SJEWS001321_MAST37.bw	FORMAL REQUEST (St Jude CSTN / EGA data access agreement)	no - same material as the EGA deposit	https://viz.stjude.cloud/st-jude-childrens-research-hospital/visualization/epigenetic-landscape-of-xenografts-from-osteosarcoma-and-rare-tumors~69
SJOS2018	Epigenetic landscape of xenografts from osteosarcoma and rare tumors	SJLPS014753_X1	SJLPS014753_X1		Liposarcoma-NOS	Liposarcoma	St Jude data administrator (email)	institutional_diagnosis		CSTN portal, exact model	Liposarcoma		in CSTN	H3K27Ac	regulatory		hg19		files/rhb/SJOS/CHIPSEQ_SJOS/H3K27Ac-SJLPS014753_MAST128.bw	FORMAL REQUEST (St Jude CSTN / EGA data access agreement)	no - same material as the EGA deposit	https://viz.stjude.cloud/st-jude-childrens-research-hospital/visualization/epigenetic-landscape-of-xenografts-from-osteosarcoma-and-rare-tumors~69
SJOS2018	Epigenetic landscape of xenografts from osteosarcoma and rare tumors	SJHGS015726_X2	SJHGS015726_X2		Sarcoma NOS	High grade sarcoma	St Jude data administrator (email)	institutional_diagnosis		CSTN portal, exact model	High grade sarcoma		in CSTN	H3K27Ac	regulatory		hg19		files/rhb/SJOS/CHIPSEQ_SJOS/H3K27Ac-SJHGS015726_MAST99.bw	FORMAL REQUEST (St Jude CSTN / EGA data access agreement)	no - same material as the EGA deposit	https://viz.stjude.cloud/st-jude-childrens-research-hospital/visualization/epigenetic-landscape-of-xenografts-from-osteosarcoma-and-rare-tumors~69
SJOS2018	Epigenetic landscape of xenografts from osteosarcoma and rare tumors	SJOS016015_X1	SJOS016015_X1		Osteosarcoma	Osteosarcoma	St Jude data administrator (email)	institutional_diagnosis		CSTN portal, exact model	Osteosarcoma		in CSTN	H3K9-14Ac	regulatory		hg19		files/rhb/SJOS/CHIPSEQ_SJOS/H3K9-14Ac-SJOS016015_MAST141.bw	FORMAL REQUEST (St Jude CSTN / EGA data access agreement)	no - same material as the EGA deposit	https://viz.stjude.cloud/st-jude-childrens-research-hospital/visualization/epigenetic-landscape-of-xenografts-from-osteosarcoma-and-rare-tumors~69
SJOS2018	Epigenetic landscape of xenografts from osteosarcoma and rare tumors	SJOS010930_X1	SJOS010930_X1		Osteosarcoma	Osteosarcoma	St Jude data administrator (email)	institutional_diagnosis		CSTN portal, exact model	Osteosarcoma		withdrawn - removed from CSTN and not available	H3K9-14Ac	regulatory		hg19		files/rhb/SJOS/CHIPSEQ_SJOS/H3K9-14Ac-SJOS010930_MAST58.bw	FORMAL REQUEST (St Jude CSTN / EGA data access agreement)	no - same material as the EGA deposit	https://viz.stjude.cloud/st-jude-childrens-research-hospital/visualization/epigenetic-landscape-of-xenografts-from-osteosarcoma-and-rare-tumors~69
SJOS2018	Epigenetic landscape of xenografts from osteosarcoma and rare tumors	SJOS001105_X1	SJOS001105_X1		Osteosarcoma	Osteosarcoma	St Jude data administrator (email)	institutional_diagnosis		CSTN portal, exact model	Osteosarcoma		in CSTN	H3K9-14Ac	regulatory		hg19		files/rhb/SJOS/CHIPSEQ_SJOS/H3K9-14Ac-SJOS001105_OS39R.bw	FORMAL REQUEST (St Jude CSTN / EGA data access agreement)	no - same material as the EGA deposit	https://viz.stjude.cloud/st-jude-childrens-research-hospital/visualization/epigenetic-landscape-of-xenografts-from-osteosarcoma-and-rare-tumors~69
SJOS2018	Epigenetic landscape of xenografts from osteosarcoma and rare tumors	SJOS001108_X1	SJOS001108_X1		Osteosarcoma	Osteosarcoma	St Jude data administrator (email)	institutional_diagnosis		CSTN portal, exact model	Osteosarcoma		in CSTN	H3K9-14Ac	regulatory		hg19		files/rhb/SJOS/CHIPSEQ_SJOS/H3K9-14Ac-SJOS001108_OS48.bw	FORMAL REQUEST (St Jude CSTN / EGA data access agreement)	no - same material as the EGA deposit	https://viz.stjude.cloud/st-jude-childrens-research-hospital/visualization/epigenetic-landscape-of-xenografts-from-osteosarcoma-and-rare-tumors~69
SJOS2018	Epigenetic landscape of xenografts from osteosarcoma and rare tumors	SJOS001107_X3	SJOS001107_X3		Osteosarcoma	Osteosarcoma	St Jude data administrator (email)	institutional_diagnosis		CSTN portal, exact model	Osteosarcoma		in CSTN	H3K9-14Ac	regulatory		hg19		files/rhb/SJOS/CHIPSEQ_SJOS/H3K9-14Ac-SJOS001107_OS58.bw	FORMAL REQUEST (St Jude CSTN / EGA data access agreement)	no - same material as the EGA deposit	https://viz.stjude.cloud/st-jude-childrens-research-hospital/visualization/epigenetic-landscape-of-xenografts-from-osteosarcoma-and-rare-tumors~69
SJOS2018	Epigenetic landscape of xenografts from osteosarcoma and rare tumors	SJNORM056762_OSTEOBLAST	SJNORM056762_OSTEOBLAST		normal/reference		browser label (normal/reference material)						in CSTN	H3K9-14Ac	regulatory		hg19		files/rhb/SJOS/CHIPSEQ_SJOS/H3K9-14Ac-SJNORM056762_OSTEOBLAST.bw	FORMAL REQUEST (St Jude CSTN / EGA data access agreement)	no - same material as the EGA deposit	https://viz.stjude.cloud/st-jude-childrens-research-hospital/visualization/epigenetic-landscape-of-xenografts-from-osteosarcoma-and-rare-tumors~69
SJOS2018	Epigenetic landscape of xenografts from osteosarcoma and rare tumors	SJEWS001321_X1	SJEWS001321_X1		Ewing	Ewings sarcoma	St Jude data administrator (email)	institutional_diagnosis		CSTN portal, exact model	Ewing sarcoma		in CSTN	H3K9-14Ac	regulatory		hg19		files/rhb/SJOS/CHIPSEQ_SJOS/H3K9-14Ac-SJEWS001321_MAST37.bw	FORMAL REQUEST (St Jude CSTN / EGA data access agreement)	no - same material as the EGA deposit	https://viz.stjude.cloud/st-jude-childrens-research-hospital/visualization/epigenetic-landscape-of-xenografts-from-osteosarcoma-and-rare-tumors~69
SJOS2018	Epigenetic landscape of xenografts from osteosarcoma and rare tumors	SJLPS014753_X1	SJLPS014753_X1		Liposarcoma-NOS	Liposarcoma	St Jude data administrator (email)	institutional_diagnosis		CSTN portal, exact model	Liposarcoma		in CSTN	H3K9-14Ac	regulatory		hg19		files/rhb/SJOS/CHIPSEQ_SJOS/H3K9-14Ac-SJLPS014753_MAST128.bw	FORMAL REQUEST (St Jude CSTN / EGA data access agreement)	no - same material as the EGA deposit	https://viz.stjude.cloud/st-jude-childrens-research-hospital/visualization/epigenetic-landscape-of-xenografts-from-osteosarcoma-and-rare-tumors~69
SJOS2018	Epigenetic landscape of xenografts from osteosarcoma and rare tumors	SJHGS015726_X2	SJHGS015726_X2		Sarcoma NOS	High grade sarcoma	St Jude data administrator (email)	institutional_diagnosis		CSTN portal, exact model	High grade sarcoma		in CSTN	H3K9-14Ac	regulatory		hg19		files/rhb/SJOS/CHIPSEQ_SJOS/H3K9-14Ac-SJHGS015726_MAST99.bw	FORMAL REQUEST (St Jude CSTN / EGA data access agreement)	no - same material as the EGA deposit	https://viz.stjude.cloud/st-jude-childrens-research-hospital/visualization/epigenetic-landscape-of-xenografts-from-osteosarcoma-and-rare-tumors~69
SJOS2018	Epigenetic landscape of xenografts from osteosarcoma and rare tumors	SJOS016015_X1	SJOS016015_X1		Osteosarcoma	Osteosarcoma	St Jude data administrator (email)	institutional_diagnosis		CSTN portal, exact model	Osteosarcoma		in CSTN	H3K4me1	regulatory		hg19		files/rhb/SJOS/CHIPSEQ_SJOS/H3K4me1-SJOS016015_MAST141.bw	FORMAL REQUEST (St Jude CSTN / EGA data access agreement)	no - same material as the EGA deposit	https://viz.stjude.cloud/st-jude-childrens-research-hospital/visualization/epigenetic-landscape-of-xenografts-from-osteosarcoma-and-rare-tumors~69
SJOS2018	Epigenetic landscape of xenografts from osteosarcoma and rare tumors	SJOS010930_X1	SJOS010930_X1		Osteosarcoma	Osteosarcoma	St Jude data administrator (email)	institutional_diagnosis		CSTN portal, exact model	Osteosarcoma		withdrawn - removed from CSTN and not available	H3K4me1	regulatory		hg19		files/rhb/SJOS/CHIPSEQ_SJOS/H3K4me1-SJOS010930_MAST58.bw	FORMAL REQUEST (St Jude CSTN / EGA data access agreement)	no - same material as the EGA deposit	https://viz.stjude.cloud/st-jude-childrens-research-hospital/visualization/epigenetic-landscape-of-xenografts-from-osteosarcoma-and-rare-tumors~69
SJOS2018	Epigenetic landscape of xenografts from osteosarcoma and rare tumors	SJOS001105_X1	SJOS001105_X1		Osteosarcoma	Osteosarcoma	St Jude data administrator (email)	institutional_diagnosis		CSTN portal, exact model	Osteosarcoma		in CSTN	H3K4me1	regulatory		hg19		files/rhb/SJOS/CHIPSEQ_SJOS/H3K4me1-SJOS001105_OS39R.bw	FORMAL REQUEST (St Jude CSTN / EGA data access agreement)	no - same material as the EGA deposit	https://viz.stjude.cloud/st-jude-childrens-research-hospital/visualization/epigenetic-landscape-of-xenografts-from-osteosarcoma-and-rare-tumors~69
SJOS2018	Epigenetic landscape of xenografts from osteosarcoma and rare tumors	SJOS001108_X1	SJOS001108_X1		Osteosarcoma	Osteosarcoma	St Jude data administrator (email)	institutional_diagnosis		CSTN portal, exact model	Osteosarcoma		in CSTN	H3K4me1	regulatory		hg19		files/rhb/SJOS/CHIPSEQ_SJOS/H3K4me1-SJOS001108_OS48.bw	FORMAL REQUEST (St Jude CSTN / EGA data access agreement)	no - same material as the EGA deposit	https://viz.stjude.cloud/st-jude-childrens-research-hospital/visualization/epigenetic-landscape-of-xenografts-from-osteosarcoma-and-rare-tumors~69
SJOS2018	Epigenetic landscape of xenografts from osteosarcoma and rare tumors	SJOS001107_X3	SJOS001107_X3		Osteosarcoma	Osteosarcoma	St Jude data administrator (email)	institutional_diagnosis		CSTN portal, exact model	Osteosarcoma		in CSTN	H3K4me1	regulatory		hg19		files/rhb/SJOS/CHIPSEQ_SJOS/H3K4me1-SJOS001107_OS58.bw	FORMAL REQUEST (St Jude CSTN / EGA data access agreement)	no - same material as the EGA deposit	https://viz.stjude.cloud/st-jude-childrens-research-hospital/visualization/epigenetic-landscape-of-xenografts-from-osteosarcoma-and-rare-tumors~69
SJOS2018	Epigenetic landscape of xenografts from osteosarcoma and rare tumors	SJNORM056762_OSTEOBLAST	SJNORM056762_OSTEOBLAST		normal/reference		browser label (normal/reference material)						in CSTN	H3K4me1	regulatory		hg19		files/rhb/SJOS/CHIPSEQ_SJOS/H3K4me1-SJNORM056762_OSTEOBLAST.bw	FORMAL REQUEST (St Jude CSTN / EGA data access agreement)	no - same material as the EGA deposit	https://viz.stjude.cloud/st-jude-childrens-research-hospital/visualization/epigenetic-landscape-of-xenografts-from-osteosarcoma-and-rare-tumors~69
SJOS2018	Epigenetic landscape of xenografts from osteosarcoma and rare tumors	SJEWS001321_X1	SJEWS001321_X1		Ewing	Ewings sarcoma	St Jude data administrator (email)	institutional_diagnosis		CSTN portal, exact model	Ewing sarcoma		in CSTN	H3K4me1	regulatory		hg19		files/rhb/SJOS/CHIPSEQ_SJOS/H3K4me1-SJEWS001321_MAST37.bw	FORMAL REQUEST (St Jude CSTN / EGA data access agreement)	no - same material as the EGA deposit	https://viz.stjude.cloud/st-jude-childrens-research-hospital/visualization/epigenetic-landscape-of-xenografts-from-osteosarcoma-and-rare-tumors~69
SJOS2018	Epigenetic landscape of xenografts from osteosarcoma and rare tumors	SJLPS014753_X1	SJLPS014753_X1		Liposarcoma-NOS	Liposarcoma	St Jude data administrator (email)	institutional_diagnosis		CSTN portal, exact model	Liposarcoma		in CSTN	H3K4me1	regulatory		hg19		files/rhb/SJOS/CHIPSEQ_SJOS/H3K4me1-SJLPS014753_MAST128.bw	FORMAL REQUEST (St Jude CSTN / EGA data access agreement)	no - same material as the EGA deposit	https://viz.stjude.cloud/st-jude-childrens-research-hospital/visualization/epigenetic-landscape-of-xenografts-from-osteosarcoma-and-rare-tumors~69
SJOS2018	Epigenetic landscape of xenografts from osteosarcoma and rare tumors	SJHGS015726_X2	SJHGS015726_X2		Sarcoma NOS	High grade sarcoma	St Jude data administrator (email)	institutional_diagnosis		CSTN portal, exact model	High grade sarcoma		in CSTN	H3K4me1	regulatory		hg19		files/rhb/SJOS/CHIPSEQ_SJOS/H3K4me1-SJHGS015726_MAST99.bw	FORMAL REQUEST (St Jude CSTN / EGA data access agreement)	no - same material as the EGA deposit	https://viz.stjude.cloud/st-jude-childrens-research-hospital/visualization/epigenetic-landscape-of-xenografts-from-osteosarcoma-and-rare-tumors~69
SJOS2018	Epigenetic landscape of xenografts from osteosarcoma and rare tumors	SJOS016015_X1	SJOS016015_X1		Osteosarcoma	Osteosarcoma	St Jude data administrator (email)	institutional_diagnosis		CSTN portal, exact model	Osteosarcoma		in CSTN	H3K4me2	regulatory		hg19		files/rhb/SJOS/CHIPSEQ_SJOS/H3K4me2-SJOS016015_MAST141.bw	FORMAL REQUEST (St Jude CSTN / EGA data access agreement)	no - same material as the EGA deposit	https://viz.stjude.cloud/st-jude-childrens-research-hospital/visualization/epigenetic-landscape-of-xenografts-from-osteosarcoma-and-rare-tumors~69
SJOS2018	Epigenetic landscape of xenografts from osteosarcoma and rare tumors	SJOS010930_X1	SJOS010930_X1		Osteosarcoma	Osteosarcoma	St Jude data administrator (email)	institutional_diagnosis		CSTN portal, exact model	Osteosarcoma		withdrawn - removed from CSTN and not available	H3K4me2	regulatory		hg19		files/rhb/SJOS/CHIPSEQ_SJOS/H3K4me2-SJOS010930_MAST58.bw	FORMAL REQUEST (St Jude CSTN / EGA data access agreement)	no - same material as the EGA deposit	https://viz.stjude.cloud/st-jude-childrens-research-hospital/visualization/epigenetic-landscape-of-xenografts-from-osteosarcoma-and-rare-tumors~69
SJOS2018	Epigenetic landscape of xenografts from osteosarcoma and rare tumors	SJOS001105_X1	SJOS001105_X1		Osteosarcoma	Osteosarcoma	St Jude data administrator (email)	institutional_diagnosis		CSTN portal, exact model	Osteosarcoma		in CSTN	H3K4me2	regulatory		hg19		files/rhb/SJOS/CHIPSEQ_SJOS/H3K4me2-SJOS001105_OS39R.bw	FORMAL REQUEST (St Jude CSTN / EGA data access agreement)	no - same material as the EGA deposit	https://viz.stjude.cloud/st-jude-childrens-research-hospital/visualization/epigenetic-landscape-of-xenografts-from-osteosarcoma-and-rare-tumors~69
SJOS2018	Epigenetic landscape of xenografts from osteosarcoma and rare tumors	SJOS001108_X1	SJOS001108_X1		Osteosarcoma	Osteosarcoma	St Jude data administrator (email)	institutional_diagnosis		CSTN portal, exact model	Osteosarcoma		in CSTN	H3K4me2	regulatory		hg19		files/rhb/SJOS/CHIPSEQ_SJOS/H3K4me2-SJOS001108_OS48.bw	FORMAL REQUEST (St Jude CSTN / EGA data access agreement)	no - same material as the EGA deposit	https://viz.stjude.cloud/st-jude-childrens-research-hospital/visualization/epigenetic-landscape-of-xenografts-from-osteosarcoma-and-rare-tumors~69
SJOS2018	Epigenetic landscape of xenografts from osteosarcoma and rare tumors	SJOS001107_X3	SJOS001107_X3		Osteosarcoma	Osteosarcoma	St Jude data administrator (email)	institutional_diagnosis		CSTN portal, exact model	Osteosarcoma		in CSTN	H3K4me2	regulatory		hg19		files/rhb/SJOS/CHIPSEQ_SJOS/H3K4me2-SJOS001107_OS58.bw	FORMAL REQUEST (St Jude CSTN / EGA data access agreement)	no - same material as the EGA deposit	https://viz.stjude.cloud/st-jude-childrens-research-hospital/visualization/epigenetic-landscape-of-xenografts-from-osteosarcoma-and-rare-tumors~69
SJOS2018	Epigenetic landscape of xenografts from osteosarcoma and rare tumors	SJNORM056762_OSTEOBLAST	SJNORM056762_OSTEOBLAST		normal/reference		browser label (normal/reference material)						in CSTN	H3K4me2	regulatory		hg19		files/rhb/SJOS/CHIPSEQ_SJOS/H3K4me2-SJNORM056762_OSTEOBLAST.bw	FORMAL REQUEST (St Jude CSTN / EGA data access agreement)	no - same material as the EGA deposit	https://viz.stjude.cloud/st-jude-childrens-research-hospital/visualization/epigenetic-landscape-of-xenografts-from-osteosarcoma-and-rare-tumors~69
SJOS2018	Epigenetic landscape of xenografts from osteosarcoma and rare tumors	SJEWS001321_X1	SJEWS001321_X1		Ewing	Ewings sarcoma	St Jude data administrator (email)	institutional_diagnosis		CSTN portal, exact model	Ewing sarcoma		in CSTN	H3K4me2	regulatory		hg19		files/rhb/SJOS/CHIPSEQ_SJOS/H3K4me2-SJEWS001321_MAST37.bw	FORMAL REQUEST (St Jude CSTN / EGA data access agreement)	no - same material as the EGA deposit	https://viz.stjude.cloud/st-jude-childrens-research-hospital/visualization/epigenetic-landscape-of-xenografts-from-osteosarcoma-and-rare-tumors~69
SJOS2018	Epigenetic landscape of xenografts from osteosarcoma and rare tumors	SJLPS014753_X1	SJLPS014753_X1		Liposarcoma-NOS	Liposarcoma	St Jude data administrator (email)	institutional_diagnosis		CSTN portal, exact model	Liposarcoma		in CSTN	H3K4me2	regulatory		hg19		files/rhb/SJOS/CHIPSEQ_SJOS/H3K4me2-SJLPS014753_MAST128.bw	FORMAL REQUEST (St Jude CSTN / EGA data access agreement)	no - same material as the EGA deposit	https://viz.stjude.cloud/st-jude-childrens-research-hospital/visualization/epigenetic-landscape-of-xenografts-from-osteosarcoma-and-rare-tumors~69
SJOS2018	Epigenetic landscape of xenografts from osteosarcoma and rare tumors	SJHGS015726_X2	SJHGS015726_X2		Sarcoma NOS	High grade sarcoma	St Jude data administrator (email)	institutional_diagnosis		CSTN portal, exact model	High grade sarcoma		in CSTN	H3K4me2	regulatory		hg19		files/rhb/SJOS/CHIPSEQ_SJOS/H3K4me2-SJHGS015726_MAST99.bw	FORMAL REQUEST (St Jude CSTN / EGA data access agreement)	no - same material as the EGA deposit	https://viz.stjude.cloud/st-jude-childrens-research-hospital/visualization/epigenetic-landscape-of-xenografts-from-osteosarcoma-and-rare-tumors~69
SJOS2018	Epigenetic landscape of xenografts from osteosarcoma and rare tumors	SJOS016015_X1	SJOS016015_X1		Osteosarcoma	Osteosarcoma	St Jude data administrator (email)	institutional_diagnosis		CSTN portal, exact model	Osteosarcoma		in CSTN	H3K4me3	regulatory		hg19		files/rhb/SJOS/CHIPSEQ_SJOS/H3K4me3-SJOS016015_MAST141.bw	FORMAL REQUEST (St Jude CSTN / EGA data access agreement)	no - same material as the EGA deposit	https://viz.stjude.cloud/st-jude-childrens-research-hospital/visualization/epigenetic-landscape-of-xenografts-from-osteosarcoma-and-rare-tumors~69
SJOS2018	Epigenetic landscape of xenografts from osteosarcoma and rare tumors	SJOS010930_X1	SJOS010930_X1		Osteosarcoma	Osteosarcoma	St Jude data administrator (email)	institutional_diagnosis		CSTN portal, exact model	Osteosarcoma		withdrawn - removed from CSTN and not available	H3K4me3	regulatory		hg19		files/rhb/SJOS/CHIPSEQ_SJOS/H3K4me3-SJOS010930_MAST58.bw	FORMAL REQUEST (St Jude CSTN / EGA data access agreement)	no - same material as the EGA deposit	https://viz.stjude.cloud/st-jude-childrens-research-hospital/visualization/epigenetic-landscape-of-xenografts-from-osteosarcoma-and-rare-tumors~69
SJOS2018	Epigenetic landscape of xenografts from osteosarcoma and rare tumors	SJOS001105_X1	SJOS001105_X1		Osteosarcoma	Osteosarcoma	St Jude data administrator (email)	institutional_diagnosis		CSTN portal, exact model	Osteosarcoma		in CSTN	H3K4me3	regulatory		hg19		files/rhb/SJOS/CHIPSEQ_SJOS/H3K4me3-SJOS001105_OS39R.bw	FORMAL REQUEST (St Jude CSTN / EGA data access agreement)	no - same material as the EGA deposit	https://viz.stjude.cloud/st-jude-childrens-research-hospital/visualization/epigenetic-landscape-of-xenografts-from-osteosarcoma-and-rare-tumors~69
SJOS2018	Epigenetic landscape of xenografts from osteosarcoma and rare tumors	SJOS001108_X1	SJOS001108_X1		Osteosarcoma	Osteosarcoma	St Jude data administrator (email)	institutional_diagnosis		CSTN portal, exact model	Osteosarcoma		in CSTN	H3K4me3	regulatory		hg19		files/rhb/SJOS/CHIPSEQ_SJOS/H3K4me3-SJOS001108_OS48.bw	FORMAL REQUEST (St Jude CSTN / EGA data access agreement)	no - same material as the EGA deposit	https://viz.stjude.cloud/st-jude-childrens-research-hospital/visualization/epigenetic-landscape-of-xenografts-from-osteosarcoma-and-rare-tumors~69
SJOS2018	Epigenetic landscape of xenografts from osteosarcoma and rare tumors	SJOS001107_X3	SJOS001107_X3		Osteosarcoma	Osteosarcoma	St Jude data administrator (email)	institutional_diagnosis		CSTN portal, exact model	Osteosarcoma		in CSTN	H3K4me3	regulatory		hg19		files/rhb/SJOS/CHIPSEQ_SJOS/H3K4me3-SJOS001107_OS58.bw	FORMAL REQUEST (St Jude CSTN / EGA data access agreement)	no - same material as the EGA deposit	https://viz.stjude.cloud/st-jude-childrens-research-hospital/visualization/epigenetic-landscape-of-xenografts-from-osteosarcoma-and-rare-tumors~69
SJOS2018	Epigenetic landscape of xenografts from osteosarcoma and rare tumors	SJNORM056762_OSTEOBLAST	SJNORM056762_OSTEOBLAST		normal/reference		browser label (normal/reference material)						in CSTN	H3K4me3	regulatory		hg19		files/rhb/SJOS/CHIPSEQ_SJOS/H3K4me3-SJNORM056762_OSTEOBLAST.bw	FORMAL REQUEST (St Jude CSTN / EGA data access agreement)	no - same material as the EGA deposit	https://viz.stjude.cloud/st-jude-childrens-research-hospital/visualization/epigenetic-landscape-of-xenografts-from-osteosarcoma-and-rare-tumors~69
SJOS2018	Epigenetic landscape of xenografts from osteosarcoma and rare tumors	SJEWS001321_X1	SJEWS001321_X1		Ewing	Ewings sarcoma	St Jude data administrator (email)	institutional_diagnosis		CSTN portal, exact model	Ewing sarcoma		in CSTN	H3K4me3	regulatory		hg19		files/rhb/SJOS/CHIPSEQ_SJOS/H3K4me3-SJEWS001321_MAST37.bw	FORMAL REQUEST (St Jude CSTN / EGA data access agreement)	no - same material as the EGA deposit	https://viz.stjude.cloud/st-jude-childrens-research-hospital/visualization/epigenetic-landscape-of-xenografts-from-osteosarcoma-and-rare-tumors~69
SJOS2018	Epigenetic landscape of xenografts from osteosarcoma and rare tumors	SJLPS014753_X1	SJLPS014753_X1		Liposarcoma-NOS	Liposarcoma	St Jude data administrator (email)	institutional_diagnosis		CSTN portal, exact model	Liposarcoma		in CSTN	H3K4me3	regulatory		hg19		files/rhb/SJOS/CHIPSEQ_SJOS/H3K4me3-SJLPS014753_MAST128.bw	FORMAL REQUEST (St Jude CSTN / EGA data access agreement)	no - same material as the EGA deposit	https://viz.stjude.cloud/st-jude-childrens-research-hospital/visualization/epigenetic-landscape-of-xenografts-from-osteosarcoma-and-rare-tumors~69
SJOS2018	Epigenetic landscape of xenografts from osteosarcoma and rare tumors	SJHGS015726_X2	SJHGS015726_X2		Sarcoma NOS	High grade sarcoma	St Jude data administrator (email)	institutional_diagnosis		CSTN portal, exact model	High grade sarcoma		in CSTN	H3K4me3	regulatory		hg19		files/rhb/SJOS/CHIPSEQ_SJOS/H3K4me3-SJHGS015726_MAST99.bw	FORMAL REQUEST (St Jude CSTN / EGA data access agreement)	no - same material as the EGA deposit	https://viz.stjude.cloud/st-jude-childrens-research-hospital/visualization/epigenetic-landscape-of-xenografts-from-osteosarcoma-and-rare-tumors~69
SJOS2018	Epigenetic landscape of xenografts from osteosarcoma and rare tumors	SJOS016015_X1	SJOS016015_X1		Osteosarcoma	Osteosarcoma	St Jude data administrator (email)	institutional_diagnosis		CSTN portal, exact model	Osteosarcoma		in CSTN	RNAPolII	regulatory		hg19		files/rhb/SJOS/CHIPSEQ_SJOS/RNAPolII-SJOS016015_MAST141.bw	FORMAL REQUEST (St Jude CSTN / EGA data access agreement)	no - same material as the EGA deposit	https://viz.stjude.cloud/st-jude-childrens-research-hospital/visualization/epigenetic-landscape-of-xenografts-from-osteosarcoma-and-rare-tumors~69
SJOS2018	Epigenetic landscape of xenografts from osteosarcoma and rare tumors	SJOS010930_X1	SJOS010930_X1		Osteosarcoma	Osteosarcoma	St Jude data administrator (email)	institutional_diagnosis		CSTN portal, exact model	Osteosarcoma		withdrawn - removed from CSTN and not available	RNAPolII	regulatory		hg19		files/rhb/SJOS/CHIPSEQ_SJOS/RNAPolII-SJOS010930_MAST58.bw	FORMAL REQUEST (St Jude CSTN / EGA data access agreement)	no - same material as the EGA deposit	https://viz.stjude.cloud/st-jude-childrens-research-hospital/visualization/epigenetic-landscape-of-xenografts-from-osteosarcoma-and-rare-tumors~69
SJOS2018	Epigenetic landscape of xenografts from osteosarcoma and rare tumors	SJOS001105_X1	SJOS001105_X1		Osteosarcoma	Osteosarcoma	St Jude data administrator (email)	institutional_diagnosis		CSTN portal, exact model	Osteosarcoma		in CSTN	RNAPolII	regulatory		hg19		files/rhb/SJOS/CHIPSEQ_SJOS/RNAPolII-SJOS001105_OS39R.bw	FORMAL REQUEST (St Jude CSTN / EGA data access agreement)	no - same material as the EGA deposit	https://viz.stjude.cloud/st-jude-childrens-research-hospital/visualization/epigenetic-landscape-of-xenografts-from-osteosarcoma-and-rare-tumors~69
SJOS2018	Epigenetic landscape of xenografts from osteosarcoma and rare tumors	SJOS001108_X1	SJOS001108_X1		Osteosarcoma	Osteosarcoma	St Jude data administrator (email)	institutional_diagnosis		CSTN portal, exact model	Osteosarcoma		in CSTN	RNAPolII	regulatory		hg19		files/rhb/SJOS/CHIPSEQ_SJOS/RNAPolII-SJOS001108_OS48.bw	FORMAL REQUEST (St Jude CSTN / EGA data access agreement)	no - same material as the EGA deposit	https://viz.stjude.cloud/st-jude-childrens-research-hospital/visualization/epigenetic-landscape-of-xenografts-from-osteosarcoma-and-rare-tumors~69
SJOS2018	Epigenetic landscape of xenografts from osteosarcoma and rare tumors	SJOS001107_X3	SJOS001107_X3		Osteosarcoma	Osteosarcoma	St Jude data administrator (email)	institutional_diagnosis		CSTN portal, exact model	Osteosarcoma		in CSTN	RNAPolII	regulatory		hg19		files/rhb/SJOS/CHIPSEQ_SJOS/RNAPolII-SJOS001107_OS58.bw	FORMAL REQUEST (St Jude CSTN / EGA data access agreement)	no - same material as the EGA deposit	https://viz.stjude.cloud/st-jude-childrens-research-hospital/visualization/epigenetic-landscape-of-xenografts-from-osteosarcoma-and-rare-tumors~69
SJOS2018	Epigenetic landscape of xenografts from osteosarcoma and rare tumors	SJNORM056762_OSTEOBLAST	SJNORM056762_OSTEOBLAST		normal/reference		browser label (normal/reference material)						in CSTN	RNAPolII	regulatory		hg19		files/rhb/SJOS/CHIPSEQ_SJOS/RNAPolII-SJNORM056762_OSTEOBLAST.bw	FORMAL REQUEST (St Jude CSTN / EGA data access agreement)	no - same material as the EGA deposit	https://viz.stjude.cloud/st-jude-childrens-research-hospital/visualization/epigenetic-landscape-of-xenografts-from-osteosarcoma-and-rare-tumors~69
SJOS2018	Epigenetic landscape of xenografts from osteosarcoma and rare tumors	SJEWS001321_X1	SJEWS001321_X1		Ewing	Ewings sarcoma	St Jude data administrator (email)	institutional_diagnosis		CSTN portal, exact model	Ewing sarcoma		in CSTN	RNAPolII	regulatory		hg19		files/rhb/SJOS/CHIPSEQ_SJOS/RNAPolII-SJEWS001321_MAST37.bw	FORMAL REQUEST (St Jude CSTN / EGA data access agreement)	no - same material as the EGA deposit	https://viz.stjude.cloud/st-jude-childrens-research-hospital/visualization/epigenetic-landscape-of-xenografts-from-osteosarcoma-and-rare-tumors~69
SJOS2018	Epigenetic landscape of xenografts from osteosarcoma and rare tumors	SJLPS014753_X1	SJLPS014753_X1		Liposarcoma-NOS	Liposarcoma	St Jude data administrator (email)	institutional_diagnosis		CSTN portal, exact model	Liposarcoma		in CSTN	RNAPolII	regulatory		hg19		files/rhb/SJOS/CHIPSEQ_SJOS/RNAPolII-SJLPS014753_MAST128.bw	FORMAL REQUEST (St Jude CSTN / EGA data access agreement)	no - same material as the EGA deposit	https://viz.stjude.cloud/st-jude-childrens-research-hospital/visualization/epigenetic-landscape-of-xenografts-from-osteosarcoma-and-rare-tumors~69
SJOS2018	Epigenetic landscape of xenografts from osteosarcoma and rare tumors	SJHGS015726_X2	SJHGS015726_X2		Sarcoma NOS	High grade sarcoma	St Jude data administrator (email)	institutional_diagnosis		CSTN portal, exact model	High grade sarcoma		in CSTN	RNAPolII	regulatory		hg19		files/rhb/SJOS/CHIPSEQ_SJOS/RNAPolII-SJHGS015726_MAST99.bw	FORMAL REQUEST (St Jude CSTN / EGA data access agreement)	no - same material as the EGA deposit	https://viz.stjude.cloud/st-jude-childrens-research-hospital/visualization/epigenetic-landscape-of-xenografts-from-osteosarcoma-and-rare-tumors~69
SJOS2018	Epigenetic landscape of xenografts from osteosarcoma and rare tumors	SJOS016015_X1	SJOS016015_X1		Osteosarcoma	Osteosarcoma	St Jude data administrator (email)	institutional_diagnosis		CSTN portal, exact model	Osteosarcoma		in CSTN	H3K36me3	regulatory		hg19		files/rhb/SJOS/CHIPSEQ_SJOS/H3K36me3-SJOS016015_MAST141.bw	FORMAL REQUEST (St Jude CSTN / EGA data access agreement)	no - same material as the EGA deposit	https://viz.stjude.cloud/st-jude-childrens-research-hospital/visualization/epigenetic-landscape-of-xenografts-from-osteosarcoma-and-rare-tumors~69
SJOS2018	Epigenetic landscape of xenografts from osteosarcoma and rare tumors	SJOS010930_X1	SJOS010930_X1		Osteosarcoma	Osteosarcoma	St Jude data administrator (email)	institutional_diagnosis		CSTN portal, exact model	Osteosarcoma		withdrawn - removed from CSTN and not available	H3K36me3	regulatory		hg19		files/rhb/SJOS/CHIPSEQ_SJOS/H3K36me3-SJOS010930_MAST58.bw	FORMAL REQUEST (St Jude CSTN / EGA data access agreement)	no - same material as the EGA deposit	https://viz.stjude.cloud/st-jude-childrens-research-hospital/visualization/epigenetic-landscape-of-xenografts-from-osteosarcoma-and-rare-tumors~69
SJOS2018	Epigenetic landscape of xenografts from osteosarcoma and rare tumors	SJOS001105_X1	SJOS001105_X1		Osteosarcoma	Osteosarcoma	St Jude data administrator (email)	institutional_diagnosis		CSTN portal, exact model	Osteosarcoma		in CSTN	H3K36me3	regulatory		hg19		files/rhb/SJOS/CHIPSEQ_SJOS/H3K36me3-SJOS001105_OS39R.bw	FORMAL REQUEST (St Jude CSTN / EGA data access agreement)	no - same material as the EGA deposit	https://viz.stjude.cloud/st-jude-childrens-research-hospital/visualization/epigenetic-landscape-of-xenografts-from-osteosarcoma-and-rare-tumors~69
SJOS2018	Epigenetic landscape of xenografts from osteosarcoma and rare tumors	SJOS001108_X1	SJOS001108_X1		Osteosarcoma	Osteosarcoma	St Jude data administrator (email)	institutional_diagnosis		CSTN portal, exact model	Osteosarcoma		in CSTN	H3K36me3	regulatory		hg19		files/rhb/SJOS/CHIPSEQ_SJOS/H3K36me3-SJOS001108_OS48.bw	FORMAL REQUEST (St Jude CSTN / EGA data access agreement)	no - same material as the EGA deposit	https://viz.stjude.cloud/st-jude-childrens-research-hospital/visualization/epigenetic-landscape-of-xenografts-from-osteosarcoma-and-rare-tumors~69
SJOS2018	Epigenetic landscape of xenografts from osteosarcoma and rare tumors	SJOS001107_X3	SJOS001107_X3		Osteosarcoma	Osteosarcoma	St Jude data administrator (email)	institutional_diagnosis		CSTN portal, exact model	Osteosarcoma		in CSTN	H3K36me3	regulatory		hg19		files/rhb/SJOS/CHIPSEQ_SJOS/H3K36me3-SJOS001107_OS58.bw	FORMAL REQUEST (St Jude CSTN / EGA data access agreement)	no - same material as the EGA deposit	https://viz.stjude.cloud/st-jude-childrens-research-hospital/visualization/epigenetic-landscape-of-xenografts-from-osteosarcoma-and-rare-tumors~69
SJOS2018	Epigenetic landscape of xenografts from osteosarcoma and rare tumors	SJNORM056762_OSTEOBLAST	SJNORM056762_OSTEOBLAST		normal/reference		browser label (normal/reference material)						in CSTN	H3K36me3	regulatory		hg19		files/rhb/SJOS/CHIPSEQ_SJOS/H3K36me3-SJNORM056762_OSTEOBLAST.bw	FORMAL REQUEST (St Jude CSTN / EGA data access agreement)	no - same material as the EGA deposit	https://viz.stjude.cloud/st-jude-childrens-research-hospital/visualization/epigenetic-landscape-of-xenografts-from-osteosarcoma-and-rare-tumors~69
SJOS2018	Epigenetic landscape of xenografts from osteosarcoma and rare tumors	SJEWS001321_X1	SJEWS001321_X1		Ewing	Ewings sarcoma	St Jude data administrator (email)	institutional_diagnosis		CSTN portal, exact model	Ewing sarcoma		in CSTN	H3K36me3	regulatory		hg19		files/rhb/SJOS/CHIPSEQ_SJOS/H3K36me3-SJEWS001321_MAST37.bw	FORMAL REQUEST (St Jude CSTN / EGA data access agreement)	no - same material as the EGA deposit	https://viz.stjude.cloud/st-jude-childrens-research-hospital/visualization/epigenetic-landscape-of-xenografts-from-osteosarcoma-and-rare-tumors~69
SJOS2018	Epigenetic landscape of xenografts from osteosarcoma and rare tumors	SJLPS014753_X1	SJLPS014753_X1		Liposarcoma-NOS	Liposarcoma	St Jude data administrator (email)	institutional_diagnosis		CSTN portal, exact model	Liposarcoma		in CSTN	H3K36me3	regulatory		hg19		files/rhb/SJOS/CHIPSEQ_SJOS/H3K36me3-SJLPS014753_MAST128.bw	FORMAL REQUEST (St Jude CSTN / EGA data access agreement)	no - same material as the EGA deposit	https://viz.stjude.cloud/st-jude-childrens-research-hospital/visualization/epigenetic-landscape-of-xenografts-from-osteosarcoma-and-rare-tumors~69
SJOS2018	Epigenetic landscape of xenografts from osteosarcoma and rare tumors	SJHGS015726_X2	SJHGS015726_X2		Sarcoma NOS	High grade sarcoma	St Jude data administrator (email)	institutional_diagnosis		CSTN portal, exact model	High grade sarcoma		in CSTN	H3K36me3	regulatory		hg19		files/rhb/SJOS/CHIPSEQ_SJOS/H3K36me3-SJHGS015726_MAST99.bw	FORMAL REQUEST (St Jude CSTN / EGA data access agreement)	no - same material as the EGA deposit	https://viz.stjude.cloud/st-jude-childrens-research-hospital/visualization/epigenetic-landscape-of-xenografts-from-osteosarcoma-and-rare-tumors~69
SJOS2018	Epigenetic landscape of xenografts from osteosarcoma and rare tumors	SJOS016015_X1	SJOS016015_X1		Osteosarcoma	Osteosarcoma	St Jude data administrator (email)	institutional_diagnosis		CSTN portal, exact model	Osteosarcoma		in CSTN	H3K9me3	regulatory		hg19		files/rhb/SJOS/CHIPSEQ_SJOS/H3K9me3-SJOS016015_MAST141.bw	FORMAL REQUEST (St Jude CSTN / EGA data access agreement)	no - same material as the EGA deposit	https://viz.stjude.cloud/st-jude-childrens-research-hospital/visualization/epigenetic-landscape-of-xenografts-from-osteosarcoma-and-rare-tumors~69
SJOS2018	Epigenetic landscape of xenografts from osteosarcoma and rare tumors	SJOS010930_X1	SJOS010930_X1		Osteosarcoma	Osteosarcoma	St Jude data administrator (email)	institutional_diagnosis		CSTN portal, exact model	Osteosarcoma		withdrawn - removed from CSTN and not available	H3K9me3	regulatory		hg19		files/rhb/SJOS/CHIPSEQ_SJOS/H3K9me3-SJOS010930_MAST58.bw	FORMAL REQUEST (St Jude CSTN / EGA data access agreement)	no - same material as the EGA deposit	https://viz.stjude.cloud/st-jude-childrens-research-hospital/visualization/epigenetic-landscape-of-xenografts-from-osteosarcoma-and-rare-tumors~69
SJOS2018	Epigenetic landscape of xenografts from osteosarcoma and rare tumors	SJOS001105_X1	SJOS001105_X1		Osteosarcoma	Osteosarcoma	St Jude data administrator (email)	institutional_diagnosis		CSTN portal, exact model	Osteosarcoma		in CSTN	H3K9me3	regulatory		hg19		files/rhb/SJOS/CHIPSEQ_SJOS/H3K9me3-SJOS001105_OS39R.bw	FORMAL REQUEST (St Jude CSTN / EGA data access agreement)	no - same material as the EGA deposit	https://viz.stjude.cloud/st-jude-childrens-research-hospital/visualization/epigenetic-landscape-of-xenografts-from-osteosarcoma-and-rare-tumors~69
SJOS2018	Epigenetic landscape of xenografts from osteosarcoma and rare tumors	SJOS001108_X1	SJOS001108_X1		Osteosarcoma	Osteosarcoma	St Jude data administrator (email)	institutional_diagnosis		CSTN portal, exact model	Osteosarcoma		in CSTN	H3K9me3	regulatory		hg19		files/rhb/SJOS/CHIPSEQ_SJOS/H3K9me3-SJOS001108_OS48.bw	FORMAL REQUEST (St Jude CSTN / EGA data access agreement)	no - same material as the EGA deposit	https://viz.stjude.cloud/st-jude-childrens-research-hospital/visualization/epigenetic-landscape-of-xenografts-from-osteosarcoma-and-rare-tumors~69
SJOS2018	Epigenetic landscape of xenografts from osteosarcoma and rare tumors	SJOS001107_X3	SJOS001107_X3		Osteosarcoma	Osteosarcoma	St Jude data administrator (email)	institutional_diagnosis		CSTN portal, exact model	Osteosarcoma		in CSTN	H3K9me3	regulatory		hg19		files/rhb/SJOS/CHIPSEQ_SJOS/H3K9me3-SJOS001107_OS58.bw	FORMAL REQUEST (St Jude CSTN / EGA data access agreement)	no - same material as the EGA deposit	https://viz.stjude.cloud/st-jude-childrens-research-hospital/visualization/epigenetic-landscape-of-xenografts-from-osteosarcoma-and-rare-tumors~69
SJOS2018	Epigenetic landscape of xenografts from osteosarcoma and rare tumors	SJNORM056762_OSTEOBLAST	SJNORM056762_OSTEOBLAST		normal/reference		browser label (normal/reference material)						in CSTN	H3K9me3	regulatory		hg19		files/rhb/SJOS/CHIPSEQ_SJOS/H3K9me3-SJNORM056762_OSTEOBLAST.bw	FORMAL REQUEST (St Jude CSTN / EGA data access agreement)	no - same material as the EGA deposit	https://viz.stjude.cloud/st-jude-childrens-research-hospital/visualization/epigenetic-landscape-of-xenografts-from-osteosarcoma-and-rare-tumors~69
SJOS2018	Epigenetic landscape of xenografts from osteosarcoma and rare tumors	SJEWS001321_X1	SJEWS001321_X1		Ewing	Ewings sarcoma	St Jude data administrator (email)	institutional_diagnosis		CSTN portal, exact model	Ewing sarcoma		in CSTN	H3K9me3	regulatory		hg19		files/rhb/SJOS/CHIPSEQ_SJOS/H3K9me3-SJEWS001321_MAST37.bw	FORMAL REQUEST (St Jude CSTN / EGA data access agreement)	no - same material as the EGA deposit	https://viz.stjude.cloud/st-jude-childrens-research-hospital/visualization/epigenetic-landscape-of-xenografts-from-osteosarcoma-and-rare-tumors~69
SJOS2018	Epigenetic landscape of xenografts from osteosarcoma and rare tumors	SJLPS014753_X1	SJLPS014753_X1		Liposarcoma-NOS	Liposarcoma	St Jude data administrator (email)	institutional_diagnosis		CSTN portal, exact model	Liposarcoma		in CSTN	H3K9me3	regulatory		hg19		files/rhb/SJOS/CHIPSEQ_SJOS/H3K9me3-SJLPS014753_MAST128.bw	FORMAL REQUEST (St Jude CSTN / EGA data access agreement)	no - same material as the EGA deposit	https://viz.stjude.cloud/st-jude-childrens-research-hospital/visualization/epigenetic-landscape-of-xenografts-from-osteosarcoma-and-rare-tumors~69
SJOS2018	Epigenetic landscape of xenografts from osteosarcoma and rare tumors	SJHGS015726_X2	SJHGS015726_X2		Sarcoma NOS	High grade sarcoma	St Jude data administrator (email)	institutional_diagnosis		CSTN portal, exact model	High grade sarcoma		in CSTN	H3K9me3	regulatory		hg19		files/rhb/SJOS/CHIPSEQ_SJOS/H3K9me3-SJHGS015726_MAST99.bw	FORMAL REQUEST (St Jude CSTN / EGA data access agreement)	no - same material as the EGA deposit	https://viz.stjude.cloud/st-jude-childrens-research-hospital/visualization/epigenetic-landscape-of-xenografts-from-osteosarcoma-and-rare-tumors~69
SJOS2018	Epigenetic landscape of xenografts from osteosarcoma and rare tumors	SJOS016015_X1	SJOS016015_X1		Osteosarcoma	Osteosarcoma	St Jude data administrator (email)	institutional_diagnosis		CSTN portal, exact model	Osteosarcoma		in CSTN	H3K27me3	regulatory		hg19		files/rhb/SJOS/CHIPSEQ_SJOS/H3K27me3-SJOS016015_MAST141.bw	FORMAL REQUEST (St Jude CSTN / EGA data access agreement)	no - same material as the EGA deposit	https://viz.stjude.cloud/st-jude-childrens-research-hospital/visualization/epigenetic-landscape-of-xenografts-from-osteosarcoma-and-rare-tumors~69
SJOS2018	Epigenetic landscape of xenografts from osteosarcoma and rare tumors	SJOS010930_X1	SJOS010930_X1		Osteosarcoma	Osteosarcoma	St Jude data administrator (email)	institutional_diagnosis		CSTN portal, exact model	Osteosarcoma		withdrawn - removed from CSTN and not available	H3K27me3	regulatory		hg19		files/rhb/SJOS/CHIPSEQ_SJOS/H3K27me3-SJOS010930_MAST58.bw	FORMAL REQUEST (St Jude CSTN / EGA data access agreement)	no - same material as the EGA deposit	https://viz.stjude.cloud/st-jude-childrens-research-hospital/visualization/epigenetic-landscape-of-xenografts-from-osteosarcoma-and-rare-tumors~69
SJOS2018	Epigenetic landscape of xenografts from osteosarcoma and rare tumors	SJOS001105_X1	SJOS001105_X1		Osteosarcoma	Osteosarcoma	St Jude data administrator (email)	institutional_diagnosis		CSTN portal, exact model	Osteosarcoma		in CSTN	H3K27me3	regulatory		hg19		files/rhb/SJOS/CHIPSEQ_SJOS/H3K27me3-SJOS001105_OS39R.bw	FORMAL REQUEST (St Jude CSTN / EGA data access agreement)	no - same material as the EGA deposit	https://viz.stjude.cloud/st-jude-childrens-research-hospital/visualization/epigenetic-landscape-of-xenografts-from-osteosarcoma-and-rare-tumors~69
SJOS2018	Epigenetic landscape of xenografts from osteosarcoma and rare tumors	SJOS001108_X1	SJOS001108_X1		Osteosarcoma	Osteosarcoma	St Jude data administrator (email)	institutional_diagnosis		CSTN portal, exact model	Osteosarcoma		in CSTN	H3K27me3	regulatory		hg19		files/rhb/SJOS/CHIPSEQ_SJOS/H3K27me3-SJOS001108_OS48.bw	FORMAL REQUEST (St Jude CSTN / EGA data access agreement)	no - same material as the EGA deposit	https://viz.stjude.cloud/st-jude-childrens-research-hospital/visualization/epigenetic-landscape-of-xenografts-from-osteosarcoma-and-rare-tumors~69
SJOS2018	Epigenetic landscape of xenografts from osteosarcoma and rare tumors	SJOS001107_X3	SJOS001107_X3		Osteosarcoma	Osteosarcoma	St Jude data administrator (email)	institutional_diagnosis		CSTN portal, exact model	Osteosarcoma		in CSTN	H3K27me3	regulatory		hg19		files/rhb/SJOS/CHIPSEQ_SJOS/H3K27me3-SJOS001107_OS58.bw	FORMAL REQUEST (St Jude CSTN / EGA data access agreement)	no - same material as the EGA deposit	https://viz.stjude.cloud/st-jude-childrens-research-hospital/visualization/epigenetic-landscape-of-xenografts-from-osteosarcoma-and-rare-tumors~69
SJOS2018	Epigenetic landscape of xenografts from osteosarcoma and rare tumors	SJNORM056762_OSTEOBLAST	SJNORM056762_OSTEOBLAST		normal/reference		browser label (normal/reference material)						in CSTN	H3K27me3	regulatory		hg19		files/rhb/SJOS/CHIPSEQ_SJOS/H3K27me3-SJNORM056762_OSTEOBLAST.bw	FORMAL REQUEST (St Jude CSTN / EGA data access agreement)	no - same material as the EGA deposit	https://viz.stjude.cloud/st-jude-childrens-research-hospital/visualization/epigenetic-landscape-of-xenografts-from-osteosarcoma-and-rare-tumors~69
SJOS2018	Epigenetic landscape of xenografts from osteosarcoma and rare tumors	SJEWS001321_X1	SJEWS001321_X1		Ewing	Ewings sarcoma	St Jude data administrator (email)	institutional_diagnosis		CSTN portal, exact model	Ewing sarcoma		in CSTN	H3K27me3	regulatory		hg19		files/rhb/SJOS/CHIPSEQ_SJOS/H3K27me3-SJEWS001321_MAST37.bw	FORMAL REQUEST (St Jude CSTN / EGA data access agreement)	no - same material as the EGA deposit	https://viz.stjude.cloud/st-jude-childrens-research-hospital/visualization/epigenetic-landscape-of-xenografts-from-osteosarcoma-and-rare-tumors~69
SJOS2018	Epigenetic landscape of xenografts from osteosarcoma and rare tumors	SJLPS014753_X1	SJLPS014753_X1		Liposarcoma-NOS	Liposarcoma	St Jude data administrator (email)	institutional_diagnosis		CSTN portal, exact model	Liposarcoma		in CSTN	H3K27me3	regulatory		hg19		files/rhb/SJOS/CHIPSEQ_SJOS/H3K27me3-SJLPS014753_MAST128.bw	FORMAL REQUEST (St Jude CSTN / EGA data access agreement)	no - same material as the EGA deposit	https://viz.stjude.cloud/st-jude-childrens-research-hospital/visualization/epigenetic-landscape-of-xenografts-from-osteosarcoma-and-rare-tumors~69
SJOS2018	Epigenetic landscape of xenografts from osteosarcoma and rare tumors	SJHGS015726_X2	SJHGS015726_X2		Sarcoma NOS	High grade sarcoma	St Jude data administrator (email)	institutional_diagnosis		CSTN portal, exact model	High grade sarcoma		in CSTN	H3K27me3	regulatory		hg19		files/rhb/SJOS/CHIPSEQ_SJOS/H3K27me3-SJHGS015726_MAST99.bw	FORMAL REQUEST (St Jude CSTN / EGA data access agreement)	no - same material as the EGA deposit	https://viz.stjude.cloud/st-jude-childrens-research-hospital/visualization/epigenetic-landscape-of-xenografts-from-osteosarcoma-and-rare-tumors~69
SJOS2018	Epigenetic landscape of xenografts from osteosarcoma and rare tumors	SJOS016015_X1	SJOS016015_X1		Osteosarcoma	Osteosarcoma	St Jude data administrator (email)	institutional_diagnosis		CSTN portal, exact model	Osteosarcoma		in CSTN	CTCF	regulatory		hg19		files/rhb/SJOS/CHIPSEQ_SJOS/CTCF-SJOS016015_MAST141.bw	FORMAL REQUEST (St Jude CSTN / EGA data access agreement)	no - same material as the EGA deposit	https://viz.stjude.cloud/st-jude-childrens-research-hospital/visualization/epigenetic-landscape-of-xenografts-from-osteosarcoma-and-rare-tumors~69
SJOS2018	Epigenetic landscape of xenografts from osteosarcoma and rare tumors	SJOS010930_X1	SJOS010930_X1		Osteosarcoma	Osteosarcoma	St Jude data administrator (email)	institutional_diagnosis		CSTN portal, exact model	Osteosarcoma		withdrawn - removed from CSTN and not available	CTCF	regulatory		hg19		files/rhb/SJOS/CHIPSEQ_SJOS/CTCF-SJOS010930_MAST58.bw	FORMAL REQUEST (St Jude CSTN / EGA data access agreement)	no - same material as the EGA deposit	https://viz.stjude.cloud/st-jude-childrens-research-hospital/visualization/epigenetic-landscape-of-xenografts-from-osteosarcoma-and-rare-tumors~69
SJOS2018	Epigenetic landscape of xenografts from osteosarcoma and rare tumors	SJOS001105_X1	SJOS001105_X1		Osteosarcoma	Osteosarcoma	St Jude data administrator (email)	institutional_diagnosis		CSTN portal, exact model	Osteosarcoma		in CSTN	CTCF	regulatory		hg19		files/rhb/SJOS/CHIPSEQ_SJOS/CTCF-SJOS001105_OS39R.bw	FORMAL REQUEST (St Jude CSTN / EGA data access agreement)	no - same material as the EGA deposit	https://viz.stjude.cloud/st-jude-childrens-research-hospital/visualization/epigenetic-landscape-of-xenografts-from-osteosarcoma-and-rare-tumors~69
SJOS2018	Epigenetic landscape of xenografts from osteosarcoma and rare tumors	SJOS001108_X1	SJOS001108_X1		Osteosarcoma	Osteosarcoma	St Jude data administrator (email)	institutional_diagnosis		CSTN portal, exact model	Osteosarcoma		in CSTN	CTCF	regulatory		hg19		files/rhb/SJOS/CHIPSEQ_SJOS/CTCF-SJOS001108_OS48.bw	FORMAL REQUEST (St Jude CSTN / EGA data access agreement)	no - same material as the EGA deposit	https://viz.stjude.cloud/st-jude-childrens-research-hospital/visualization/epigenetic-landscape-of-xenografts-from-osteosarcoma-and-rare-tumors~69
SJOS2018	Epigenetic landscape of xenografts from osteosarcoma and rare tumors	SJOS001107_X3	SJOS001107_X3		Osteosarcoma	Osteosarcoma	St Jude data administrator (email)	institutional_diagnosis		CSTN portal, exact model	Osteosarcoma		in CSTN	CTCF	regulatory		hg19		files/rhb/SJOS/CHIPSEQ_SJOS/CTCF-SJOS001107_OS58.bw	FORMAL REQUEST (St Jude CSTN / EGA data access agreement)	no - same material as the EGA deposit	https://viz.stjude.cloud/st-jude-childrens-research-hospital/visualization/epigenetic-landscape-of-xenografts-from-osteosarcoma-and-rare-tumors~69
SJOS2018	Epigenetic landscape of xenografts from osteosarcoma and rare tumors	SJNORM056762_OSTEOBLAST	SJNORM056762_OSTEOBLAST		normal/reference		browser label (normal/reference material)						in CSTN	CTCF	regulatory		hg19		files/rhb/SJOS/CHIPSEQ_SJOS/CTCF-SJNORM056762_OSTEOBLAST.bw	FORMAL REQUEST (St Jude CSTN / EGA data access agreement)	no - same material as the EGA deposit	https://viz.stjude.cloud/st-jude-childrens-research-hospital/visualization/epigenetic-landscape-of-xenografts-from-osteosarcoma-and-rare-tumors~69
SJOS2018	Epigenetic landscape of xenografts from osteosarcoma and rare tumors	SJEWS001321_X1	SJEWS001321_X1		Ewing	Ewings sarcoma	St Jude data administrator (email)	institutional_diagnosis		CSTN portal, exact model	Ewing sarcoma		in CSTN	CTCF	regulatory		hg19		files/rhb/SJOS/CHIPSEQ_SJOS/CTCF-SJEWS001321_MAST37.bw	FORMAL REQUEST (St Jude CSTN / EGA data access agreement)	no - same material as the EGA deposit	https://viz.stjude.cloud/st-jude-childrens-research-hospital/visualization/epigenetic-landscape-of-xenografts-from-osteosarcoma-and-rare-tumors~69
SJOS2018	Epigenetic landscape of xenografts from osteosarcoma and rare tumors	SJLPS014753_X1	SJLPS014753_X1		Liposarcoma-NOS	Liposarcoma	St Jude data administrator (email)	institutional_diagnosis		CSTN portal, exact model	Liposarcoma		in CSTN	CTCF	regulatory		hg19		files/rhb/SJOS/CHIPSEQ_SJOS/CTCF-SJLPS014753_MAST128.bw	FORMAL REQUEST (St Jude CSTN / EGA data access agreement)	no - same material as the EGA deposit	https://viz.stjude.cloud/st-jude-childrens-research-hospital/visualization/epigenetic-landscape-of-xenografts-from-osteosarcoma-and-rare-tumors~69
SJOS2018	Epigenetic landscape of xenografts from osteosarcoma and rare tumors	SJHGS015726_X2	SJHGS015726_X2		Sarcoma NOS	High grade sarcoma	St Jude data administrator (email)	institutional_diagnosis		CSTN portal, exact model	High grade sarcoma		in CSTN	CTCF	regulatory		hg19		files/rhb/SJOS/CHIPSEQ_SJOS/CTCF-SJHGS015726_MAST99.bw	FORMAL REQUEST (St Jude CSTN / EGA data access agreement)	no - same material as the EGA deposit	https://viz.stjude.cloud/st-jude-childrens-research-hospital/visualization/epigenetic-landscape-of-xenografts-from-osteosarcoma-and-rare-tumors~69
SJOS2018	Epigenetic landscape of xenografts from osteosarcoma and rare tumors	SJOS016015_X1	SJOS016015_X1		Osteosarcoma	Osteosarcoma	St Jude data administrator (email)	institutional_diagnosis		CSTN portal, exact model	Osteosarcoma		in CSTN	INPUT	regulatory	Y	hg19		files/rhb/SJOS/CHIPSEQ_SJOS/INPUT-SJOS016015_MAST141.bw	FORMAL REQUEST (St Jude CSTN / EGA data access agreement)	no - same material as the EGA deposit	https://viz.stjude.cloud/st-jude-childrens-research-hospital/visualization/epigenetic-landscape-of-xenografts-from-osteosarcoma-and-rare-tumors~69
SJOS2018	Epigenetic landscape of xenografts from osteosarcoma and rare tumors	SJOS010930_X1	SJOS010930_X1		Osteosarcoma	Osteosarcoma	St Jude data administrator (email)	institutional_diagnosis		CSTN portal, exact model	Osteosarcoma		withdrawn - removed from CSTN and not available	INPUT	regulatory	Y	hg19		files/rhb/SJOS/CHIPSEQ_SJOS/INPUT-SJOS010930_MAST58.bw	FORMAL REQUEST (St Jude CSTN / EGA data access agreement)	no - same material as the EGA deposit	https://viz.stjude.cloud/st-jude-childrens-research-hospital/visualization/epigenetic-landscape-of-xenografts-from-osteosarcoma-and-rare-tumors~69
SJOS2018	Epigenetic landscape of xenografts from osteosarcoma and rare tumors	SJOS001105_X1	SJOS001105_X1		Osteosarcoma	Osteosarcoma	St Jude data administrator (email)	institutional_diagnosis		CSTN portal, exact model	Osteosarcoma		in CSTN	INPUT	regulatory	Y	hg19		files/rhb/SJOS/CHIPSEQ_SJOS/INPUT-SJOS001105_OS39R.bw	FORMAL REQUEST (St Jude CSTN / EGA data access agreement)	no - same material as the EGA deposit	https://viz.stjude.cloud/st-jude-childrens-research-hospital/visualization/epigenetic-landscape-of-xenografts-from-osteosarcoma-and-rare-tumors~69
SJOS2018	Epigenetic landscape of xenografts from osteosarcoma and rare tumors	SJOS001108_X1	SJOS001108_X1		Osteosarcoma	Osteosarcoma	St Jude data administrator (email)	institutional_diagnosis		CSTN portal, exact model	Osteosarcoma		in CSTN	INPUT	regulatory	Y	hg19		files/rhb/SJOS/CHIPSEQ_SJOS/INPUT-SJOS001108_OS48.bw	FORMAL REQUEST (St Jude CSTN / EGA data access agreement)	no - same material as the EGA deposit	https://viz.stjude.cloud/st-jude-childrens-research-hospital/visualization/epigenetic-landscape-of-xenografts-from-osteosarcoma-and-rare-tumors~69
SJOS2018	Epigenetic landscape of xenografts from osteosarcoma and rare tumors	SJOS001107_X3	SJOS001107_X3		Osteosarcoma	Osteosarcoma	St Jude data administrator (email)	institutional_diagnosis		CSTN portal, exact model	Osteosarcoma		in CSTN	INPUT	regulatory	Y	hg19		files/rhb/SJOS/CHIPSEQ_SJOS/INPUT-SJOS001107_OS58.bw	FORMAL REQUEST (St Jude CSTN / EGA data access agreement)	no - same material as the EGA deposit	https://viz.stjude.cloud/st-jude-childrens-research-hospital/visualization/epigenetic-landscape-of-xenografts-from-osteosarcoma-and-rare-tumors~69
SJOS2018	Epigenetic landscape of xenografts from osteosarcoma and rare tumors	SJNORM056762_OSTEOBLAST	SJNORM056762_OSTEOBLAST		normal/reference		browser label (normal/reference material)						in CSTN	INPUT	regulatory	Y	hg19		files/rhb/SJOS/CHIPSEQ_SJOS/INPUT-SJNORM056762_OSTEOBLAST.bw	FORMAL REQUEST (St Jude CSTN / EGA data access agreement)	no - same material as the EGA deposit	https://viz.stjude.cloud/st-jude-childrens-research-hospital/visualization/epigenetic-landscape-of-xenografts-from-osteosarcoma-and-rare-tumors~69
SJOS2018	Epigenetic landscape of xenografts from osteosarcoma and rare tumors	SJEWS001321_X1	SJEWS001321_X1		Ewing	Ewings sarcoma	St Jude data administrator (email)	institutional_diagnosis		CSTN portal, exact model	Ewing sarcoma		in CSTN	INPUT	regulatory	Y	hg19		files/rhb/SJOS/CHIPSEQ_SJOS/INPUT-SJEWS001321_MAST37.bw	FORMAL REQUEST (St Jude CSTN / EGA data access agreement)	no - same material as the EGA deposit	https://viz.stjude.cloud/st-jude-childrens-research-hospital/visualization/epigenetic-landscape-of-xenografts-from-osteosarcoma-and-rare-tumors~69
SJOS2018	Epigenetic landscape of xenografts from osteosarcoma and rare tumors	SJLPS014753_X1	SJLPS014753_X1		Liposarcoma-NOS	Liposarcoma	St Jude data administrator (email)	institutional_diagnosis		CSTN portal, exact model	Liposarcoma		in CSTN	INPUT	regulatory	Y	hg19		files/rhb/SJOS/CHIPSEQ_SJOS/INPUT-SJLPS014753_MAST128.bw	FORMAL REQUEST (St Jude CSTN / EGA data access agreement)	no - same material as the EGA deposit	https://viz.stjude.cloud/st-jude-childrens-research-hospital/visualization/epigenetic-landscape-of-xenografts-from-osteosarcoma-and-rare-tumors~69
SJOS2018	Epigenetic landscape of xenografts from osteosarcoma and rare tumors	SJHGS015726_X2	SJHGS015726_X2		Sarcoma NOS	High grade sarcoma	St Jude data administrator (email)	institutional_diagnosis		CSTN portal, exact model	High grade sarcoma		in CSTN	INPUT	regulatory	Y	hg19		files/rhb/SJOS/CHIPSEQ_SJOS/INPUT-SJHGS015726_MAST99.bw	FORMAL REQUEST (St Jude CSTN / EGA data access agreement)	no - same material as the EGA deposit	https://viz.stjude.cloud/st-jude-childrens-research-hospital/visualization/epigenetic-landscape-of-xenografts-from-osteosarcoma-and-rare-tumors~69
