panel	model_name	aliases	model_type	disease	subtype_or_fusion	key_alterations	sex	age_at_derivation	site	RRID_or_Cellosaurus	source_repository	origin_reference_PMID	problematic_flag	notes
RMS	RH30	Rh30; SJCRH30; SJRH30; SJ-RH30; RH30SJ; RMS-13; RMS13; RC13	cell_line	RMS	FP-RMS-P3F	PAX3::FOXO1 t(2;13)(q35;q14); 12q13-15 amplicon including CDK4; TP53:Mutant - TP53 p.Arg273Cys heterozygous (also p.Tyr205Cys and p.Arg280Ser reported in CCLE/COSMIC). NOTE: COG data sheet records p53 as 'Functional' - discrepant; RARA p.Pro9Leu; CDK4 amplification; MYCN amplification reported; MSS	Male	17Y (16Y in Hinson review - discrepant)	Metastatic - bone marrow	RRID:CVCL_0041	ATCC CRL-2061; DSMZ ACC-489; COG/cccells.org; DepMap ACH-000833; PPTP/PPTC panel	3691179		Most widely used FP-RMS line. 'RMS13' is the SAME line/patient (Douglass lab) - never count as an independent model. A fusion-NEGATIVE stock circulating under the name RH30 has been reported (retains the 12q amplicon but lacks PAX3::FOXO1) - verify fusion and STR. Matched relapse line RH30R exists.
RMS	RH4	Rh4; SJRH4; SJ-RH4; SJ-Rh 4	cell_line	RMS	FP-RMS-P3F	PAX3::FOXO1 t(2;13)(q35;q14); EYA2 amplification/overexpression; TP53:Unknown - not annotated in Cellosaurus (Rh41, same patient, is p53 non-functional); EYA2 amplification	Female	7Y	Metastatic - lung (same patient as Rh41)	RRID:CVCL_5916	St Jude / Houghton lab; DepMap ACH-001765	7536457	Y	SAME PATIENT AS RH41 (Cellosaurus OI cross-reference CVCL_2176). Rh4 was grown directly from tumor; Rh41 came via a xenograft. Using Rh4 and Rh41 as independent FP-RMS replicates is a common and serious panel error.
RMS	RH41	Rh41; SJ-Rh41	cell_line	RMS	FP-RMS-P3F	PAX3::FOXO1 t(2;13); TP53:Mutant / non-functional - COG data sheet records p53 'Non-Functional'; TP53 mutation reported in the literature; specific variant not annotated in Cellosaurus; Not otherwise annotated	Female	7Y	Metastatic - lung	RRID:CVCL_2176	DSMZ ACC-592; COG/cccells.org; DepMap ACH-000100; PPTP/PPTC panel	3607778	Y	Same patient as Rh4 (see above). Doubling time 60 h (COG).
RMS	RH28	Rh28; SJRH28	cell_line	RMS	FP-RMS-P3F	PAX3::FOXO1 t(2;13)(q35;q14); near-tetraploid; TP53:Wild type - no mutation reported (PMID 9802058); CDKN2A p.Arg80Ter heterozygous	Male	17Y	Metastatic - axillary lymph node	RRID:CVCL_8752	St Jude / Houghton lab; DepMap ACH-001740; PPTP	3607778	Y	Same patient as RH3 (Cellosaurus OI cross-reference CVCL_L415) - identical fusion breakpoint and STR profile. Senesces around passage 59-63 with myotube-like differentiation, so late-passage results are confounded. Melphalan-resistant subline Rh28/L-PAM (CVCL_Y584).
RMS	RH3	Rh3; SJRH3	cell_line	RMS	FP-RMS-P3F	PAX3::FOXO1; Not annotated	Male	17Y	Metastatic - axillary lymph node	RRID:CVCL_L415	Douglass lab / St Jude	7536457	Y	Same patient as RH28. Distinct from the 'Rh3' xenograft in Houghton's 1982 xenograft series - a naming collision.
RMS	RH5	Rh5; SJRH5	cell_line	RMS	FP-RMS-P3F	PAX3::FOXO1; Not annotated	Sex unspecified			RRID:CVCL_5917	St Jude	8275086		Sparsely characterized; sex, age and site all unknown in Cellosaurus.
RMS	RH10	Rh10	cell_line (derived from xenograft HxRh10)	RMS	FP-RMS-P3F	PAX3::FOXO1 t(2;13); hyperdiploid; Not annotated	Female	5Y per Cellosaurus (15Y per Hinson review - discrepant)	Perineum, muscle - relapse	RRID:CVCL_8750	St Jude / Houghton lab; PPTP	6950170		Age discrepancy between Cellosaurus (5Y) and the Hinson review (15Y) is unresolved.
RMS	RH65	Rh65	cell_line and PDX	RMS	FP-RMS-P3F	PAX3::FOXO1; focal MYCN amplification (PPTC genomic profiling); MYCN amplification	Female	18Y	Relapse	Unknown - no Cellosaurus entry found under this name	PPTP/PPTC panel; Houghton lab	31693904	Y	No Cellosaurus/RRID record located; cite the PPTC genomic profiling paper for its molecular annotation.
RMS	RH18	Rh18; SJRH18; HxRh18 (parent xenograft)	cell_line (derived from xenograft) and PDX	RMS	AMBIGUOUS - FN-RMS or FP-RMS-P3F depending on the stock	TWO DISTINCT STOCKS CIRCULATE: (i) fusion-NEGATIVE, carrying 12q13-15 (MDM2) amplification; (ii) PAX3::FOXO1-POSITIVE, lacking that amplicon. Cellosaurus annotates alveolar RMS with PAX3::FOXO1; the COG data sheet states 'Positive for translocation'; PPTC/DepMap and most FN-RMS papers use it as a fusion-negative model; TP53:Wild type by sequence (no mutation reported, PMID 9802058) but p53 'Non-Functional' per COG - consistent with MDM2 amplification; MDM2 amplification (12q13-15) in the fusion-negative stock; MSI-low	Female	2Y (24 months)	Primary - perineum	RRID:CVCL_1659	DSMZ ACC-491; COG/cccells.org; DepMap ACH-000689; PPTP/PPTC panel	6950170;3607778	Y	MAJOR PITFALL: one name, two genotypes. The original tumor was mixed embryonal/alveolar and a t(2;13)-bearing clone was selected in a melphalan-resistant passage. Any RH18 result must state which stock was used, with FOXO1 fusion assay plus STR.
RMS	KFR		cell_line	RMS	FP-RMS-P3F	PAX3::FOXO1 t(2;13)(q35;q14) (originally reported as q37); pseudodiploid; Not annotated	Female	13Y	Metastatic - bone marrow	RRID:CVCL_S637		8180967		Vincristine-resistant subline KFRrVCR10 (CVCL_RR38).
RMS	CW9019	CW-9019	cell_line	RMS	FP-RMS-P7F	PAX7::FOXO1 from a stable reciprocal t(1;13); the fusion gene is NOT amplified; Not annotated	Sex unspecified			RRID:CVCL_N820	Biegel lab (UPenn) / Barr lab (NCI); DepMap	19235922		One of very few PAX7::FOXO1 cell lines. Because it lacks the fusion-gene amplification that is nearly universal in PAX7::FOXO1 tumors, it may not faithfully model that subtype.
RMS	NCC-aRMS1-C1		cell_line	RMS	FP-RMS-P7F	PAX7::FOXO1; Not annotated	Male	4Y	Primary - thigh	RRID:CVCL_A1ST	NCC sarcoma cell line panel (National Cancer Center, Japan)	32715445		Cellosaurus notes the line may have a finite lifespan (not confirmed immortal). Do not confuse with 'ARMS1' (CVCL_UF74).
RMS	RMZ-RC2	RMZ clone RC2; RC2	cell_line	RMS	FP-RMS-P7F	PAX7::FOXO1 WITH fusion-gene amplification; MYCN amplification; near-tetraploid with double minutes; MYCN amplification	Male	3Y per Cellosaurus (2Y per Hinson review)	Metastatic - bone marrow	RRID:CVCL_L510	Subclone of RMZ (CVCL_8422)	23882450		Rare PAX7::FOXO1 model that does carry the typical fusion amplification, complementing CW9019.
RMS	ARMS1		cell_line	RMS	FP-RMS-P3F	PAX3::FOXO1; Not annotated	Sex unspecified			RRID:CVCL_UF74		23665679		Minimal metadata. NOT the same as NCC-aRMS1-C1 (CVCL_A1ST) - a real name-collision hazard when curating panels.
RMS	KP-RMS-DH	Kyoto Pediatrics-RhabdoMyoSarcoma-DH	cell_line	RMS	FP-RMS-P3F	PAX3::FOXO1; Not annotated	Male	14Y	Metastatic - bone marrow	RRID:CVCL_A2FS	Kyoto University (Japan)	Unknown (Cellosaurus CelloPub CLPUB00599)		
RMS	SCMC-RM2	SCMC-RM-2; SCMC-R-2	cell_line	RMS	FN-RMS by tumor histology, but fusion-positive in vitro	PAX3::FOXO1 detected in the CELL LINE but explicitly NOT found in the original tumour; MYCN amplification; MYCN amplification	Female	11Y	Metastatic - bone marrow	RRID:CVCL_A667	Saitama Children's Medical Center (Japan)	23578105	Y	PITFALL: the fusion is present in the line but absent from the patient tumor - evidence of in vitro clonal selection or of a swap. Subclone SCMC-RM2-1 (CVCL_A668).
RMS	TC212		cell_line	RMS	FP-RMS-P3F	t(2;13)(q35;q14) (historically reported as q37); Not annotated	Male	16Y	Metastatic - bone marrow	Unknown - not found in Cellosaurus		23882450		No RRID located.
RMS	Garvin-1		cell_line	RMS	FP-RMS (t(2;13)-positive)	t(2;13); double minute chromosomes; Not annotated	Female	14Y	Metastatic - malignant effusion (chest wall primary)	RRID:CVCL_Y588		23882450		
RMS	HUMEMS		cell_line	RMS	FP-RMS (t(2;13)-positive)	t(2;13); Not annotated	Female	13Y	Metastatic - pleural fluid (breast primary)	RRID:CVCL_S872		23882450		
RMS	NRS-1		cell_line	RMS	FP-RMS (t(2;13)-positive)	t(2;13); Not annotated	Female	7Y	Primary - forearm	RRID:CVCL_4871		23882450		
RMS	D-RHA1	D-RHA-1	cell_line	RMS	FP-RMS (alveolar histology; fusion unverified)	Not annotated	Sex unspecified			RRID:CVCL_S635	Benedict lab, MD Anderson	23882450		Very poorly characterized; fusion status never confirmed.
RMS	RD	R D; RD-2; RD 2; 130T; 130-T; TE-32; TE 32; TE 32.T	cell_line	RMS	FN-RMS-RAS	NRAS p.Gln61His heterozygous; MYC amplification; NO PAX::FOXO1; TP53:Mutant - TP53 p.Arg248Trp (c.742C>T) HOMOZYGOUS; 51-hyperdiploid; MSS; CDKN2A status varies between stocks	Female	7Y	Primary - pelvis, muscle	RRID:CVCL_1649	ATCC CCL-136; ECACC 85111502; JCRB9072; DSMZ; CLS 300401; COG; DepMap ACH-000169; PPTP panel	4241949		The reference FN-RMS line; STR-verified. PARENT of TE-671 (CVCL_1756) and TE 381.T (CVCL_1751): never use RD alongside those as independent models. One of the three lines in which NRAS was originally discovered. Many engineered derivatives exist (RD-Luc, RD/18, RD/12, RD rho-0, EDITGENE RD-Cas9).
RMS	SMS-CTR	SMS_CTR; SMSCTR; CTR	cell_line	RMS	FN-RMS-RAS	HRAS p.Gln61Lys HOMOZYGOUS; no PAX::FOXO1; TP53:Unknown - not annotated in Cellosaurus; generally used as a TP53-non-mutant FN-RMS line; Hypertriploid. Published karyotype shows t(1;13)(q21;q14) and t(2;13)(p25;q14) - these are NOT the alveolar RMS translocations and Northern blot showed FOXO1 is not rearranged	Male	1Y	Primary - pelvis, near prostate	RRID:CVCL_A770	Reynolds lab, Children's Hospital Los Angeles; COG/cccells.org; DepMap ACH-001196	2302710	Y	PITFALL: the 13q14 breakpoints in the published karyotype are repeatedly misread as evidence of a FOXO1 fusion. SMS-CTR is fusion-negative. It is the workhorse HRAS-mutant FN-RMS model.
RMS	RH36	Rh36; Birch; BIRCH	cell_line	RMS	FN-RMS-RAS	HRAS p.Gln61Lys; Not otherwise annotated	Male	15Y	Relapse - paratesticular	RRID:CVCL_M599	St Jude / Houghton lab; DepMap ACH-001751; PPTP	10602515		'Birch' is the SAME line as Rh36 - listing both inflates apparent panel size and is a known duplication in the literature.
RMS	RH12	Rh12	cell_line (derived from xenograft)	RMS	FN-RMS	No fusion; multiple whole-chromosome gains, dup(1)(q11q31), del(2)(q23); Not annotated			Primary - buttock	RRID:CVCL_S638	St Jude / Houghton lab	6950170		Spindled embryonal histology.
RMS	RH6	Rh6	cell_line	RMS	FN-RMS - IDENTITY QUESTIONABLE	Not annotated	Male	16Y	Metastatic - lymph node (infra-renal)	RRID:CVCL_S639	Douglass lab / St Jude	23882450	Y	CAUTION: in PPTP expression profiling RH6 did NOT cluster with RMS tumors. Treat its RMS identity as unconfirmed. Distinct from the 'Rh6' xenograft in the Houghton series.
RMS	RMS-YM	RMSYM	cell_line	RMS	FN-RMS	No PAX::FOXO1; no KRAS/HRAS/NRAS codon 12/13/61 mutation; MDM2 upregulation; FGFR1 overexpression; TP53:Wild type (no TP53 mutation; p53 pathway inactivated via MDM2 upregulation instead); BCOR p.Arg1163Ter HOMOZYGOUS	Male	2Y	Primary/relapse - urachus (abdominal mass), at second relapse	RRID:CVCL_A792	RIKEN BRC RCB1695; DepMap ACH-002048	1906291		NOT a MYOD1 L122R line - a frequent misconception. Its distinctive lesion is a truncating BCOR mutation. Useful TP53-wild-type / MDM2-high FN-RMS model.
RMS	RMS559	RMS559/R31; R31	cell_line	RMS	FN-RMS-FGFR4	FGFR4 p.Val550Leu activating mutation; Not annotated	Male			RRID:CVCL_S640	Fletcher lab, Brigham and Women's Hospital	12370270		The principal FGFR4-mutant FN-RMS cell line model.
RMS	JR-1	JR1	cell_line	RMS	FN-RMS	No fusion; near-tetraploid (44-100 chromosomes), recurrent 13q-; TP53:Mutant - TP53 mutation reported (specific variant not annotated in Cellosaurus); Not annotated	Female	7Y	Metastatic - lung (primary uterine mass)	RRID:CVCL_J063		3730258		Poorly differentiated embryonal histology. Engineered MYC/MYCN derivatives exist (JR1cmyc5, JR1Nmyc6, JR1Nmyc9, JR1neo20).
RMS	RUCH-2	Ruch-2; RUCH2	cell_line	RMS	FN-RMS	BRAF p.Val600Glu; Not annotated	Female	1Y3M (15 months)	Primary - vagina (botryoid)	RRID:CVCL_C540	University Children's Hospital Zurich	10735512		Rare BRAF V600E RMS model; established first as a xenograft, and its karyotype is almost identical to the primary tumor.
RMS	RUCH-3	Ruch3; RUCH3	cell_line	RMS	FN-RMS	Unknown; expresses PAX3 but not MYF5/MYF3; Not annotated	Male		Relapse	RRID:CVCL_C541	University Children's Hospital Zurich	12904596		Minimal characterisation.
RMS	TTC-442	TTC442; TC-442; TU-442; A91	cell_line	RMS	FN-RMS	Not annotated	Male	10Y	Primary - liver	RRID:CVCL_B255	Triche lab, CHLA; COG; DepMap	7882340		Also called A91 in the older literature.
RMS	TTC-516	TTC516; TC-516; TU-516; A995	cell_line	RMS	FN-RMS	Not annotated	Male	12Y	Primary - prostate	RRID:CVCL_8004	Triche lab, CHLA; COG	7882340		Also called A995 in the older literature.
RMS	HX170c	Hx170c; HX170c	cell_line and xenograft (established simultaneously)	RMS	FN-RMS	Unknown; near-diploid (50 +/- 6); Not annotated	Male	5Y	Recurrence - paratesticular	RRID:CVCL_N850		2930681		PHENOTYPIC DRIFT CAVEAT: almost completely desmin-negative in monolayer culture but regains desmin and original histology as a xenograft. Early passages were grown on irradiated mouse 3T3 feeders (later confirmed free of mouse cells).
RMS	KF-RMS-1		cell_line	RMS	FN-RMS	Not annotated	Sex unspecified		Metastatic - bone marrow	RRID:CVCL_S636		23882450		
RMS	CCA		cell_line	RMS	FN-RMS-RAS	KRAS p.Gln61Leu; multiple chromosomal rearrangements; Not annotated	Male	8Y	Recurrence - bladder ('vesical')	RRID:CVCL_N717		23882450		Forms lung metastases after intravenous injection in cyclophosphamide-pretreated nude mice.
RMS	CT-TC		cell_line	RMS	FN-RMS	Not annotated	Sex unspecified		Primary	RRID:CVCL_N821	Hosoi lab	23882450		Expresses MYOD1 and myogenin; desmin only at very low levels.
RMS	ICH-ERMS-1		cell_line	RMS	FN-RMS	PTPN11 p.Glu69Lys heterozygous (RAS-pathway); TP53:Mutant - TP53 p.Arg248Leu HOMOZYGOUS; PTPN11 E69K	Female	5Y	Primary - pelvis	RRID:CVCL_EG67	JCRB1648 (Ibaraki Children's Hospital, Japan)	23578105		Well-annotated modern FN-RMS line with both RAS-pathway and TP53 lesions; STR profile published.
RMS	KP-RMS-KH	Kyoto Pediatrics-RhabdoMyoSarcoma-KH	cell_line	RMS	FN-RMS	Not annotated	Female	14Y	Primary (in situ) - perineum	RRID:CVCL_A2FT	Kyoto University (Japan)	Unknown (Cellosaurus CelloPub CLPUB00599)		
RMS	TE 441.T	TE-441-T; TE441T	cell_line	RMS	RMS, subtype unspecified	Not annotated	Female	14Y	Primary - connective tissue	RRID:CVCL_1754	ATCC CRL-7767 (Naval Biosciences Laboratory collection); DepMap	20164919		African American donor. Cellosaurus assigns only the generic 'rhabdomyosarcoma' code. Do NOT confuse with TE 381.T, which is an RD derivative.
RMS	TE 617.T	TE-617-T; TE617T	cell_line	RMS	RMS, subtype unspecified	Not annotated	Female	1Y8M	Primary - connective tissue	RRID:CVCL_1755	ATCC (Naval Biosciences Laboratory collection); DepMap			
RMS	Hs 729.T	Hs 729; HS-729; Hs729T; HS729T	cell_line	RMS	Assigned FN-RMS but see notes	No fusion reported; TP53:Mutant - TP53 p.His179Arg HOMOZYGOUS; Not otherwise annotated	Male	74Y	Primary - muscle	RRID:CVCL_0871	ATCC HTB-153 (CRL-7862 discontinued); DepMap ACH-000133	8275086	Y	CAUTION: donor was 74 years old, and Cellosaurus records the cell type as 'fibroblast of muscle' while assigning an EMBRYONAL RMS diagnosis. If genuinely RMS, pleomorphic RMS is far more plausible than embryonal. Should not be used as a pediatric ERMS model.
RMS	Hs 926.T		cell_line	RMS	FN-RMS	Not annotated	Female	2Y		RRID:CVCL_1027	ATCC (Naval Biosciences Laboratory collection)			Minimal characterisation.
RMS	RMS-GR		cell_line	RMS	FN-RMS (adult)	Unknown; MDR1 (ABCB1) upregulation; Not annotated	Male	79Y (75Y in Hinson review)	Relapsed urogenital tract tumor	RRID:CVCL_Y577		23882450		Adult-onset; not representative of pediatric FN-RMS.
RMS	VK	Urumov-1	cell_line	RMS	FN-RMS	Complex balanced translocations; Not annotated	Female	20Y	Primary, localized disease	RRID:CVCL_Y578		23882450		
RMS	SRH		cell_line	RMS	SS-RMS-MYOD1	MYOD1 p.Leu122Arg (c.365T>G) HOMOZYGOUS; TP53:Mutant - TP53 p.Arg273His and p.Pro309Ser; Complex genomic profile	Female	24Y	Primary - left leg, skeletal muscle	RRID:CVCL_A0XB	Schleicher lab, Tuebingen	33322555		MYOD1 L122R model. Note the adult-age donor; no pediatric MYOD1 L122R cell line is currently well established.
RMS	NCC-ssRMS1-C1		cell_line	RMS	SS-RMS-MYOD1	MYOD1 p.Leu122Arg (c.365T>G); Not annotated	Female	17Y	Primary - thigh, skeletal muscle	RRID:CVCL_ZE13	NCC sarcoma cell line panel (National Cancer Center, Japan)	32300959		MYOD1 L122R model. Cellosaurus warns the line may have a finite lifespan (not confirmed immortal) - a real limitation for long-term epigenomic work.
RMS	NCC-ssRMS2-C1		cell_line	RMS	Spindle cell/sclerosing RMS, MYOD1 WILD TYPE	MYOD1 explicitly NOT mutated; Not annotated	Male	40Y	Primary - back	RRID:CVCL_A0BR	NCC sarcoma cell line panel (Japan)	34164773		Valuable MYOD1-wild-type spindle cell RMS comparator for MYOD1 L122R studies.
RMS	S-RMS1		cell_line	RMS	SC-RMS-NCOA2	SRF::NCOA2 fusion; Not annotated		Infant		Unknown - no Cellosaurus entry located	Ospedale Pediatrico Bambino Gesu, Rome	34067464		The only reported cell line from an infantile spindle cell RMS with an NCOA2-family fusion; RRID not yet assigned as far as could be verified.
RMS	HS-RMS-1		cell_line	RMS	PL-RMS	No recurrent fusion; pseudotetraploid; Not annotated	Male	26Y	Primary - left gluteal muscle	RRID:CVCL_A791	Japan	23882450		
RMS	HS-RMS-2		cell_line	RMS	PL-RMS	Amplification of JUN, MYC, CCND1, FGF3 (INT2), MDM2 and MALT1; Multiple amplicons	Female	85Y	Primary - gluteal	RRID:CVCL_Y582	Japan	23882450		
RMS	NCC-pRMS1-C1	NCCPRMS1C1	cell_line	RMS	PL-RMS	Not annotated	Male	73Y	Primary - right thigh, skeletal muscle	RRID:CVCL_B3TM	NCC sarcoma cell line panel (Japan); DepMap	Unknown (Cellosaurus DOI 10.11418/jtca.38.1)	Y	Paired xenograft-derived line from the same patient: NCC-pRMS1-X4-C1 (CVCL_B3TN) - not an independent model.
RMS	TE 671	TE-671; TE671; TE671/RD	cell_line	RMS	FN-RMS-RAS (because it IS RD)	NRAS p.Gln61His heterozygous and TP53 p.Arg248Trp homozygous - identical to RD; TP53:Mutant - TP53 p.Arg248Trp HOMOZYGOUS (inherited from RD); Inherited RD genotype	Female	7Y	Primary - pelvis, muscle	RRID:CVCL_1756	ATCC HTB-139 (DISCONTINUED); DSMZ ACC-263 (discontinued); ECACC 89071904 (discontinued)	892931	Y	PROBLEMATIC - Cellosaurus 'Contaminated'; ICLAC Register of Misidentified Cell Lines ICLAC-00101. IMPORTANT DIRECTION OF THE ERROR: TE671 was ORIGINALLY published as a MEDULLOBLASTOMA from a 6-year-old girl, but was proven to be a derivative of the RD RHABDOMYOSARCOMA line. It is therefore RMS-derived, not medulloblastoma-derived - and it is NOT independent of RD. Withdrawn from ATCC, DSMZ and ECACC.
RMS	TE 381.T	TE-381-T; TE381T; RD114-B	cell_line	RMS	FN-RMS-RAS (because it IS RD-derived)	NRAS p.Gln61His; TP53 p.Arg248Trp - inherited from RD; TP53:Mutant - TP53 p.Arg248Trp HOMOZYGOUS (from parent RD); Inherited RD genotype	Female	7Y	Primary - pelvis, muscle	RRID:CVCL_1751	ATCC CRL-7763 (Naval Biosciences Laboratory collection)	20215515	Y	PROBLEMATIC - Cellosaurus hierarchy records it as DERIVED FROM RD (CVCL_1649), established by passaging the parent line through a fetal cat. Also carries a Cellosaurus 'Caution': ATCC wrongly lists a 7-WEEK-old female donor; older ATCC sheets correctly state 7 YEARS. Not an independent RMS line.
RMS	A-204	A204; HTB82	cell_line	RMS	NOT RMS - malignant rhabdoid tumor	SMARCB1 (SNF5/INI1) p.Gln182Alafs*28 heterozygous with functional loss; TP53:Listed in the IARC TP53 database; TP53 is not the defining lesion; SMARCB1 loss	Female	1Y	Primary - muscle	RRID:CVCL_1058	ATCC HTB-82; DSMZ ACC-250; CLS 300109; DepMap ACH-000201	4357758	Y	MISCLASSIFIED AS RMS. Lacks myogenin, MYOD1 and desmin expression, and carries a SMARCB1 mutation consistent with a rhabdoid tumor. ATCC no longer lists it as RMS, yet Cellosaurus still assigns the NCIt code for embryonal RMS - so automated pipelines keyed on Cellosaurus will wrongly pull it into RMS panels. EXCLUDE from RMS studies.
RMS	KYM-1	Kym-1; KYM1	cell_line	RMS	QUESTIONABLE - annotated as ERMS but SMARCB1-null	Homozygous SMARCB1 deletion; SMARCB1 homozygous deletion	Male	9M	Primary - neck	RRID:CVCL_3007	JCRB0627; DepMap; COSMIC cell lines project	3830265	Y	PROBLEMATIC - Cellosaurus 'Possibly misclassified': originally reported as ALVEOLAR RMS but it lacks PAX3::FOXO1; most papers now call it embryonal. The homozygous SMARCB1 deletion argues it is a rhabdoid tumor rather than a true RMS. Subline KYM-1D4 (CVCL_5616).
RMS	RH1	RH1 (St Jude RMS line)	cell_line	RMS	NOT RMS - Ewing sarcoma	EWSR1::FLI1; Not annotated			Primary - hand	Unknown - no Cellosaurus record for this RMS line; do NOT use CVCL_C355 (that is an unrelated human embryonic stem cell line also called RH1)	Houghton lab / St Jude; formally EXCLUDED from PPTP RMS studies	23882450	Y	MISIDENTIFIED - lacks myogenin, MYOD1 and desmin; clusters with the Ewing sarcoma family by expression profiling; confirmed to express EWS-FLI1. Whether contaminated or mislabelled was never resolved. Note also the severe name collision with an unrelated human ESC line named RH1.
RMS	A-673	A673; RMS 1598; RMS1598	cell_line	RMS	NOT RMS - Ewing sarcoma	EWSR1::FLI1 type 1 (Ex7/Ex6); BRAF p.Val600Glu; TP53:Mutant - TP53 p.Ala119Glnfs*5 HOMOZYGOUS; CDKN2A homozygous deletion	Female	15Y	Primary - muscle	RRID:CVCL_0080	ATCC CRL-1598; DepMap ACH-000052; Ewing Sarcoma Cell Line Atlas	23882450	Y	PROBLEMATIC - Cellosaurus 'Misclassified': originally cataloged as a rhabdomyosarcoma line (retaining the synonym 'RMS 1598') and proven to be Ewing sarcoma. Still occasionally cited as an RMS line in older and secondary literature.
RMS	HxRh18 (Rh18 xenograft)	Rh18 xenograft	PDX	RMS	See RH18 row - ambiguous	PAX3::FOXO1 status ambiguous; MDM2 (12q13-15) amplification; TP53:See RH18 cell line row; MDM2 amplification	Female	2Y	Primary - perineum		St Jude / Houghton lab; PPTP/PPTC; COG	6950170		Parent xenograft of the Rh18 cell line; the mixed embryonal/alveolar tumor of origin is the likely root of the two-stock problem.
RMS	HxRh28 (Rh28 xenograft)	Rh28 xenograft	PDX	RMS	FP-RMS-P3F	PAX3::FOXO1; TP53:Wild type; CDKN2A p.Arg80Ter	Male	17Y	Metastatic - axillary lymph node		St Jude / Houghton lab; PPTP	6950170		Parent xenograft of the Rh28 cell line.
RMS	HxRh10 (Rh10 xenograft)	Rh10 xenograft	PDX	RMS	FP-RMS-P3F	PAX3::FOXO1; Not annotated	Female	5Y (15Y per Hinson)	Perineum - relapse		St Jude / Houghton lab; PPTP	6950170		Parent xenograft of the Rh10 cell line.
RMS	Rh30 xenograft / Rh30R	Rh30R	PDX	RMS	FP-RMS-P3F	PAX3::FOXO1; CDK4 amplification in Rh30; the Rh30R relapse model LACKS the CDK4 amplification; TP53:Rh30R carries the same TP53 mutation as the Rh30 cell line; the original Rh30 xenograft was reported TP53 wild type; CDK4 amplification (diagnosis only)	Male	16-17Y	Bone marrow (diagnosis) and relapse tumor (Rh30R)		St Jude / Houghton lab; PPTP/PPTC	6950170;31693904		One of very few MATCHED diagnosis-relapse RMS model pairs. Note the reported TP53 discordance between the original xenograft (wild type) and the cell line (mutant).
RMS	Rh14		PDX only	RMS	FN-RMS	Not annotated			Recurrence - inguinal		St Jude / Houghton lab	6950170		XENOGRAFT ONLY - no Rh14 cell line has ever been established, despite occasional citations to the contrary.
RMS	NCH-ARMS-2-NCH-S13-7484		PDX	RMS	FP-RMS-P3F	PAX3::FOXO1 with BOTH MYCN and CDK4 amplification; MYCN and CDK4 amplification					PPTC (Nationwide Children's Hospital)	31693904		PPTC panel member; illustrates co-amplification of MYCN and CDK4 in FP-RMS.
RMS	COG-R-438x		PDX	RMS	RMS, subtype not specified in the repository table	Not annotated					COG Childhood Cancer Repository (cccells.org)			
RMS	COG-R-668x		PDX	RMS	RMS, subtype not specified in the repository table	Not annotated					COG Childhood Cancer Repository (cccells.org)			
RMS	COG-R-262		cell_line	RMS	RMS, subtype not specified	Not annotated			Metastatic - pericardial fluid		COG Childhood Cancer Repository (cccells.org)			
RMS	CHLA-33		cell_line	RMS	RMS, subtype not specified	Not annotated			Tumor tissue		COG Childhood Cancer Repository (cccells.org)			
RMS	CHLA-37		cell_line	RMS	RMS, subtype not specified	Not annotated			Tumor		COG Childhood Cancer Repository (cccells.org)			
RMS	St Jude CSTN O-PDX RMS series	SJRHB000026_X1; SJRHB010463_X16; SJRHB010468_X1; SJRHB010927_X1; SJRHB010928_X1; SJRHB012405_X1; SJRHB013757_X2; SJRHB013758_X1; SJRHB013758_X2; SJRHB013759_X1; SJRHB015271_X1; SJRHB015721_X1; SJRHB15720_X1; SJRHB011_X; SJRHB011_Y; SJRHB012_X; SJRHB012_Y; SJRHB012_Z; SJRHB013_X	PDX (orthotopic, O-PDX)	RMS	Mixed - the series spans FP-RMS and FN-RMS including MYOD1-mutant cases; per-model assignment NOT verified here	Varies by model - unknown at the individual-model level in the sources verified; TP53:Unknown at the individual-model level; Unknown at the individual-model level	Varies	Pediatric	Varies	Individual RRIDs not assigned in Cellosaurus; models are indexed on CancerModels.org under provider SJCRH (e.g. SJRHB000026_X1)	St Jude Childhood Solid Tumor Network (CSTN); models developed under the MAST protocol, NCT01050296; cstn.stjude.cloud	28854174;30146332		The listed model IDs were verified as real, in-use identifiers, but per-model fusion/mutation annotation could NOT be confirmed from open-access sources in this pass - query the CSTN portal or Stewart et al. supplementary tables before assigning subtypes. These orthotopic PDXs are the main source of matched WGS/RNA-seq/ChIP-seq/methylation data for RMS epigenomics.
RMS	NCI PDMR rhabdomyosarcoma models		PDX, PDC and PDOrg	RMS							NCI Patient-Derived Models Repository (pdmr.cancer.gov; searchable at pdmdb.cancer.gov); also indexed on CancerModels.org			Specific PDMR rhabdomyosarcoma model IDs could NOT be verified in this pass - the PDMR search interface is a JavaScript application that did not return machine-readable results. Query the PDMR database directly rather than citing model IDs second-hand.
EWS	A-673	A673; RMS 1598; RMS1598	cell line	Ewing sarcoma	EWSR1::FLI1 type 1 (ex7/ex6)	EWSR1::FLI1 type 1 (ex7/ex6); TP53:mut p.Ala119Glnfs*5, homozygous; CDKN2A:homozygous deletion; STAG2:no mutation reported (WES)	Female	15Y	in situ, muscle	CVCL_0080	ATCC CRL-1598; ECACC 85111504; CLS 300454; KCLB 21598; DepMap ACH-000052	4357758	Y	PROBLEMATIC/misclassified: originally reported as rhabdomyosarcoma, shown to be Ewing sarcoma. Also carries BRAF p.V600E heterozygous - atypical for EwS and a confounder in drug studies. Member of ESCLA, DepMap/CCLE, COSMIC, ENCODE tier 3
EWS	SK-N-MC	SKNMC; SK-NM-C; SK-NMC	cell line	Ewing sarcoma / Askin tumor (pPNET)	EWSR1::FLI1 type 1 (ex7/ex6)	EWSR1::FLI1 type 1 (ex7/ex6); TP53:mut c.170_572del; STAG2:no mutation reported	Female	12Y	metastatic, orbital region	CVCL_0530	ATCC HTB-10; DSMZ ACC-203; ECACC 90022302; CLS 300340; KCLB 30010; DepMap ACH-000039	4748425	Y	PROBLEMATIC/misclassified: deposited and still widely cited as a NEUROBLASTOMA line; Cellosaurus classifies it as Askin tumor/pPNET i.e. Ewing family. A large legacy neuroblastoma literature actually used an Ewing line. ESCLA; ENCODE tier 3
EWS	TC-71	TC71; GM11654	cell line	Ewing sarcoma	EWSR1::FLI1 type 1 (ex7/ex6)	EWSR1::FLI1 type 1 (ex7/ex6); TP53:mut p.Arg213Ter and p.Gly245Cys; CDKN2A:homozygous deletion; STAG2:no mutation reported	Male	22Y	in situ, bone (humerus)	CVCL_2213	DSMZ ACC-516; Coriell GM11654; DepMap ACH-000424; COG/CHLA Childhood Cancer Repository	3004699		Member of ESCLA, PPTP/PPTC in vitro AND in vivo panels, DepMap/CCLE. One of the most heavily used EwS models
EWS	TC-32	TC32	cell line	Ewing sarcoma (pPNET)	EWSR1::FLI1 type 1 (ex7/ex6)	EWSR1::FLI1 type 1 (ex7/ex6); TP53:no mutation reported (WES PMID 25010205); CDKN2A:homozygous deletion; STAG2:mut p.Tyr636fs	Female	17Y	in situ, bone (left ilium)	CVCL_7151	DepMap ACH-001205; COG/CHLA	3004699		ESCLA. TP53-wild-type + STAG2-mutant - valuable isogenic-adjacent model for STAG2/cohesin epigenetics
EWS	TC-106	TC106	cell line	Ewing sarcoma	EWSR1::ERG (EWSR1 ex7 / ERG ex6)	EWSR1::ERG (EWSR1 ex7 / ERG ex6); TP53:no mutation reported; BRCA2 p.Lys3326Ter; CDKN2A:homozygous deletion; STAG2:no mutation reported	Male	19Y	metastatic, scalp	CVCL_F531	DepMap ACH-001283	3004699		ESCLA. One of only ~5 EWSR1::ERG cell lines worldwide; ERG ChIP-seq available
EWS	RD-ES	RDES; RDES-1	cell line	Ewing sarcoma	EWSR1::FLI1 type 2 (ex7/ex5)	EWSR1::FLI1 type 2 (ex7/ex5); TP53:mut p.Arg273Cys; CDKN2A:homozygous deletion; STAG2:no mutation reported	Male	19Y	in situ, bone (humerus)	CVCL_2169	ATCC HTB-166; DSMZ ACC-260; CLS 300410; BCRJ 0267; DepMap ACH-000041			Canonical type 2 fusion reference line. Full ChIP-seq (FLI1, H3K27ac/me3, H3K4me3) and WGS available
EWS	SK-ES-1	SKES1; SK-ES	cell line	Ewing sarcoma	EWSR1::FLI1 type 2 (ex7/ex5)	EWSR1::FLI1 type 2 (ex7/ex5); TP53:mut p.Cys176Phe; CDKN2A:homozygous deletion; STAG2:mut p.Gln735Ter	Male	18Y		CVCL_0627	ATCC HTB-86; DSMZ ACC-518; CLS 300435; BCRJ 0266; DepMap ACH-000087	833871		"ESCLA. Carries the STAG2-mutant + TP53-mutant ""aggressive subtype"" genotype (Tirode 2014) - key model for that axis"
EWS	CHLA-9	CHLA9	cell line	Ewing sarcoma (pPNET)	EWSR1::FLI1 type 1 (ex7/ex6)	EWSR1::FLI1 type 1 (ex7/ex6); TP53:no mutation reported (WES PMID 25010205); CDKN2A:no deletion reported; STAG2:mut p.Val628insThrAspIle	Female	14Y	in situ, thorax	CVCL_M150	COG/CHLA Childhood Cancer Repository (cccells.org); DepMap ACH-001034	15289350		PPTP in vitro panel. TP53-wild-type + STAG2-mutant. Same reported sex/age as CHLA-10 - verify patient identity before treating as independent
EWS	CHLA-10	CHLA10	cell line	Ewing sarcoma (pPNET)	EWSR1::FLI1 type 1 (ex7/ex6)	EWSR1::FLI1 type 1 (ex7/ex6); TP53:no mutation reported; CDKN2A:no deletion reported; STAG2:no mutation reported	Female	14Y	metastatic, thoracic lymph duct	CVCL_6583	COG/CHLA Childhood Cancer Repository; DepMap ACH-001029	15289350		PPTP panel; ESCLA. Single-cell RNA-seq available. Same reported sex/age as CHLA-9
EWS	CHLA-25	CHLA25	cell line	Ewing sarcoma (pPNET)	EWSR1::ERG (EWSR1 ex7 / ERG ex6)	EWSR1::ERG (EWSR1 ex7 / ERG ex6); TP53:mut p.Arg175His; CDKN2A:no deletion reported; STAG2:no mutation reported	Female	2Y7M		CVCL_M152	COG/CHLA Childhood Cancer Repository	24312454		ESCLA. Rare EWSR1::ERG line; unusually young patient. ERG ChIP-seq available
EWS	CHLA-32	CHLA32	cell line	Ewing sarcoma (pPNET)	EWSR1::FLI1 type 1 (ex7/ex6)	EWSR1::FLI1 type 1 (ex7/ex6); TP53:mut p.Arg342Ter; CDKN2A:no deletion reported; STAG2:no mutation reported	Female	8Y6M		CVCL_M151	COG/CHLA; DepMap ACH-001032	15289350		
EWS	CHLA-57	CHLA57	cell line	Ewing sarcoma (pPNET)			Sex unspecified	Children		CVCL_0B49	COG/CHLA; DepMap ACH-001033			Minimal published characterisation - WES only, no fusion curated. Verify fusion before use
EWS	CHLA-99	CHLA99	cell line	Ewing sarcoma			Male	Children		CVCL_0B50	COG/CHLA; DepMap ACH-001035			Minimal characterisation; no fusion curated in Cellosaurus
EWS	CHLA-258	CHLA258	cell line + in vivo xenograft	Ewing sarcoma (pPNET)	EWSR1::FLI1 type 3 (ex10/ex6)	EWSR1::FLI1 type 3 (ex10/ex6); TP53:no mutation reported; CDKN2A:homozygous deletion; STAG2:no mutation reported	Female	14Y	metastatic, lung	CVCL_A058	COG/CHLA Childhood Cancer Repository; DepMap ACH-001282; PPTP/PPTC	15289350		PPTP AND PPTC in vivo panels. PPTC RNA-seq detected an additional FLI1 partner (RP11-9L18.2). Rare type 3 breakpoint
EWS	CHLA-237		cell line	Ewing sarcoma			Sex unspecified	Children		CVCL_A6BJ	COG/CHLA			Essentially uncharacterised
EWS	COG-E-352	CHLA-352; CHLA352; COGE352	cell line	Ewing sarcoma (pPNET)	EWSR1::ERG	EWSR1::ERG; TP53:mut p.Arg273His; CDKN2A:homozygous deletion; STAG2:mut p.Leu791fs	Male	17Y	in situ, peripheral blood	CVCL_M153	COG/CHLA Childhood Cancer Repository; DepMap ACH-001038	24312454		Unique quadruple genotype: EWSR1::ERG + TP53-mut + CDKN2A-null + STAG2-mut. High-value for secondary-alteration epigenomics
EWS	EW-8	EW8; Rh1; RH-1; SJRH-1	cell line + in vivo xenograft	Ewing sarcoma	EWSR1::FLI1 type 1 (ex7/ex6)	EWSR1::FLI1 type 1 (ex7/ex6); TP53:mut p.Tyr220Cys, homozygous; CDKN2A:no deletion reported; STAG2:no mutation reported	Male	Age unspecified	metastatic, bone marrow	CVCL_1658	DSMZ ACC-493; DepMap ACH-000499; PPTP/PPTC	17154184	Y	"PROBLEMATIC/misclassified: long distributed as the RHABDOMYOSARCOMA line ""Rh1""; shown to be an Ewing family tumor line. ESCLA; PPTP and PPTC in vivo panels"
EWS	EWS-502	EWS502; EWS/502	cell line	Ewing sarcoma	EWSR1::FLI1 (breakpoint subtype not curated)	EWSR1::FLI1 (breakpoint subtype not curated); TP53:mut p.Cys135Phe, homozygous	Sex unspecified	Age unspecified		CVCL_S740	DepMap ACH-000279; J.A. Fletcher lab, Brigham and Women's Hospital	16766266		Widely used in EWS-FLI1 chromatin/H3K27ac studies. Sex/age/site not documented
EWS	EWS894	EWS-894	cell line	Ewing sarcoma (claimed)						NOT REGISTERED - no RRID	informal lab distribution (Fletcher lab lineage)		Y	NOT FOUND in Cellosaurus (searched July 2026). No RRID, no authentication record. Flag as unauthenticated if cited
EWS	EWS-CS1			Ewing sarcoma (claimed)						NOT REGISTERED - no RRID			Y	NOT FOUND in Cellosaurus or PubMed as an established line. Existence not verifiable - do not cite without primary source
EWS	EWS-M1			EWS						NOT REGISTERED - no RRID			Y	NOT FOUND in Cellosaurus. Existence not verifiable
EWS	TTC-466	TTC466; TCC466	cell line	Ewing sarcoma	EWSR1::ERG (in frame)	EWSR1::ERG (in frame); TP53:mut p.Arg175His	Female	4-5Y	metastatic, lung	CVCL_A444	DepMap ACH-001206	8162068		"The line in which EWSR1::ERG was originally characterized (Sorensen 1994). Frequently misspelled ""TTC-446"" in the literature"
EWS	MHH-ES-1	MHH-ES1; MHHES1	cell line	Ewing sarcoma	EWSR1::FLI1 type 2 (ex7/ex5)	EWSR1::FLI1 type 2 (ex7/ex5); TP53:mut p.Ser215del; STAG2:mut p.Gln735fs	Male	12Y	metastatic, ascites	CVCL_1411	DSMZ ACC-167; CLS 300136; DepMap ACH-000391			ESCLA. STAG2-mutant + TP53-mutant
EWS	SIM/EW27	SIM; SIMON; SIM(EW27)	cell line	Ewing sarcoma	unknown - NOT curated	unknown - NOT curated	Sex unspecified	Age unspecified		CVCL_0097	Institut Curie (O. Delattre)			Very sparse Cellosaurus record (no fusion, sex, age or reference). Do NOT assume EWSR1::FLI1 - verify by RT-PCR
EWS	STA-ET-1	STAET1; St. Anna Kinderspital-Ewing Tumor-1	cell line	Ewing sarcoma	EWSR1::FLI1 type 1 (ex7/ex6)	EWSR1::FLI1 type 1 (ex7/ex6); TP53:no mutation reported (PMID 19787792); CDKN2A:homozygous deletion	Female	13Y	in situ, bone (humerus)	CVCL_9681	Children's Cancer Research Institute (CCRI), Vienna (H. Kovar)	9393981		TP53-wild-type + CDKN2A-null
EWS	STA-ET-2.1	STA-ET2.1; STAET2.1	cell line	Ewing sarcoma	EWSR1::FLI1 (subtype not curated)	EWSR1::FLI1 (subtype not curated); TP53:mut p.Cys277Tyr; CDKN2A:homozygous deletion	Male	15Y		CVCL_9686	CCRI Vienna	9393981	Y	Sister subclone STA-ET-2.2 (CVCL_9687) from the same patient - not independent
EWS	STA-ET-7.1	STA-ET-7_1	cell line	Ewing sarcoma	unknown - NOT curated	unknown - NOT curated; TP53:mut p.Arg273Cys	Sex unspecified	Age unspecified		CVCL_9692	CCRI Vienna	9393981		Fusion not documented in Cellosaurus. Sister clones STA-ET-7.2 (CVCL_9693), 7.3 exist
EWS	STA-ET-8.1	STA-ET-8	cell line	Ewing sarcoma	unknown - NOT curated	unknown - NOT curated; TP53:mut p.Pro152Thr	Sex unspecified	Age unspecified		CVCL_9695	CCRI Vienna	9393981		Fusion not documented. Sister clone STA-ET-8.2 (CVCL_9696)
EWS	STA-ET-10	STAET10; ET10	cell line	Ewing sarcoma	EWSR1::FEV	EWSR1::FEV; TP53:no mutation reported (PMID 19787792)	Female	2Y		CVCL_9682	CCRI Vienna	9393981		HIGH VALUE: one of only two known EWSR1::FEV cell lines (with TC-205). Essential for any FEV-fusion epigenomics
EWS	VH-64	VH 64; VH64	cell line	Ewing sarcoma	EWSR1::FLI1 (subtype not curated)	EWSR1::FLI1 (subtype not curated); TP53:no mutation reported; CDKN2A:homozygous deletion	Male	24Y	metastatic, pleural effusion	CVCL_9672	F. van Valen, Univ. Munster	8335680		TP53-wild-type model. Note: assigned to EWSR1::ERG in some ESCLA summaries - Cellosaurus curates EWSR1::FLI1; verify
EWS	WE-68	WE 68; WE68	cell line	Ewing sarcoma	EWSR1::FLI1 type 1 (ex7/ex6)	EWSR1::FLI1 type 1 (ex7/ex6); TP53:no mutation reported; CDKN2A:hemizygous deletion	Female	19Y	in situ, bone (fibula)	CVCL_9717	F. van Valen, Univ. Munster	8335680		TP53-wild-type. Sublines WE-M1-68, WE-M2-68 exist
EWS	RM-82	RM 82; RM82	cell line	Ewing sarcoma	EWSR1::ERG	EWSR1::ERG; TP53:mut p.Arg273His	Male	9Y	in situ, bone (femur)	CVCL_9714	F. van Valen, Univ. Munster	8335680		EWSR1::ERG model
EWS	CADO-ES1	CADO-ES-1; CADOES1; ESCADO1	cell line	Ewing sarcoma	EWSR1::ERG	EWSR1::ERG; TP53:no mutation reported - TP53 wild-type; CDKN2A:homozygous deletion	Female	19Y	metastatic, pleural effusion	CVCL_1103	DSMZ ACC-255; CLS 300127; DepMap ACH-000210	1756482	Y	CAUTION: incorrectly reported as EWSR1::FLI1 in PMID 23637631 - it is EWSR1::ERG. TP53-wild-type + CDKN2A-null; only Japanese-origin EWSR1::ERG line
EWS	POE	Poe	cell line	Ewing sarcoma	EWSR1::FLI1 type 1 (ex7/ex6)	EWSR1::FLI1 type 1 (ex7/ex6); TP53:mut p.Leu194Arg; STAG2:no mutation reported	Female	Age unspecified		CVCL_EJ01	Institut Curie (O. Delattre)			ESCLA; full ChIP-seq and WGS available
EWS	MIC		cell line	Ewing sarcoma	EWSR1::FLI1 type 1 (ex7/ex6)	EWSR1::FLI1 type 1 (ex7/ex6); TP53:mut p.Glu285Lys; STAG2:mut p.Arg216Ter	Male	Age unspecified		CVCL_EI96	Institut Curie (O. Delattre)			ESCLA; STAG2-mutant. Very short name - always cite RRID
EWS	ORS	ORS [Human Ewing sarcoma]	cell line	Ewing sarcoma	EWSR1::FLI1 type 4 (ex10/ex5)	EWSR1::FLI1 type 4 (ex10/ex5); TP53:mut p.Cys176Phe; STAG2:mut p.Asp625fs	Sex unspecified	Age unspecified		CVCL_U565	Institut Curie (O. Delattre)			"Rare type 4 breakpoint + STAG2-mutant. NAME COLLISION: ""ORS"" also denotes goat outer-root-sheath lines (CVCL_ series) - always cite CVCL_U565"
EWS	ES1	ES-1	cell line	Ewing sarcoma	EWSR1::FLI1 type 2 (ex7/ex5)	EWSR1::FLI1 type 2 (ex7/ex5); TP53:mut p.Arg248Gln; CDKN2A:homozygous deletion; STAG2:no mutation reported	Female	Age unspecified		CVCL_1198	DepMap ACH-002103; Sanger/COSMIC cell lines project			"CELL LINE (not a PDX). Note distinct entity ""ES-1-OT"" also exists in Cellosaurus"
EWS	ES2	ES-2	cell line	Ewing sarcoma	EWSR1::FLI1 type 3 (ex10/ex6)	EWSR1::FLI1 type 3 (ex10/ex6); TP53:mut p.Arg175His; STAG2:mut p.Glu523Ter	Sex unspecified	Age unspecified		CVCL_AX39	research distribution only			"SEVERE NAME COLLISION: ""ES-2""/""ES2"" is far more commonly the OVARIAN CLEAR CELL CARCINOMA line (CVCL_3509). Always cite CVCL_AX39. Rare type 3 fusion + STAG2-null"
EWS	ES4	ES-4	cell line	Ewing sarcoma	EWSR1::FLI1 type 2 (ex7/ex5)	EWSR1::FLI1 type 2 (ex7/ex5); TP53:no mutation reported; PIK3CA p.Gly118Asp; CDKN2A:homozygous deletion; STAG2:no mutation reported	Male	Age unspecified		CVCL_1200	DepMap ACH-002105; COSMIC			TP53-wild-type. CRISPR screening data available
EWS	ES6	ES-6	cell line + in vivo xenograft	Ewing sarcoma	EWSR1::FLI1, EWSR1 ex9 / FLI1 ex4 (non-canonical)	EWSR1::FLI1, EWSR1 ex9 / FLI1 ex4 (non-canonical); TP53:mut c.376-1G>A splice acceptor, homozygous (cnLOH); CDKN2A:no deletion reported; STAG2:mut p.Leu264Pro, homozygous	Male	Age unspecified		CVCL_1202	DepMap ACH-002107; PPTC in vivo panel			Non-canonical ex9/ex4 breakpoint + STAG2-null homozygous. Also a PPTC in vivo model
EWS	ES7	ES-7	cell line	Ewing sarcoma	EWSR1::FLI1 type 4 (ex10/ex5)	EWSR1::FLI1 type 4 (ex10/ex5); TP53:mut p.His179Gln; STAG2:no mutation reported	Male	Age unspecified		CVCL_1203	DepMap ACH-002108; COSMIC			Rare type 4 breakpoint
EWS	ES8	ES-8	cell line + in vivo xenograft	Ewing sarcoma	EWSR1::FLI1 type 2 (ex7/ex5)	EWSR1::FLI1 type 2 (ex7/ex5); TP53:mut p.Cys135Phe, homozygous; CDKN2A:homozygous deletion; STAG2:no mutation reported	Male	10Y		CVCL_1204	DepMap ACH-002109; PPTC in vivo panel			PPTC in vivo model. SLFN11-knockout derivative available (ES8-SLFN11-KO, CVCL_C6N6)
EWS	ES-5838	5838; #5838; 5838 Ewing's	cell line	Ewing sarcoma	unknown - NOT curated	unknown - NOT curated	Male	27Y	metastatic, pleural effusion	CVCL_6255	research distribution only	6750238		Fusion never curated in Cellosaurus despite long use. Verify before use
EWS	SK-PN-DW	SKPNDW	cell line	Ewing sarcoma / pPNET	EWSR1::FLI1 type 1 (ex7/ex6)	EWSR1::FLI1 type 1 (ex7/ex6); TP53:mut p.Cys176Phe, homozygous	Male	17Y	in situ, retroperitoneum	CVCL_1703	ATCC CRL-2139; ECACC 94092301; DepMap ACH-001193	3024811		Also RB1 p.Trp78Ter homozygous - a rare RB1-null EwS model. Has lost chrY and one copy each of chr11, 13, 17, 18
EWS	SK-N-LO	SK-N-L0; SKNLO	cell line	DISPUTED: Ewing sarcoma vs neuroblastoma	EWSR1::FLI1 reported (PMID 7591257)	EWSR1::FLI1 reported (PMID 7591257)	Male	10Y	metastatic, bone marrow	CVCL_4569	CLS 300400	2987426	Y	PROBLEMATIC: Cellosaurus explicitly flags uncertainty - CLS lists it as neuroblastoma while PMID 7591257 reports EWS-FLI1. Do not use as a definitive Ewing model without re-verifying the fusion
EWS	LAP-35	LAP35; IOR/LAP-35	cell line	pPNET of bone	EWSR1::FLI1 type 2 (ex7/ex5)	EWSR1::FLI1 type 2 (ex7/ex5); CDKN2A:homozygous deletion	Female	12Y		CVCL_A096	Istituti Ortopedici Rizzoli, Bologna	2177080		
EWS	TC-135	TC135	cell line	Ewing sarcoma	unknown - NOT curated	unknown - NOT curated	Sex unspecified	Age unspecified		CVCL_9698	research distribution only	3004699		Essentially uncharacterised
EWS	TC-138	TC138	cell line	Ewing sarcoma / pPNET	EWSR1::FLI1 type 4 (ex10/ex5)	EWSR1::FLI1 type 4 (ex10/ex5); CDKN2A:homozygous deletion	Male	Age unspecified		CVCL_4Z30	DepMap ACH-001430	3004699		Rare type 4 breakpoint
EWS	TC-205	TC205	cell line	Ewing sarcoma / pPNET	EWSR1::FEV (EWSR1 ex7 / FEV ex3)	EWSR1::FEV (EWSR1 ex7 / FEV ex3)	Sex unspecified	Age unspecified		CVCL_4Z31	DepMap ACH-001431	3004699		HIGH VALUE: second of only two known EWSR1::FEV cell lines (with STA-ET-10)
EWS	TC-268		cell line	Olfactory neuroblastoma (esthesioneuroblastoma) carrying EWSR1::FLI1	EWSR1::FLI1	EWSR1::FLI1	Female	22Y	metastatic, paraspinal mass	CVCL_F532	research distribution only	2841669	Y	PROBLEMATIC for an Ewing panel: Cellosaurus disease assignment is olfactory neuroblastoma, although it carries EWSR1::FLI1 (PMID 8577710). Classify explicitly if included
EWS	A4573	A-4573; ES-A4573	cell line	Ewing sarcoma	NOT curated in Cellosaurus (EWSR1::FLI1 reported in primary literature)	NOT curated in Cellosaurus (EWSR1::FLI1 reported in primary literature)	Female	17Y	metastatic, pleural effusion	CVCL_6245	research distribution only	6750238		Heavily used (IGF1R, YK-4-279 studies) but fusion subtype never curated. Verify by RT-PCR/RNA-seq before use
EWS	CHP-100	CHP 100; CHP100; NB-100	cell line	Ewing sarcoma	EWSR1::FLI1 type 2 (ex7/ex5)	EWSR1::FLI1 type 2 (ex7/ex5); TP53:no mutation reported; CDKN2A:hemizygous deletion	Female	12Y	in situ, bone (spine, epidural space)	CVCL_7166	DSMZ ACC-830; ECACC 06122001 (discontinued)	10079	Y	PROBLEMATIC (double): originally called a neuroblastoma line, shown to be Ewing sarcoma; AND some stocks were cross-contaminated with IMR-32 derivatives. Authenticate every stock by STR
EWS	SK-NEP-1	SKNEP-1; SKNEP1	cell line + in vivo xenograft	Ewing sarcoma	EWSR1::FLI1 type 2 (ex7/ex5)	EWSR1::FLI1 type 2 (ex7/ex5); TP53:mut p.Gly245Ser, homozygous; CDKN2A:homozygous deletion; STAG2:no mutation reported	Female	25Y	metastatic, pleural effusion	CVCL_0631	ATCC HTB-48; DepMap ACH-001192; PPTP/PPTC		Y	"PROBLEMATIC/misclassified: still distributed by ATCC as a WILMS TUMOUR (anaplastic) line; it is an Ewing sarcoma (PMID 17154184; 30924592). A large ""Wilms tumor"" literature is affected. In both PPTP and PPTC Ewing in vivo panels"
EWS	6647	#6647	cell line	Ewing sarcoma	EWSR1::FLI1 type 2 (ex7/ex5)	EWSR1::FLI1 type 2 (ex7/ex5); TP53:mut p.Ser241Phe	Female	14Y	metastatic, pleural effusion	CVCL_H722	research distribution only			
EWS	EW-1	EW1; IARC-EW1; IARC-EW-1	cell line	Ewing sarcoma	EWSR1::FLI1 type 2 (ex7/ex5)	EWSR1::FLI1 type 2 (ex7/ex5); TP53:mut p.Arg273Cys; CDKN2A:deletion (zygosity unspecified)	Male	19Y	metastatic, pleural effusion	CVCL_1208	Institut Curie / IARC series			ESCLA
EWS	EW-3	EW3; IARC-EW3	cell line	Ewing sarcoma	EWSR1::ERG (EWSR1 ex7 / ERG ex6)	EWSR1::ERG (EWSR1 ex7 / ERG ex6); TP53:mut c.852_858del7; STAG2:mut p.Arg216Ter, homozygous	Male	14Y	metastatic, pleural effusion	CVCL_1216	DepMap ACH-002118; Institut Curie/IARC			ESCLA. EWSR1::ERG + STAG2-null - rare combination
EWS	EW-7	EW7; IARC-EW7	cell line	Ewing sarcoma	EWSR1::FLI1 type 1 (ex7/ex6)	EWSR1::FLI1 type 1 (ex7/ex6); CDKN2A:deletion (zygosity unspecified)	Female	20Y	metastatic, pleural effusion	CVCL_1217	Institut Curie / IARC			ESCLA
EWS	EW-22	EW22; IARC-EW-22	cell line	Ewing sarcoma	EWSR1::FLI1 type 1 (ex7/ex6)	EWSR1::FLI1 type 1 (ex7/ex6); TP53:mut p.Arg175His	Female	Age unspecified		CVCL_1214	Institut Curie / IARC			ESCLA. NOTE: ESCLA text describes EW-22 as subtype 2; Cellosaurus curates type 1 - discrepancy, verify
EWS	EW-24	EW24; IARC-EW-24	cell line	Ewing sarcoma	EWSR1::FLI1 type 1 (ex7/ex6)	EWSR1::FLI1 type 1 (ex7/ex6); TP53:mut p.Lys164Glu, homozygous	Female	Age unspecified		CVCL_1215	DepMap ACH-002117; Institut Curie/IARC			ESCLA. Also PIK3CA p.His1047Arg heterozygous
EWS	Other IARC-EW lines	EW-2, EW-11, EW-12, EW-13, EW-16, EW-17, EW-18, EW-19, EW-23, EW-93	cell line	Ewing sarcoma	mostly not curated	mostly not curated	mixed	mixed	mixed	CVCL_1209 to CVCL_1215 range (individual accessions in Cellosaurus)	Institut Curie / IARC			Additional registered members of the IARC-EW series with minimal annotation; listed for completeness
EWS	NCC-ES1-C1	NCCES1C1	cell line	Ewing sarcoma	EWSR1::FLI1, EWSR1 ex7 / FLI1 ex8 (non-canonical)	EWSR1::FLI1, EWSR1 ex7 / FLI1 ex8 (non-canonical)	Male	31Y	in situ, bone (left tibia)	CVCL_UK81	NCC Japan sarcoma cell line panel; DepMap ACH-002780	30324244		Rare ex7/ex8 breakpoint; drug-screening data available
EWS	NCC-ES2-C1		cell line	Ewing sarcoma	EWSR1::FLI1, EWSR1 ex7 / FLI1 ex8	EWSR1::FLI1, EWSR1 ex7 / FLI1 ex8	Male	17Y	in situ, bone (right femur)	CVCL_B7PH	NCC Japan sarcoma cell line panel	35441357		
EWS	SCMC-ES1	SCMC-ES-1	cell line	Ewing sarcoma			Female	7Y		CVCL_7123	Saitama Children's Medical Center			
EWS	SCMC-ES2	SCMC-ES-2	cell line	Ewing sarcoma			Male	8Y		CVCL_7124	Saitama Children's Medical Center			
EWS	SK-ES-2		cell line	Ewing sarcoma			Female	Age unspecified		CVCL_T285	MSKCC			Rarely used; minimal annotation
EWS	TY-ES		cell line	Ewing sarcoma			Male	14Y		CVCL_S804	research distribution only			
EWS	UTP-ES1	UTP-ES-1	cell line	Ewing sarcoma			Sex unspecified	Children		CVCL_DH85	research distribution only			
EWS	SJES-1 to SJES-8	SJES1-SJES8	cell line	Ewing sarcoma			Sex unspecified	Age unspecified		CVCL_5168, CVCL_5169, CVCL_5170, CVCL_A459, CVCL_5171, CVCL_5172, CVCL_5173, CVCL_5174	St. Jude Children's Research Hospital			Eight registered St. Jude Ewing lines with essentially no curated genomic annotation - untapped resource
EWS	NCI-EWS-011 / -021 / -94 / -95	EWS-011; EWS-021; EWS-94(JR); EWS-95(SB)	cell line	Ewing sarcoma			Sex unspecified	Age unspecified		CVCL_M143; CVCL_M144; CVCL_M145; CVCL_M146	NCI			Minimal annotation
EWS	Kitra-SRS		cell line	CIC-DUX4 sarcoma	CIC::DUX4	CIC::DUX4	Female	9Y		CVCL_YI69	Osaka University (research distribution)	31676869		Autocrine IGF-1R activation; spontaneously lung-metastatic in vivo. One of the very few CIC::DUX4 models
EWS	NCC-CDS1-X1-C1	NCCCDS1X1C1	PDX-derived cell line	CIC-DUX4 sarcoma	CIC::DUX4	CIC::DUX4	Female	29Y		CVCL_YL54	NCC Japan (Division of Rare Cancer Research)	28680140	Y	Derived from PDX passage X1; same patient as NCC-CDS1-X3-C1 - not independent
EWS	NCC-CDS1-X3-C1	NCCCDS1X3C1	PDX-derived cell line	CIC-DUX4 sarcoma	CIC::DUX4	CIC::DUX4	Female	29Y		CVCL_YL55	NCC Japan	28680140	Y	Derived from PDX passage X3; same patient as X1-C1. The parent PDX is also available
EWS	NCC-CDS2-C1		cell line	CIC-DUX4 sarcoma	CIC::DUX4 (no insertion at junction)	CIC::DUX4 (no insertion at junction)	Female	50Y		CVCL_YL70	NCC Japan	31898195		Drug-response profile distinct from NCC-CDS1 lines
EWS	ECD1		cell line	CIC-DUX4 sarcoma	CIC::DUX4	CIC::DUX4	Male	31Y	metastatic, pleural effusion	CVCL_F4CT	research distribution only	16717057		HISTORIC: the line in which CIC-DUX4 was originally discovered (Kawamura-Saito 2006)
EWS	IB120		cell line	CIC-DUX4 sarcoma	CIC::DUX4	CIC::DUX4				NOT REGISTERED - no RRID	Institut Bergonie, Bordeaux	29431183		Used in Watson 2018 transcriptomic subgrouping and in the JCI Insight WEE1 study. NOT in Cellosaurus - no RRID; flag as unauthenticated
EWS	CDS PDX and PDX-derived cell lines (Rizzoli)	not individually named in abstract	PDX + PDX-derived cell line	CIC-DUX4 sarcoma	CIC::DUX4	CIC::DUX4				NOT REGISTERED in Cellosaurus	IRCCS Istituto Ortopedico Rizzoli, Bologna (K. Scotlandi)	34903601		Newly generated CDS PDX + PDX-derived lines used to define the HMGA2/IGF2BP/IGF2/IGF1R/AKT-mTOR axis and trabectedin + dactolisib sensitivity. Model IDs not indexed - contact originating lab
EWS	TC-71 xenograft	TC-71	CDX (cell-line-derived xenograft)	Ewing sarcoma	EWSR1::FLI1 type 1	EWSR1::FLI1 type 1; TP53:mut p.Arg213Ter; CDKN2A:homozygous deletion; STAG2:no mutation reported	Male	22Y	bone, humerus	CVCL_2213 (parent line)	COG/CHLA Childhood Cancer Repository (cccells.org); PPTP; PPTC	17066459;31693904		In both PPTP and PPTC Ewing in vivo panels. Strictly a CDX, not a true PDX
EWS	CHLA-258 xenograft	CHLA258	CDX	Ewing sarcoma	EWSR1::FLI1 type 3	EWSR1::FLI1 type 3; TP53:no mutation reported; CDKN2A:homozygous deletion; STAG2:no mutation reported	Female	14Y	lung metastasis	CVCL_A058 (parent line)	COG/CHLA; PPTP; PPTC	17066459;31693904		CDX, not a true PDX
EWS	EW-8 xenograft	EW8	CDX	Ewing sarcoma	EWSR1::FLI1 type 1	EWSR1::FLI1 type 1; TP53:mut p.Tyr220Cys (cnLOH in PPTC); CDKN2A:no deletion reported; STAG2:no mutation reported	Male		bone marrow	CVCL_1658 (parent line)	COG/CHLA; PPTP; PPTC	17066459;31693904	Y	"CDX. Misclassified history as ""Rh1"" rhabdomyosarcoma"
EWS	SK-NEP-1 xenograft	SKNEP1	CDX	Ewing sarcoma	EWSR1::FLI1 type 2	EWSR1::FLI1 type 2; TP53:mut p.Gly245Ser (cnLOH in PPTC); CDKN2A:homozygous deletion; STAG2:no mutation reported	Female	25Y	pleural effusion	CVCL_0631 (parent line)	ATCC; PPTP; PPTC	17066459;31693904		CDX. ATCC still labels the parent line Wilms tumor
EWS	EW-5	EW5	in vivo xenograft (no registered cell line)	Ewing sarcoma	EWSR1::FLI1 (PPTC RNA-seq)	EWSR1::FLI1 (PPTC RNA-seq); TP53:mutant, LOH via chromosome-arm deletion				NOT REGISTERED in Cellosaurus	COG/CHLA Childhood Cancer Repository; PPTP; PPTC	17066459;31693904		In vivo-only model; no corresponding Cellosaurus cell line entry despite long PPTP use
EWS	ES-6 xenograft	ES6	CDX	Ewing sarcoma	EWSR1::FLI1 ex9/ex4	EWSR1::FLI1 ex9/ex4; TP53:mutant, cnLOH; CDKN2A:no deletion reported; STAG2:mut p.Leu264Pro homozygous	Male			CVCL_1202 (parent line)	PPTC	31693904		
EWS	ES-8 xenograft	ES8	CDX	Ewing sarcoma	EWSR1::FLI1 type 2	EWSR1::FLI1 type 2; TP53:mutant, LOH via chromosome-arm deletion; CDKN2A:homozygous deletion; STAG2:no mutation reported	Male	10Y		CVCL_1204 (parent line)	PPTC	31693904		
EWS	NCH-EWS-1		true PDX	Ewing sarcoma	not RNA-seq profiled in PPTC	not RNA-seq profiled in PPTC				NOT REGISTERED in Cellosaurus	Nationwide Children's Hospital; PPTC	31693904		One of the few genuine patient-derived (not cell-line-derived) Ewing models in PPTC
EWS	PPTC Ewing panel (aggregate, n=10)		PDX + CDX	Ewing sarcoma	EWSR1::FLI1 in 100% of models profiled by RNA-seq	EWSR1::FLI1 in 100% of models profiled by RNA-seq; TP53:mutant in 7/10 (70%), 6 with cnLOH or arm-level LOH; CDKN2A:homozygous CDKN2A/B loss in 60%; STAG2:mutant in 20%; mutually exclusive with CDKN2A loss	mixed	mixed	mixed		PPTC / Alex's Lemonade Stand Foundation; models distributed via COG/CHLA	31693904		Named members identified in the paper text: NCH-EWS-1, CHLA-258, ES-6, ES-8, EW-5, EW-8, SK-NEP-1, TC-71 (remaining 2 in supplementary tables). Panel is dominated by CDX rather than true PDX - a real limitation for epigenomic fidelity claims
EWS	NCI PDMR Ewing sarcoma models	model IDs of form nnnnnn-nnn-R	PDX, PDC (patient-derived cell), PDOrg	Ewing sarcoma and rare sarcomas	various, per-model annotation	various, per-model annotation; TP53:per-model; CDKN2A:per-model; STAG2:per-model	mixed	mixed	mixed	no CVCL assigned; PDMR internal IDs	NCI Patient-Derived Models Repository, pdmr.cancer.gov (redirects to dctd.cancer.gov)			PDMR distributes Ewing/rare-sarcoma PDX, PDC and organoid models with matched WES/RNA-seq. Specific model IDs must be pulled live from the PDMR search portal - not enumerated here to avoid fabrication
EWS	MAPPYACTS pediatric PDX biobank		PDX	includes Ewing sarcoma (relapsed/refractory)	various	various; TP53:per-model; CDKN2A:per-model; STAG2:per-model	mixed	mixed	mixed	no CVCL assigned	Gustave Roussy / ITCC (MAPPYACTS trial)	37723198		Relapse/refractory-derived - genomically distinct from diagnosis-derived cell lines
EWS	ITCC-P4 PDX platform		PDX	includes Ewing sarcoma	various	various; TP53:per-model; CDKN2A:per-model; STAG2:per-model	mixed	mixed	mixed	no CVCL assigned	ITCC-P4 consortium (EU public-private)	42430560		Large European pediatric PDX platform with molecular characterisation; EuroPDX-adjacent
EWS	BCOR::CCNB3 sarcoma - NO MODEL		NONE	Sarcoma with BCOR::CCNB3 fusion	BCOR::CCNB3	BCOR::CCNB3				NONE EXISTS	NONE			CRITICAL GAP: no BCOR::CCNB3 cell line, PDX or organoid is registered in Cellosaurus (searched by fusion, gene and disease) and no establishment paper was retrievable in PubMed as of July 2026. All BCOR::CCNB3 biology to date rests on primary tumor material and ectopic-expression systems
EWS	BCOR-ITD / BCOR::MAML3 / ZC3H7B::BCOR / YWHAE::NUTM2B - NO MODEL		NONE	Sarcoma with BCOR genetic alterations (non-CCNB3)	BCOR ITD; BCOR::MAML3; ZC3H7B::BCOR; YWHAE::NUTM2B	BCOR ITD; BCOR::MAML3; ZC3H7B::BCOR; YWHAE::NUTM2B				NONE EXISTS	NONE			CRITICAL GAP: no registered cell line or PDX for any non-CCNB3 BCOR-altered round cell sarcoma
EWS	EWSR1::NFATC2 / FUS::NFATC2 - NO MODEL		NONE	Round cell sarcoma with EWSR1/FUS::NFATC2	EWSR1::NFATC2; FUS::NFATC2	EWSR1::NFATC2; FUS::NFATC2				NONE EXISTS	NONE			CRITICAL GAP: Cellosaurus contains no cell line with a curated NFATC2 fusion, and no establishment paper found. Notable given the entity's distinct methylation class and frequent fusion amplification
EWS	EWSR1::PATZ1 - NO MODEL		NONE	Round cell/spindle cell sarcoma with EWSR1::PATZ1	EWSR1::PATZ1	EWSR1::PATZ1				NONE EXISTS	NONE			GAP: no registered sarcoma cell line or PDX with EWSR1::PATZ1
EWS	CIC::NUTM1 / CIC::FOXO4 / CIC::LEUTX - NO MODEL		NONE	CIC-rearranged sarcoma, rare partners	CIC::NUTM1; CIC::FOXO4; CIC::LEUTX; CIC::NUTM2A	CIC::NUTM1; CIC::FOXO4; CIC::LEUTX; CIC::NUTM2A				NONE EXISTS	NONE			GAP: all six registered CIC-rearranged models are CIC::DUX4. No model exists for any non-DUX4 CIC partner
OS/BONE	U-2 OS	U2OS; U-2OS; U2-OS; 2T	cell_line	Osteosarcoma	LOD / FOSL1-high (reported)	TP53:Wild-type (no mutation reported); RB1:Wild-type (RB1-proficient); PPM1D p.Arg458Ter heterozygous (truncating, gain-of-function); CDKN2A/p16 silenced without homozygous deletion; no MYC amplification	Female	15Y	Primary, tibia	RRID:CVCL_0042	ATCC HTB-96; DSMZ ACC-785; ECACC; CLS 300364	6081590		Most-used OS line. LOD assignment stated in Nguyen et al. 2026 preprint citing PMID 41037662. Cellosaurus flags frequent misspellings U-205/U205. TP53-wt and RB1-wt make it atypical of clinical OS.
OS/BONE	SaOS-2	SAOS-2; Saos-2; Saos2; SaOS	cell_line	Osteosarcoma	LOD group (long-term established line; not individually reported)	TP53:TP53 homozygous gene deletion (protein-null); RB1:RB1 homozygous deletion (protein-null); Highly osteoblastic/mineralizing phenotype; classic TP53-null RB1-null background	Female	11Y	Primary, bone	RRID:CVCL_0548	ATCC HTB-85; DSMZ ACC-243; CLS 300331	327080		Canonical TP53-null/RB1-null OS model. ATCC CRL-7939 stock discontinued. Parent of the LM7 lung-metastatic subline.
OS/BONE	MG-63	MG63; M-G63	cell_line	Osteosarcoma	LOD / FOSL1-high (reported)	TP53:No point mutation reported; p53 mRNA/protein absent (gene rearrangement) - functionally p53-deficient; RB1:Wild-type; CDKN2A homozygous deletion; differentiates only to matrix-maturation stage with 1,25(OH)2D3+TGF-beta	Male	14Y	Metastatic, left femur	RRID:CVCL_0426	ATCC CRL-1427; DSMZ ACC-478; ECACC 86051601	218153		LOD assignment reported (Nguyen et al. 2026 preprint citing PMID 41037662). Cellosaurus records misspelling MGG3. Space-flown cell line.
OS/BONE	HOS	R-1059; TE85 lineage parent	cell_line	Osteosarcoma	LOD / FOSL1-high (reported)	TP53:TP53 p.Arg156Pro (c.467G>C) homozygous; RB1:Wild-type; CDKN2A homozygous deletion	Female	13Y	Primary, right femur	RRID:CVCL_0312	ATCC CRL-1543	5100401	Y	LOD assignment reported (Nguyen et al. 2026 preprint citing PMID 41037662). PARENT of 143B, MNNG/HOS, KHOS, KRIB and TE85 - all share one patient genome, so they are NOT independent biological replicates.
OS/BONE	143B	143b; 143B TK-; HOS-143B; GM05887	cell_line	Osteosarcoma		TP53:TP53 p.Arg156Pro homozygous (from HOS); RB1:Wild-type; KRAS p.Gly12Ser and p.Ala59Thr heterozygous (from Ki-MSV v-Ki-ras); CDKN2A homozygous deletion; thymidine-kinase deficient	Female	13Y	HOS derivative (patient primary, right femur)	RRID:CVCL_2270	ATCC CRL-8303	193108		Most widely used orthotopic/lung-metastasis OS model. Derivative of HOS - not an independent tumor. Cellosaurus records misspelling I43B.
OS/BONE	MNNG/HOS Cl #5	MNNG-HOS; MNNG/HOS; TE85; TE-85; HOS-TE85; R-1059-D	cell_line	Osteosarcoma		TP53:TP53 p.Arg156Pro homozygous; RB1:Wild-type; CDKN2A homozygous deletion; MNNG-transformed; cell line in which the MET (MNNG-HOS transforming, TPR-MET) oncogene was discovered	Female	13Y	HOS derivative (patient primary, right femur)	RRID:CVCL_0439	ATCC CRL-1547 (CRL-7734/CRL-7735 discontinued)	265298	Y	PROBLEMATIC NAMING: Cellosaurus lists TE85/TE-85/HOS-TE85 as synonyms of MNNG/HOS Cl #5, i.e. stocks distributed as 'TE-85' are the MNNG-transformed clone, not parental HOS. Papers citing TE-85 as a distinct line should be read with caution.
OS/BONE	KHOS/NP	KHOS; KHOS-NP; R-970-5	cell_line	Osteosarcoma		TP53:TP53 p.Arg156Pro homozygous (from HOS); RB1:Wild-type; CDKN2A homozygous deletion; doubly transformed by MNNG and Kirsten murine sarcoma virus (Ki-MSV); tumorigenic	Female	13Y	HOS derivative	RRID:CVCL_2546	ATCC CRL-1544	unknown (Rhim et al. 1975, Int J Cancer)		Virus-transformed HOS derivative; genome is HOS. Related sublines KHOS-240S and KHOS-312H exist.
OS/BONE	KRIB	Krib	cell_line	Osteosarcoma		TP53:TP53 p.Arg156Pro homozygous; RB1:Wild-type; v-Ki-ras transfected MNNG/HOS derivative; developed as spontaneous orthotopic bone-to-lung metastasis model	Female	13Y	HOS derivative	RRID:CVCL_AU05	Not a public repository (academic distribution)	8402677		HOS-lineage. Widely used for orthotopic tibial injection metastasis studies.
OS/BONE	SJSA-1	SJSA; SJSA1; OsA-CL; OSA-CL; Os-A	cell_line	Osteosarcoma		TP53:Wild-type TP53 (functional); RB1:Wild-type; MDM2 amplification (12q15) - the canonical MDM2-amplified/nutlin-sensitive OS line; co-amplified CDK4/SAS/GLI; CDKN2A hemizygous deletion; KRAS p.Gln61His and NRAS p.Gln61Lys heterozygous	Male	19Y	Primary, femur	RRID:CVCL_1697	ATCC CRL-2098	2766305		Reference model for MDM2-p53 antagonists. Cellosaurus records misspellings SISA and SJSA2.
OS/BONE	SaOS-LM7	LM7; SAOS-LM7; SaOS/LM7	cell_line	Osteosarcoma		TP53:TP53 homozygous deletion (from Saos-2); RB1:RB1 homozygous deletion (from Saos-2); Selected by 7 serial cycles through nude-mouse lung; high spontaneous lung-metastatic capacity; used for IL-11Ralpha-targeted T cells and aerosol therapy studies	Female	11Y	Lung-metastasis-selected Saos-2 derivative	RRID:CVCL_0515	Academic (Kleinerman lab, MD Anderson)	10763916		Saos-2 derivative, not an independent patient. Related sublines LM2-LM6.
OS/BONE	G-292 clone A141B1	G-292; G292	cell_line	Osteosarcoma		DAXX-KIFC3 in-frame gene fusion	Female	9Y	Primary, bone	RRID:CVCL_2909	ATCC CRL-1423	unknown (Pediatr Res 1978 abstract; DOI 10.1203/00006450-197804001-00732)		One of very few OS lines with a recurrent-type in-frame fusion.
OS/BONE	CAL-72	CAL 72; CAL72	cell_line	Osteosarcoma		TP53:unknown (reported p53-deficient in some sources; not recorded in Cellosaurus); Strongly osteoblastic phenotype; high G-CSF, GM-CSF, IL-1beta, IL-6 mRNA; HGF/c-MET autocrine loop; loss of chromosome Y	Male	10Y	Primary, knee/patella	RRID:CVCL_1113	DSMZ ACC-439	10389764		Described as phenotypically closest to normal primary osteoblasts among established OS lines.
OS/BONE	HuO9	Hu09; HUO9	cell_line	Osteosarcoma		TP53:Wild-type TP53; Established after 5 passages as a nude-mouse xenograft; osteoblastic properties	Female	13Y	Primary, right distal femur	RRID:CVCL_1298	JCRB; RIKEN	2170070		Parent of the highly metastatic sublines HuO9-M112 and HuO9-H3.
OS/BONE	HuO9-M112	Hu09-M112; M112	cell_line	Osteosarcoma		TP53:Wild-type (from HuO9); Highly lung-metastatic HuO9 subline	Female	13Y	Metastasis-selected HuO9 derivative	RRID:CVCL_R725	JCRB	12405284		HuO9 derivative. Companion highly metastatic subline HuO9-H3 (CVCL_WL11).
OS/BONE	HuO-3N1	HuO3N1; HUO3N1	cell_line	Osteosarcoma		TP53:TP53 p.Ala76fs*73 (c.225_226insT) heterozygous; Established from a nude-mouse xenograft	Female	15Y	Primary, bone	RRID:CVCL_1297	JCRB; RIKEN	3862491		JCRB-distributed line established via nude-mouse xenograft; sister line to HuO9 series by naming convention only.
OS/BONE	NOS-1	NOS1	cell_line	Osteosarcoma		Subclone NOS-1.C8 (CVCL_T745) also available	Male	16Y	Primary, left proximal tibia	RRID:CVCL_1610	JCRB; RIKEN	1449054		Cellosaurus disambiguation required: a distinct 'NOS-1 [Human HNSCC]' (CVCL_M837) exists.
OS/BONE	OHS	OHSX; OHS-50	cell_line	Osteosarcoma		TP53:TP53 p.Glu286Lys; High Helix pomatia agglutinin binding correlating with lung-metastatic capacity in nude mice	Male	14Y	Primary, distal femur	RRID:CVCL_B450	Academic (Norwegian Radium Hospital)	3459716	Y	Derived from a patient with multiple osteosarcoma appearing 13 y after prior disease. Subline OHS-4 (CVCL_R724).
OS/BONE	MHM	MHMX	cell_line	Osteosarcoma		TP53:Wild-type TP53; CDKN2A homozygous deletion	Female	41Y	Primary, pelvis	RRID:CVCL_B426	Academic (EuroBoNeT panel)	8198963		Adult-onset OS line; part of the EuroBoNeT characterized panel (PMID 19787792).
OS/BONE	ZK-58	ZK58; HOS 58	cell_line	Osteosarcoma		TP53:Wild-type TP53; Retains in vitro osteoblastic differentiation potential	Male	21Y	Primary, leg	RRID:CVCL_9920	Academic (Gottingen)	9674117		Established from a nude-mouse xenograft. Despite the alias 'HOS 58' this is unrelated to the HOS line.
OS/BONE	HAL		cell_line	Osteosarcoma		TP53:Wild-type TP53	Male	16Y	Primary, bone	RRID:CVCL_D788	Academic (EuroBoNeT panel)	19787792		Origin publication not indexed; first characterization is the EuroBoNeT effort.
OS/BONE	NY		cell_line	Osteosarcoma			Male	15Y	Primary, right femur	RRID:CVCL_1613	JCRB	6596455		
OS/BONE	Zos	ZOS	cell_line	Osteosarcoma			Male	18Y	Primary, right distal femur	RRID:CVCL_R779	Academic (Sun Yat-sen University)	18298897	Y	Syngeneic pair with Zos-M from the same patient - a rare matched primary/skip-lesion model set.
OS/BONE	Zos-M	ZOSM	cell_line	Osteosarcoma			Male	18Y	Metastatic (skip lesion, right femoral head)	RRID:CVCL_R780	Academic (Sun Yat-sen University)	18298897		Syngeneic partner of Zos.
OS/BONE	ZOSL-1		cell_line	Osteosarcoma (claimed)			Female (claimed)	12Y (claimed)	Claimed lung metastasis	RRID:CVCL_B0F2	Academic		Y	MISIDENTIFIED per Cellosaurus: 'Probably contaminated. The STR profile is identical to that of the HOS cell line.' Do not use as an independent OS model.
OS/BONE	3AB-OS		cell_line	Reported as MG-63-derived OS stem-like line						RRID:CVCL_LM95	Academic		Y	MISIDENTIFIED per Cellosaurus: 'Contaminated. Shown to be a RD derivative (personal communication of Millipore). Originally thought to be a MG-63 derivative.' Now classified as embryonal rhabdomyosarcoma (NRAS Q61H, TP53 R248W from RD); do NOT cite as an osteosarcoma or OS cancer-stem-cell model.
OS/BONE	IOR/OS9	IOR-OS9; OS-9; OS9	cell_line	Osteosarcoma		TP53:Wild-type TP53; CDKN2A homozygous deletion	Male	15Y	Metastatic, bone	RRID:CVCL_9988	Istituto Ortopedico Rizzoli / EuroBoNeT	19787792		NAMING COLLISION: 'OS-9' here is a Rizzoli cell line and is NOT the PPTC PDX model OS-9.
OS/BONE	IOR/OS10	IOR-OS10; OS-10	cell_line	Osteosarcoma		TP53:Wild-type TP53; CDKN2A homozygous deletion	Female	10Y	Primary, bone	RRID:CVCL_9989	Istituto Ortopedico Rizzoli / EuroBoNeT	19787792		
OS/BONE	IOR/OS14	IOR-OS14; OS-14	cell_line	Small cell osteosarcoma	Small cell OS (histologic)	TP53:Wild-type TP53; One of very few small-cell OS cell lines	Male	13Y	Primary, bone	RRID:CVCL_9990	Istituto Ortopedico Rizzoli / EuroBoNeT	19787792		Rare histologic-subtype-specific model.
OS/BONE	IOR/OS15	IOR-OS15; OS-15	cell_line	Osteosarcoma		TP53:Wild-type TP53; CDKN2A homozygous deletion	Female	12Y	Primary, bone	RRID:CVCL_9991	Istituto Ortopedico Rizzoli / EuroBoNeT	19787792		
OS/BONE	IOR/OS17	IOR-OS17; OS-17	cell_line	Osteosarcoma					Bone	RRID:CVCL_9992	Istituto Ortopedico Rizzoli			CRITICAL NAMING COLLISION: Cellosaurus lists 'OS-17' as a synonym of this Rizzoli line, but OS-17 is also a widely used, completely distinct PPTC/St Jude osteosarcoma PDX. Always disambiguate.
OS/BONE	IOR/OS18	IOR-OS18; OS-18	cell_line	Osteosarcoma		TP53:TP53 exon 3-4 deletion; CDKN2A homozygous deletion	Male	33Y	Metastatic, bone	RRID:CVCL_9993	Istituto Ortopedico Rizzoli / EuroBoNeT	19787792		
OS/BONE	IOR/MOS	IOR-MOS; MOS	cell_line	Osteosarcoma		TP53:TP53 c.249_572del322	Female	13Y	Primary, bone	RRID:CVCL_9986	Istituto Ortopedico Rizzoli / EuroBoNeT	19787792		
OS/BONE	IOR/SARG	IOR-SARG; SARG	cell_line	Osteosarcoma		TP53:TP53 p.Tyr205Ter (nonsense); CDKN2A hemizygous deletion	Male	25Y	Metastatic, bone	RRID:CVCL_9995	Istituto Ortopedico Rizzoli / EuroBoNeT	19787792		
OS/BONE	HS-Os-1	HSOS1	cell_line	Osteosarcoma			Female	11Y	Metastatic, left humerus	RRID:CVCL_8716	JCRB; RIKEN	1679269		In DepMap/CCLE.
OS/BONE	NCC-OS1-X2-C1	NCC-OS1-C1	cell_line	Osteosarcoma		CDKN2A p.His66Arg	Male	11Y	Primary, distal femur	RRID:CVCL_VM08	National Cancer Center Japan sarcoma cell line panel			Established from a 2nd-generation SCID xenograft; part of the NCC sarcoma panel.
OS/BONE	COS-33		cell_line	Osteosarcoma	Derived from PPTC PDX OS-33	TP53:TP53 exon 8-9 deletion, homozygous; Sustained mTOR pathway activation; rapamycin-sensitive	Female	7Y	Primary, humerus	RRID:CVCL_A8S2	Academic	32676162		PDX-derived cell line established from the third passage of PPTC PDX model OS-33 - direct bridge between the cell-line and PDX panels.
OS/BONE	OS252		cell_line	Osteosarcoma			Male		Primary, bone	RRID:CVCL_WU66	Academic	35312779		In DepMap/CCLE.
OS/BONE	OS052	PSS008	cell_line (PDX-derived, PDX-CL)	Osteosarcoma	In the EOD/LOD ATAC-seq panel; individual call in Suppl. Table S1 of PMID 41037662 (not in main text)	RB1:RB1 p.Glu465Lysfs*13 homozygous; Metastatic phenotype in vivo	Female	17Y	Primary, fibula	RRID:CVCL_C8FR	UCSF (Sweet-Cordero lab)	37703185		One of 11 UCSF PDX-derived cell lines profiled by ATAC-seq/H3K27ac to define EOD vs LOD.
OS/BONE	OS152		cell_line (PDX-CL)	Osteosarcoma	In the EOD/LOD panel; individual call in Suppl. Table S1	Highly metastatic in vivo	Female	11Y	Metastatic, scapula	RRID:CVCL_C8FS	UCSF (Sweet-Cordero lab)	37703185		
OS/BONE	OS186		cell_line (PDX-CL)	Osteosarcoma	In the EOD/LOD panel; individual call in Suppl. Table S1	Non-metastatic in vivo	Male	13Y	Metastatic, mandible/jaw	RRID:CVCL_C8FT	UCSF (Sweet-Cordero lab)	37703185		
OS/BONE	OS384		cell_line (PDX-CL)	Osteosarcoma	LOD / FOSL1-high (EXPLICITLY REPORTED)	Metastatic in vivo; used for single-nucleus RNA+ATAC multiome as the representative LOD line	Female	12Y	Primary, tibia	RRID:CVCL_C8FU	UCSF (Sweet-Cordero lab)	37703185		Explicit LOD assignment in PMID 41037662.
OS/BONE	OS457		cell_line (PDX-CL)	Osteosarcoma	Patient OS457 showed EOD signature in the diagnostic biopsy and LOD signature in the later resection/metastasis	Non-metastatic in vivo	Male	17Y	Primary, humerus	RRID:CVCL_C8FV	UCSF (Sweet-Cordero lab)	37703185		One of 4 patients (OS457-A, OS661-B, OS52-C, OS357-D) demonstrating EOD-to-LOD state switching over treatment.
OS/BONE	OS525		cell_line (PDX-CL)	Osteosarcoma	In the EOD/LOD panel; individual call in Suppl. Table S1	Highly metastatic in vivo	Female	20Y	Metastatic, lung	RRID:CVCL_C8FW	UCSF (Sweet-Cordero lab)	37703185		
OS/BONE	OS526		cell_line (PDX-CL)	Osteosarcoma	LOD / FOSL1-high (EXPLICITLY REPORTED); CRC = FOSL1, FOSL2, JUN, TEAD1, RUNX2	Metastatic in vivo; parental PDX OS526 expressed BOTH EOD and LOD protein markers (intermediate/mixed state)	Male	13Y	Primary, tibia	RRID:CVCL_C8FX	UCSF (Sweet-Cordero lab)	37703185		Used for siRNA CRC-validation as the reference LOD line in PMID 41037662.
OS/BONE	OS742		cell_line (PDX-CL)	Osteosarcoma	EOD / RUNX2-high (EXPLICITLY REPORTED); CRC = RUNX2, SATB2, SP7, ZNF148	Highly metastatic in vivo	Female	8Y	Primary, tibia	RRID:CVCL_C8FY	UCSF (Sweet-Cordero lab)	37703185		Reference EOD line for CRC siRNA knockdown experiments in PMID 41037662.
OS/BONE	OS766		cell_line (PDX-CL)	Osteosarcoma	In the EOD/LOD panel; individual call in Suppl. Table S1		Female	30Y	Metastatic, femur	RRID:CVCL_C8FZ	UCSF (Sweet-Cordero lab)	37703185		
OS/BONE	OS774		cell_line (PDX-CL)	Osteosarcoma	In the EOD/LOD panel; individual call in Suppl. Table S1		Male	14Y	Primary, tibia	RRID:CVCL_D3W0	UCSF (Sweet-Cordero lab)	37703185		
OS/BONE	OS833		cell_line (PDX-CL)	Osteosarcoma	EOD / RUNX2-high (EXPLICITLY REPORTED)	c-MYC-high; responds better to AURKB inhibitor (AZD1152/barasertib) than to trametinib in vitro; PDX833 regresses on AURKBi + MEKi combination in vivo	Male	14Y	Primary, fibula	RRID:CVCL_C8G0	UCSF (Sweet-Cordero lab)	37703185		Representative EOD line for the single-nucleus multiome and for the combination-therapy proof of concept in PMID 41037662.
OS/BONE	OS-1	OS1	PDX	Osteosarcoma		TP53:TP53 breakpoint between exons 1 and 2 (WGS); Chromothripsis assessed by WGS				unknown (no Cellosaurus AC)	PPTC / NCI PPTC; St Jude	39191826		PPTC osteosarcoma PDX panel; exome/RNA/SNP-array in PMID 31693904, WGS+RPPA in PMID 39191826.
OS/BONE	OS-2	OS2	PDX	Osteosarcoma		TP53:TP53 deletion detected by SNP array; Chromothripsis assessed by WGS	Male	14Y			PPTC; St Jude	39191826		
OS/BONE	OS-9	OS9	PDX	Osteosarcoma		One of the models most representative of RPPA proteomic group A (ATM/JAK2/mTOR/CyclinB1/53BP1/ATRX-high)					PPTC; St Jude	39191826		Do NOT confuse with the Rizzoli cell line IOR/OS9 (alias OS-9, CVCL_9988).
OS/BONE	OS-17	OS17	PDX	Osteosarcoma		TP53:TP53 breakpoint between exons 1 and 2 (WGS); Chromothripsis assessed by WGS	Male	16Y			PPTC; St Jude	39191826		Widely used OS PDX and PDX-derived culture. Do NOT confuse with the Rizzoli cell line IOR/OS17 (alias OS-17, CVCL_9992).
OS/BONE	OS-21	OS21	PDX	Osteosarcoma							St Jude (new model)	39191826		One of 4 models newly described in PMID 39191826 (with OS-39R, OS-53, OS-58).
OS/BONE	OS-29	OS29	PDX	Osteosarcoma		Most representative of RPPA group A					PPTC; St Jude	39191826		
OS/BONE	OS-31	OS31	PDX	Osteosarcoma		TP53:TP53 breakpoint between exons 1 and 2 (WGS); Chromothripsis assessed by WGS					PPTC; St Jude	39191826		
OS/BONE	OS-33	OS33	PDX	Osteosarcoma		TP53:TP53 exon 8-9 homozygous deletion in the derived line COS-33; WGS showed copy-number GAIN at TP53 whereas SNP array called a deep deletion (discordant); Source of cell line COS-33 (CVCL_A8S2) with sustained mTOR activation	Female	7Y	Primary, humerus		PPTC; St Jude	39191826	Y	Clear WGS-vs-SNP-array discordance at TP53 - caution when quoting TP53 status for this model.
OS/BONE	OS-34-SJ	OS-34; OS34	PDX	Osteosarcoma		Most representative of RPPA group A	Female	14Y			PPTC; St Jude	39191826		
OS/BONE	OS-36-SJ	OS-36; OS36	PDX	Osteosarcoma		TP53:TP53 breakpoint between exons 1 and 2 (WGS)	Female	21Y			PPTC; St Jude	39191826		
OS/BONE	OS-39R-SJ	OS39R	PDX	Osteosarcoma		Most representative of RPPA group A	Female	8Y	Relapse (R designation)		St Jude (new model)	39191826		Newly described in PMID 39191826.
OS/BONE	OS-42-SJ	OS-42; OS42	PDX	Osteosarcoma			Male	24Y			PPTC; St Jude	39191826		
OS/BONE	OS-43-SJ	OS-43; OS-43-TPMX; OS43	PDX	Osteosarcoma		TP53:TP53 breakpoint between exons 1 and 2 (WGS)	Male	13Y			PPTC; St Jude	39191826		
OS/BONE	OS-46-SJ	OS-46; OS46	PDX	Osteosarcoma			Male	12Y			PPTC; St Jude	39191826		
OS/BONE	OS-49-SJ	OS-49; OS49	PDX	Osteosarcoma			Female	8Y			PPTC; St Jude	39191826		
OS/BONE	OS-51-SJ	OS-51; OS-51-CHLX; OS51	PDX	Osteosarcoma		No exome available; clustered as a separate lineage in copy-number correlation	Male	16Y			PPTC; St Jude	39191826		
OS/BONE	OS-53-SJ	OS53	PDX	Osteosarcoma		Most representative of RPPA group B	Male	7Y			St Jude (new model)	39191826		Newly described in PMID 39191826.
OS/BONE	OS-55-SJ	OS-55; OS55	PDX	Osteosarcoma			Male	18Y			PPTC; St Jude	39191826		
OS/BONE	OS-56-SJ	OS-56; OS6-SJ; OS56	PDX	Osteosarcoma		Most representative of RPPA group B	Female	14Y			PPTC; St Jude	39191826		
OS/BONE	OS-58-SJ	OS58	PDX	Osteosarcoma		TP53:TP53 breakpoint between exons 1 and 2 (WGS)	Male	14Y			St Jude (new model)	39191826		Newly described in PMID 39191826.
OS/BONE	OS-60-SJ	OS-60; OS60	PDX	Osteosarcoma		Most representative of RPPA group B	Male	21Y			PPTC; St Jude	39191826		
OS/BONE	OS-25	OS25	PDX (claimed)	Osteosarcoma									Y	NOT VERIFIED: no PPTC/PPTP publication, Cellosaurus record or indexed full text describing an osteosarcoma xenograft named OS-25 was found. Treat as unconfirmed until a primary source is identified.
OS/BONE	NCI PDMR osteosarcoma models		PDX / PDC / PDOrg	Osteosarcoma and other sarcomas			various	various	various		NCI Patient-Derived Models Repository (pdmr.cancer.gov)			The PDMR distributes sarcoma PDX, PDC and organoid models with IDs of the form NNNNNN-NNN-R. Model-level identifiers could not be enumerated: the public catalog is an interactive database with no static list or open API, and the legacy pdmr.cancer.gov paths now redirect to dctd.cancer.gov. Query the live PDMR database directly for current bone-sarcoma model IDs.
OS/BONE	Osteosarcoma PDX-organoid interactive biobank		organoid + PDX	Osteosarcoma			various	various	various		Academic	41763214		Paired PDX/organoid biobank with reconstructed T-cell infiltration for personalized immunotherapy (Cell Rep Med 2026). Largest currently published OS organoid resource; individual model IDs not yet in Cellosaurus.
OS/BONE	K7M2-WT	K7M2; K7M2 wt	cell_line	Mouse osteosarcoma (BALB/c)		Highly pulmonary-metastatic clonal variant; syngeneic immunocompetent model; paired with poorly metastatic K12	Female	895D	Lung metastasis	RRID:CVCL_V455	ATCC CRL-2836	11315100		Standard syngeneic BALB/c OS metastasis model. The paired parental/low-metastatic line is K12 (mouse OS) - note that Cellosaurus 'K12' entries are hamster and feline lines, so cite K7M2/K12 from the primary reference.
OS/BONE	Dunn osteosarcoma	Dunn; Dunn's osteosarcoma	cell_line	Mouse osteosarcoma (C3H)		Parental line of the LM8 highly metastatic subline	Female		Bone	RRID:CVCL_W629	Academic	14173606		Classic spontaneous murine OS of C3H mice.
OS/BONE	LM8	DLM8	cell_line	Mouse osteosarcoma (C3H)		Selected by 8 cycles of in vivo lung-metastasis passage from Dunn; high spontaneous lung metastasis	Female		Lung-metastasis-selected Dunn derivative	RRID:CVCL_RL04 (Luc-LM8 derivative; parental LM8 not separately accessioned)	RIKEN; academic	9579581		Most-used immunocompetent C3H OS lung-metastasis model.
OS/BONE	POS-1		cell_line	Mouse osteosarcoma (C3H)		Spontaneous lung metastasis after paratibial injection			Bone	RRID:CVCL_0J71	Academic	12406567		Syngeneic C3H model widely used for bisphosphonate/RANKL studies.
OS/BONE	MOS-J	MOSJ	cell_line	Mouse osteosarcoma (C57BL/6J)		Spontaneous C57BL/6J osteosarcoma; poorly metastatic counterpart to POS-1/LM8	Female	2Y1M	Primary, right distal femur	RRID:CVCL_0J56	The Jackson Laboratory	12224130		Useful C57BL/6J-syngeneic model compatible with most transgenic/knockout backgrounds.
OS/BONE	UMR-106	UMR 106; UMR106	cell_line	Rat osteosarcoma		32P beta-radiation-induced; PTH-, prostaglandin- and bone-resorbing-steroid-responsive; osteoblastic		Adult	Bone	RRID:CVCL_3617	ATCC CRL-1661; ECACC	6575864		Classic rat osteoblast-like line for bone-biology (not tumor-biology) endpoints. Subline UMR-106-01 (CVCL_D580).
OS/BONE	ROS 17/2.8	ROS17/2.8; ROS-17/2.8	cell_line	Rat osteosarcoma		Highly differentiated osteoblastic phenotype; PTH-responsive; high alkaline phosphatase			Bone	RRID:CVCL_0508	Academic; ECACC	3855255		Reference rat osteoblastic line; space-flown. Origin usually cited as Majeska & Rodan 1980.
OS/BONE	U-CH1	UCH-1; UCH1	cell_line	Chordoma, sacral	Brachyury-driven notochordal	TP53:TP53 p.Pro72Arg (common germline polymorphism only - functionally TP53 wild-type); TBXT/brachyury expressed and essential (TBXT locus tandem duplication reported); the reference chordoma line	Male	56Y	Primary/recurrent, sacrum	RRID:CVCL_4988	Chordoma Foundation; ATCC CRL-3217	11579460		First validated chordoma line. Slow-growing; requires specific matrix/media. In DepMap and ENCODE. Derivative U-CH1-N (CVCL_4990).
OS/BONE	U-CH2	UCH-2; UCH2	cell_line	Chordoma, sacral	Brachyury-driven notochordal	Brachyury/TBXT positive	Female	72Y	Sacrum	RRID:CVCL_4989	Chordoma Foundation; ATCC CRL-3218	21253487		Characterized alongside U-CH1 in the Bruderlein molecular validation of putative chordoma lines - several widely circulated 'chordoma' lines were shown NOT to be chordoma in that study.
OS/BONE	MUG-Chor1	MUG-CHOR1	cell_line	Chordoma, sacral	Brachyury-driven notochordal	TP53:TP53 p.Pro72Arg polymorphism only; Brachyury/TBXT positive	Female	57Y	Sacrum (recurrent)	RRID:CVCL_9277	Chordoma Foundation; Medical University of Graz	22002331		
OS/BONE	UM-Chor1	UM-CHOR-1	cell_line	Chordoma, clival	Brachyury-driven notochordal	Brachyury/TBXT positive; first validated CLIVAL chordoma line	Male	64Y	Clivus (skull base)	RRID:CVCL_1D68	Chordoma Foundation; ATCC CRL-3270	28430034		Important because most chordoma lines are sacral; clival biology may differ. Related UM-Chor2/5/6.
OS/BONE	JHC7	Johns Hopkins Chordoma line 7	cell_line	Chordoma, sacral	Brachyury-driven notochordal	TP53:TP53 p.Arg213Leu; Brachyury/TBXT identified as a therapeutic target using this line	Female	61Y	Sacrum	RRID:CVCL_L154	Academic (Johns Hopkins)	21699479		Line in which brachyury was first nominated as a chordoma drug target.
OS/BONE	U-CH14	UCH14	cell_line	Chordoma	Brachyury-driven notochordal	TP53:TP53 p.Pro72Arg polymorphism only; CDKN2A homozygous deletion				RRID:CVCL_RA86	Chordoma Foundation			Example of a CDKN2A-deleted chordoma line; the U-CH series now spans U-CH1 to U-CH19 plus autologous multi-site sets (U-CH17P/M/S).
OS/BONE	SW 1353	SW1353; SW-1353	cell_line	Chondrosarcoma, primary central	IDH2-mutant conventional chondrosarcoma	TP53:TP53 p.Val203Leu heterozygous; IDH2 p.Arg172Ser heterozygous	Female	72Y	Primary, right humerus	RRID:CVCL_0543	ATCC HTB-94	unknown (Leibovitz 1991 book chapter; DOI 10.1007/978-94-011-3550-4_4)		The most widely used 'chondrosarcoma' line but it is dedifferentiated in culture and poorly chondrogenic - many groups regard it as a weak surrogate for conventional chondrosarcoma biology.
OS/BONE	JJ012	JJO12; JJ	cell_line	Chondrosarcoma, primary central (grade II)	IDH1-mutant conventional chondrosarcoma	TP53:TP53 p.Gly199Val; IDH1 p.Arg132Gly heterozygous; CDKN2A homozygous deletion	Male	39Y	Central chondrosarcoma	RRID:CVCL_D605	Academic (Duke/Scully lab)	8689637		Preferred IDH1-mutant conventional chondrosarcoma model; used for mutant-IDH1 inhibitor studies. Derivative JJ012-TS4 (CVCL_D901).
OS/BONE	CS-1	CS1; CHSA cell line	cell_line	Chondrosarcoma		Drug-resistant sublines CS-1/ER and CS-1/PR show cross-resistance to cisplatin and methotrexate but not doxorubicin	Male	62Y	Metastatic, humerus	RRID:CVCL_T023	Academic	12631627		Use the disambiguated Cellosaurus name 'CS-1 [Human chondrosarcoma]' - several unrelated CS-1 lines exist.
OS/BONE	HCS-2/8	HCS2/8	cell_line	Chondrosarcoma		Retains a differentiated cartilage phenotype (proteoglycan/type II collagen); source of CCN2/CTGF cartilage biology	Male	72Y	Primary, humerus	RRID:CVCL_E261	Academic (Okayama)	2736538		One of the few chondrosarcoma lines that maintains chondrocytic phenotype in culture.
OS/BONE	OUMS-27	OUMS27	cell_line	Chondrosarcoma, primary central (grade III)	IDH-wild-type conventional chondrosarcoma	IDH1 and IDH2 wild-type (explicitly tested)	Male	65Y	Metastatic, left proximal humerus	RRID:CVCL_3090	JCRB	9714054		Useful IDH-wild-type comparator to JJ012/SW1353.
OS/BONE	CAL-78	CAL78	cell_line	Dedifferentiated chondrosarcoma			Male	76Y		RRID:CVCL_1809	DSMZ ACC-448			One of the few dedifferentiated chondrosarcoma lines (with CDS17, CH03, DDCS2, L2975, L3252).
OS/BONE	Mesenchymal chondrosarcoma cell lines		cell_line	Mesenchymal chondrosarcoma	HEY1-NCOA2 fusion-positive					NONE	none			NO authenticated HEY1-NCOA2-positive mesenchymal chondrosarcoma cell line exists in Cellosaurus (searched by disease and by NCOA2/HEY1 annotation). The field relies on primary tumor tissue, rare PDXs and engineered HEY1-NCOA2 expression systems.
OS/BONE	NCC-GCTB1-C1		cell_line	Giant cell tumor of bone (malignancy in GCTB)	H3-3A G34W-mutant	H3-3A (H3F3A) p.Gly35Trp (G34W) heterozygous - the defining GCTB driver	Male	53Y	Primary, right distal radius	RRID:CVCL_A9QC	National Cancer Center Japan sarcoma cell line panel	32815117		First of the NCC-GCTB series; the only well-authenticated G34W-mutant GCTB cell line resource.
OS/BONE	NCC-GCTB2-C1		cell_line	Giant cell tumor of bone	H3-3A G34W-mutant	H3-3A p.Gly35Trp (G34W) heterozygous	Male	70Y	Primary, proximal tibia	RRID:CVCL_A0SR	National Cancer Center Japan sarcoma cell line panel	34304386		NCC-GCTB3-C1 through NCC-GCTB15-C1 also exist (CVCL_A0SS, B3VJ, C1GF, C2WT, C2WX, D4C0, D4C1, E6MF, E6MP, E6MQ).
OS/BONE	GCTB28		cell_line	Giant cell tumor of bone	unknown (H3F3A status not recorded)		Male	28Y	Primary, spine	RRID:CVCL_XF37	Academic	26801673		Luciferase derivative GCTB28-luc (CVCL_XG83). H3F3A genotype not documented in Cellosaurus - verify before using as a G34W model.
OS/BONE	CG-1		cell_line	Giant cell tumor of bone			Female	21Y	Primary, fibula	RRID:CVCL_4J65	Academic	8358942		Pre-dates the discovery of H3F3A G34W (2013); genotype unverified.
OS/BONE	UISO-GCT-1		cell_line	Giant cell tumor of bone						RRID:CVCL_XF38	Academic			Genotype unverified.
OS/BONE	Chondroblastoma cell lines		cell_line	Chondroblastoma	H3-3B K36M-mutant					NONE	none			NO chondroblastoma cell line, PDX or organoid exists in Cellosaurus (zero records under the chondroblastoma diagnosis). All H3-3B K36M functional work uses primary tissue or K36M-engineered mesenchymal/chondrocytic cells.
OS/BONE	hFOB 1.19	hFOB	cell_line	Non-malignant human fetal osteoblast (control)		TP53:Wild-type; RB1:Wild-type; SV40 large T antigen (tsA58) conditionally immortalized; temperature-sensitive	Female	Fetus	Fetal limb bone	RRID:CVCL_3708	ATCC CRL-11372			Standard non-transformed osteoblast comparator; used as the normal control in PMID 41037662 alongside IMR-90 fibroblasts.
STS	SYO-1	SYO-I; SYO1	cell_line	Synovial sarcoma	SS18::SSX2	SS18::SSX2; SS18-SSX2; CTNNB1 p.G34V	Female	19Y	Groin (primary)	CVCL_7146	Not in a public repository; distributed by originator (Kawai/Ozaki, Okayama); in DepMap ACH-001275	14744540		Most widely used SS line worldwide; workhorse for BAF/SS18-SSX and BRD9-degrader studies. STR profile via ICLAC.
STS	HS-SY-II	HS-SY-2; HSSY-II; HSSYII	cell_line	Synovial sarcoma	SS18::SSX1	SS18::SSX1; SS18-SSX1	Male	Adult	Pleural effusion (metastatic)	CVCL_8719	RIKEN BRC RCB2231; DepMap ACH-002085	1331610		Second most-used SS line. Note misspelling HS-SY-11 occurs in the literature.
STS	Yamato-SS	YAMATO; Yamato	cell_line	Synovial sarcoma	SS18::SSX1	SS18::SSX1; SS18-SSX1; TP53 p.R273C	Male	30Y	Lung (metastatic)	CVCL_6C44	RIKEN BRC RCB3577; DepMap ACH-001277	20518020		Biphasic SS; paired with Aska-SS from the same report.
STS	Aska-SS	Aska; ASKA	cell_line	Synovial sarcoma	SS18::SSX1	SS18::SSX1; SS18-SSX1	Male	27Y		CVCL_6C43	RIKEN BRC RCB3576	20518020		Biphasic SS.
STS	1273/99	1273-99; 1273	cell_line	Synovial sarcoma	SS18::SSX2	SS18::SSX2; SS18-SSX2				CVCL_N588	Distributed by originator; DepMap ACH-001270	12097301		Used in CCLE/DepMap SS panel.
STS	CME-1	CME1; CME	cell_line	Synovial sarcoma	SS18::SSX2	SS18::SSX2; SS18-SSX2	Female			CVCL_N586	Distributed by originator; DepMap ACH-001322	7736791	Y	Listed by Cellosaurus as a transformed (not cancer) cell line - use with caution.
STS	Fuji	FUJI	cell_line	Synovial sarcoma	SS18::SSX2	SS18::SSX2; SS18-SSX2	Female	60Y		CVCL_D880	Distributed by originator; DepMap ACH-001272	2171298		Monophasic SS.
STS	YaFuSS		cell_line	Synovial sarcoma	SS18::SSX1	SS18::SSX1; SS18-SSX1	Male	28Y		CVCL_L809	Distributed by originator	15814652		Monophasic SS.
STS	HSS-84		cell_line	Synovial sarcoma			Female	50Y		CVCL_N592				Biphasic SS; poorly characterized.
STS	GUSS-3	Georgetown University Synovial Sarcoma-3	cell_line	Synovial sarcoma			Male	12Y		CVCL_N591				PEDIATRIC (12y). Biphasic SS; GUSS-3b (CVCL_LG31) is a subclone. Fusion status not annotated in Cellosaurus.
STS	Hs 192.T		cell_line	Synovial sarcoma			Male	8Y		CVCL_N580	ATCC-derived Hs series			PEDIATRIC (8y). Old ATCC Hs-series line; fusion never confirmed - treat identity as unverified.
STS	Hs 197.T		cell_line	Synovial sarcoma			Male	13Y		CVCL_N582	ATCC-derived Hs series			PEDIATRIC (13y). Fusion never confirmed.
STS	ICR-SS-1		cell_line	Synovial sarcoma			Male	21Y	Hypodermis (primary)	CVCL_C6LR				AYA.
STS	NCC-SS1-C1	NCCSS1C1	cell_line	Synovial sarcoma	SS18::SSX	SS18::SSX	Female	72Y		CVCL_VG70	NCC sarcoma cell line panel (National Cancer Center, Japan)	29450702		NCC panel line; distributed on request from NCC Japan.
STS	NCC-SS2-C1	NCCSS2C1	cell_line	Synovial sarcoma	SS18::SSX	SS18::SSX	Female	43Y		CVCL_VE84	NCC sarcoma cell line panel			NCC panel line.
STS	NCC-SS3-C1		cell_line	Synovial sarcoma	SS18::SSX	SS18::SSX	Female	48Y		CVCL_ZC97	NCC sarcoma cell line panel			NCC panel line.
STS	NCC-SS4-C1		cell_line	Synovial sarcoma	SS18::SSX	SS18::SSX	Male	60Y		CVCL_A6FC	NCC sarcoma cell line panel			NCC panel line.
STS	NCC-SS5-C1		cell_line	Synovial sarcoma	SS18::SSX	SS18::SSX	Female	75Y		CVCL_C1GG	NCC sarcoma cell line panel			NCC panel line.
STS	NCC-SS6-C1		cell_line	Synovial sarcoma	SS18::SSX	SS18::SSX	Female	18Y	Thoracic cavity (primary)	CVCL_E3AB	NCC sarcoma cell line panel			AYA (18y) - the most pediatric-relevant NCC SS line.
STS	SW982	SW-982; SW 982	cell_line	NOT synovial sarcoma (see notes)	none - no SS18::SSX	none - no SS18::SSX; BRAF p.V600E heterozygous; MPDZ homozygous deletion	Female		Synovium	CVCL_1734	ATCC HTB-93; DSMZ/BCRC/CLS; DepMap ACH-001274		Y	FLAG - Cellosaurus Caution: stated to be biphasic SS but lacks SS18::SSX1/SSX2. BRAF V600E is not a synovial sarcoma lesion. Widely misused as an SS model; results from SW982 should not be attributed to synovial sarcoma.
STS	MoJo		cell_line	Synovial sarcoma	SS18::SSX (reported)	SS18::SSX (reported)				unknown - NOT in Cellosaurus			Y	FLAG - no Cellosaurus/RRID entry found; identity and provenance unverifiable. Do not cite an RRID.
STS	hSS-005R		cell_line	Synovial sarcoma						CVCL_A2EV	Patent CN110106150B only			Only source is a Chinese patent; no peer-reviewed characterisation.
STS	ST88-14	ST8814; 88-14; NF188-14	cell_line	MPNST	NF1-associated	NF1-associated; NF1 p.R304* germline + heterozygous NF1 deletion; CDKN2A homozygous deletion	Male	24Y	Retroperitoneum	CVCL_8916	Distributed by originator (no central repository)			The reference NF1-MPNST line. PRC2-intact in most reports - check H3K27me3 status before using as a PRC2-null model.
STS	S462	Patient 6 cell line	cell_line	MPNST	NF1-associated	NF1-associated; NF1 het deletion; TP53 het deletion; CDKN2A/B het deletion; ploidy 3.85	Female	19Y	Thigh	CVCL_1Y70	Distributed by originator; DepMap ACH-002693	15207265		AYA-derived. Widely used; SUZ12 loss reported - a genuine PRC2-null MPNST model.
STS	S462.TY	S462TY; S462-TY	cell_line	MPNST	NF1-associated	NF1-associated; Inherits S462 alterations; selected in vivo for tumourigenicity	Female	19Y	Thigh	CVCL_JK02	Distributed by originator	18281493		In vivo-selected derivative of S462; more aggressive xenograft growth.
STS	sNF96.2	SNF96.2; sNF96-2	cell_line	MPNST	NF1-associated	NF1-associated; NF1-mutant	Male	27Y	Lower-leg nerve	CVCL_K281	ATCC CRL-2884			One of very few MPNST lines available from ATCC.
STS	sNF02.2	sNF02-2	cell_line	MPNST	NF1-associated	NF1-associated; NF1-mutant	Male	35Y	Lung (metastatic)	CVCL_K280	ATCC CRL-2885	14762442		Available from ATCC.
STS	sNF94.3		cell_line	MPNST	NF1-associated	NF1-associated; NF1-mutant	Female	43Y	Lung (metastatic)	CVCL_K164	ATCC CRL-2886			Companion to sNF96.2/sNF02.2.
STS	NMS-2		cell_line	MPNST	NF1-associated	NF1-associated; NF1 het deletion; CDKN2A/B het deletion; ploidy 4.56	Male	30Y	Thigh	CVCL_4662	RIKEN BRC RCB2347	9849858		Available from RIKEN - one of the few repository-deposited MPNST lines.
STS	NMS-2PC		cell_line	MPNST	NF1-associated	NF1-associated; As NMS-2	Male	30Y	Retroperitoneum (metastatic)	CVCL_L810				Metastasis-derived companion to NMS-2.
STS	90-8TL	NF90-8; MPNST 90-8TL; NF190-8	cell_line	MPNST	NF1-associated	NF1-associated; NF1 germline het deletion; CDKN2A and CDKN2B homozygous deletion; ploidy 3.56	Female	17Y	Left forearm	CVCL_1B47	Distributed by originator	1568246		PEDIATRIC/AYA (17y). Commonly used PRC2-null MPNST model.
STS	T265	T265-2c; T265p21	cell_line	MPNST	NF1-associated	NF1-associated; Inherits ST88-14 genotype (CDKN2A homozygous del, NF1 het del)	Male	24Y	Retroperitoneum	CVCL_S805	Distributed by originator		Y	FLAG - Cellosaurus Problematic: CONTAMINATED, shown to be a ST88-14 derivative (PMID 36818284). Do not treat T265 and ST88-14 as independent models.
STS	STS-26T	STS26T; STS26	cell_line	NOT MPNST - melanoma	none	none; BRAF V600E; TP53 homozygous deletion; functional PRC2; ploidy 4.05	Female	51Y	Left scapula (metastatic)	CVCL_8917	Distributed by originator; DepMap ACH-002695	8094415	Y	FLAG - Cellosaurus Problematic: MISCLASSIFIED. Methylome classifier, SOX9/SOX10/S100B expression, intact PRC2 and BRAF V600E all indicate melanoma, not MPNST (PMID 36818284). Frequently used as the 'NF1-wild-type MPNST' comparator - that usage is invalid.
STS	MPNST724	MPNST-724	cell_line	MPNST	sporadic (non-NF1 annotated)	sporadic (non-NF1 annotated)				CVCL_AU20	Distributed by originator			Sparse characterisation.
STS	MPNST642	MPNST-642	cell_line	MPNST	NF1-associated	NF1-associated; NF1-mutant	Male	21Y		CVCL_AU19	Distributed by originator			AYA.
STS	MPNST14	MPNST-14	cell_line	MPNST	NF1-associated	NF1-associated; NF1-mutant	Male			CVCL_AU21	Distributed by originator	19890883		
STS	MPNST-90 / MPNST-91 / MPNST-92		cell_line	MPNST	NF1-associated	NF1-associated; NF1-mutant	Female	15Y	Right thigh (MPNST-91 metastatic)	CVCL_J355 / CVCL_J356 / CVCL_J357	Distributed by originator			PEDIATRIC (15y). Three lines from the same 15-year-old NF1 patient - a rare truly pediatric MPNST model set.
STS	NCC-MPNST5-C1	NCCMPNST5C1	cell_line	MPNST	NF1-associated	NF1-associated	Female	9Y		CVCL_YU17	NCC sarcoma cell line panel	32099531		PEDIATRIC (9y) - the youngest MPNST cell line available.
STS	NCC-MPNST1-C1	NCCMPNST1C1	cell_line	MPNST	NF1-associated	NF1-associated	Female	37Y		CVCL_YU12	NCC sarcoma cell line panel	32099531		NCC panel.
STS	NCC-MPNST2-C1	NCCMPNST2C1	cell_line	MPNST	sporadic	sporadic	Male	54Y		CVCL_YU13	NCC sarcoma cell line panel	32099531		NCC panel.
STS	NCC-MPNST3-C1	NCCMPNST3C1	cell_line	MPNST	NF1-associated	NF1-associated	Male	72Y		CVCL_YU14	NCC sarcoma cell line panel	32099531		Paired with NCC-MPNST3-X2-C1 (CVCL_YU15), a xenograft-passaged derivative.
STS	NCC-MPNST4-C1	NCCMPNST4C1	cell_line	MPNST	sporadic	sporadic	Male	48Y		CVCL_YU16	NCC sarcoma cell line panel	32099531		NCC panel.
STS	NCC-MPNST6-C1		cell_line	MPNST	sporadic	sporadic	Male	72Y	Right thigh, hypodermis	CVCL_B4H4	NCC sarcoma cell line panel			NCC panel.
STS	JH-2-002		cell_line	MPNST	NF1-associated	NF1-associated; NF1-null; used in SHP2/MEK/CDK4-6 combination studies				unknown - NOT in Cellosaurus	Johns Hopkins NF1 biospecimen repository (Pratilas lab)	32561749	Y	Real and widely used (JH-2-002, JH-2-079c, JH-2-031, JH-2-103) but has NO Cellosaurus accession - do not fabricate an RRID. Provenance: Johns Hopkins nerve sheath tumor repository.
STS	NF1-08-CL / NF1-09-CL	MPNST-NF1-08-CL / -09-CL	cell_line	MPNST	NF1-associated	NF1-associated; NF1-mutant	Male / Female	28Y / 35Y	Dorsal penile nerve / sciatic nerve	CVCL_E5GK / CVCL_E5GL	Distributed by originator			Recently derived NF1-MPNST pair.
STS	2XSB		cell_line	MPNST	sporadic	sporadic	Female	57Y	Right brachial nerve	CVCL_A7NI	Distributed by originator			
STS	RsNF		cell_line	MPNST	NF1-associated	NF1-associated	Female	23Y	Right thigh skin	CVCL_D4AA	Distributed by originator	37938540		Recurrent MPNST line.
STS	JN-DSRCT-1	JN-DSRCT	cell_line	Desmoplastic small round cell tumor	EWSR1::WT1 (EWSR1 ex10-WT1 ex8)	EWSR1::WT1 (EWSR1 ex10-WT1 ex8); EWSR1-WT1	Male	7Y	Pleural effusion (metastatic)	CVCL_9W68	Distributed by originator (Nishio, Japan)	12218078	Y	PEDIATRIC (7y). The reference DSRCT line and the only one derived from a child. A SLFN11-knockout derivative exists (JN-DSRCT-SLFN11-KO, CVCL_C6N7).
STS	BER-DSRCT		cell_line	Desmoplastic small round cell tumor	EWSR1::WT1 (EWSR1 ex7-WT1 ex8)	EWSR1::WT1 (EWSR1 ex7-WT1 ex8); EWSR1-WT1; near-triploid	Female			CVCL_B5EH	Distributed by originator (MD Anderson)	23759995		Rare ex7 fusion isoform - useful for isoform-dependent enhancer studies.
STS	BOD-DSRCT		cell_line	Desmoplastic small round cell tumor	EWSR1::WT1	EWSR1::WT1; EWSR1-WT1				CVCL_B5EI	Distributed by originator (MD Anderson)	23759995		Companion to BER-DSRCT.
STS	SK-DSRCT1	SK-DSRCT-1	cell_line	Desmoplastic small round cell tumor	EWSR1::WT1 (EWSR1 ex10-WT1 ex8)	EWSR1::WT1 (EWSR1 ex10-WT1 ex8); EWSR1-WT1	Female	21Y	Ascites	CVCL_B5EF	Distributed by originator (MSKCC)	34841430		AYA.
STS	SK-DSRCT2	SK-DSRCT-2	cell_line	Desmoplastic small round cell tumor	EWSR1::WT1 (EWSR1 ex9-WT1 ex8)	EWSR1::WT1 (EWSR1 ex9-WT1 ex8); EWSR1-WT1	Male	20Y	Abdomen (metastatic)	CVCL_B5EG	Distributed by originator (MSKCC)	34841430		AYA. Rare ex9 isoform; the MSKCC panel also includes matched PDX models.
STS	JN-DSRCT-2		cell_line	Desmoplastic small round cell tumor	EWSR1::WT1 (reported)	EWSR1::WT1 (reported)				unknown - NOT in Cellosaurus			Y	FLAG - no Cellosaurus entry; existence not verifiable from Cellosaurus. Do not assign an RRID.
STS	ASPS-1	Alveolar Soft Part Sarcoma-1	cell_line	Alveolar soft part sarcoma	ASPSCR1::TFE3 (ASPL-TFE3)	ASPSCR1::TFE3 (ASPL-TFE3); ASPSCR1-TFE3	Female	39Y	Lymph node (metastatic)	CVCL_S738	NCI (Helman/Kenney lab); NCI DTP-associated; also maintained as an NCI PDX	21552147		The reference ASPS model and the only widely distributed one; grows slowly and is best maintained as a serially passaged xenograft.
STS	ASPS-KY		cell_line	Alveolar soft part sarcoma	ASPSCR1::TFE3	ASPSCR1::TFE3; ASPSCR1-TFE3	Female	27Y	Lung (metastatic)	CVCL_S737	Distributed by originator (Japan)	19380023		
STS	NCC-ASPS1-C1		cell_line	Alveolar soft part sarcoma	ASPSCR1::TFE3	ASPSCR1::TFE3	Female	27Y	Thigh (primary)	CVCL_ZZ81	NCC sarcoma cell line panel	32648033		NCC panel.
STS	NCC-ASPS2-C1		cell_line	Alveolar soft part sarcoma	ASPSCR1::TFE3	ASPSCR1::TFE3	Male	11Y	Abdominal wall, hypodermis	CVCL_E2T7	NCC sarcoma cell line panel	38478355		PEDIATRIC (11y) - the only pediatric ASPS cell line known.
STS	9927 AlS SIO		cell_line	Alveolar soft part sarcoma	ASPSCR1::TFE3	ASPSCR1::TFE3	Male	21Y	Lung (metastatic)	CVCL_D2PV	Istituto Ortopedico Rizzoli			AYA.
STS	Kitra-ASP		cell_line	Alveolar soft part sarcoma						unknown - NOT in Cellosaurus			Y	FLAG - not found in Cellosaurus. The Kitra series does include Kitra-SRS (CIC-DUX4); an ASPS member could not be verified.
STS	SU-CCS-1	Su-CCS-1; SUCCS1	cell_line	Clear cell sarcoma of soft tissue	EWSR1::ATF1 type 1 (EWSR1 ex8-ATF1 ex4)	EWSR1::ATF1 type 1 (EWSR1 ex8-ATF1 ex4); EWSR1-ATF1; MITF-driven	Female	16Y	Pleural effusion (metastatic)	CVCL_B470	ATCC CRL-2971	6362860		PEDIATRIC/AYA (16y). The most accessible CCS line (ATCC) and the reference model for MITF biology.
STS	DTC-1	DTC1	cell_line	Clear cell sarcoma of soft tissue	EWSR1::ATF1 type 1	EWSR1::ATF1 type 1; EWSR1-ATF1			Pleural effusion (metastatic)	CVCL_0J31	Distributed by originator	7753552		
STS	MP-CCS-SY	Miyazaki Pediatrics-Clear cell Sarcoma-SY	cell_line	Clear cell sarcoma of soft tissue	EWSR1::ATF1 type 1	EWSR1::ATF1 type 1; EWSR1-ATF1	Female	17-18Y	Left femur (metastatic)	CVCL_0J33	Distributed by originator (Miyazaki, Japan)	12072203		PEDIATRIC/AYA (17-18y).
STS	KAS		cell_line	Clear cell sarcoma of soft tissue	EWSR1::ATF1 type 3	EWSR1::ATF1 type 3; EWSR1-ATF1 type 3	Male	25Y	Lymph node	CVCL_E2TN	Distributed by originator	12527906		Rare type-3 fusion variant.
STS	HS-MM		cell_line	Clear cell sarcoma of soft tissue	unknown (fusion not annotated)	unknown (fusion not annotated)	Male	39Y	Pleural effusion (metastatic)	CVCL_W472	Distributed by originator	2095846		Fusion status not confirmed in Cellosaurus - verify before using as a fusion-driven model.
STS	Hewga-CCS		cell_line	Clear cell sarcoma of soft tissue	EWSR1::ATF1 type 2 (EWSR1 ex7-ATF1 ex5)	EWSR1::ATF1 type 2 (EWSR1 ex7-ATF1 ex5); EWSR1-ATF1 type 2; MET-driven	Female	34Y	Skin (metastatic)	CVCL_0J32	Distributed by originator (Japan)	24946937		Type-2 fusion; used for MET/pazopanib studies.
STS	KAO	Kao	cell_line	Clear cell sarcoma of soft tissue			Female	9Y		CVCL_W455				PEDIATRIC (9y) - the youngest CCS line; poorly characterized.
STS	MST-1 / MST-2 / MST-3	MST1 / MST2 / MST3	cell_line	Clear cell sarcoma of soft tissue			F / M / M	14Y / 60Y / 34Y	Knee / knee / groin	CVCL_0J34 / CVCL_0J35 / CVCL_0J36	Distributed by originator			MST-1 is PEDIATRIC (14y).
STS	GG-62	GG62	cell_line	Clear cell sarcoma of soft tissue			Female	25Y	Fibula	CVCL_9707				
STS	UM-CCS-1	UM-CCS1	cell_line	Clear cell sarcoma of soft tissue			Female	60Y	Quadriceps	CVCL_0J37	Distributed by originator			
STS	MUG-Lucifer-prim / MUG-Lucifer-met	MUG Lucifer prim / met	cell_line	Clear cell sarcoma of soft tissue	EWSR1::ATF1	EWSR1::ATF1; EWSR1-ATF1	Female	23Y / 24Y	Knee synovium (primary) / pleural effusion (metastatic)	CVCL_D4AG / CVCL_D4AH	DSMZ ACC-958 (prim)	36710341		Matched primary/metastasis pair, and one of only two CCS lines in a major public repository.
STS	NCC-CCS1B-C1	NCCCCS1BC1	cell_line	Clear cell sarcoma of soft tissue	EWSR1::ATF1	EWSR1::ATF1	Female	43Y	Left thigh hypodermis (metastatic)	CVCL_B3TS	NCC sarcoma cell line panel	29197033		Family also includes NCC-CCS1-X4-C1 (CVCL_B3TR) and NCC-CCS1B-X2-C1 (CVCL_B3TT), xenograft-passaged derivatives.
STS	VA-ES-BJ	VAESBJ	cell_line	Epithelioid sarcoma	SMARCB1-deficient (proximal-type behavior)	SMARCB1-deficient (proximal-type behaviour); SMARCB1 loss; NF2 p.S87* homozygous; near-triploid	Male	41Y	Bone marrow (metastatic)	CVCL_1785	ATCC CRL-2138; DSMZ ACC-328; ECACC 94092303; DepMap ACH-001702			Most widely used epithelioid sarcoma model; has public H3K27ac, H3K27me3 and H3K4me3 ChIP-seq. An isogenic SMARCB1(BAF47)-restored derivative exists (VA-ES-BJ BAF47, CVCL_QW58) - ideal for enhancer-rescue experiments.
STS	Epi-544	Epi544	cell_line	Epithelioid sarcoma	SMARCB1-deficient	SMARCB1-deficient; SMARCB1 homozygous deletion	Female			CVCL_N843	Distributed by originator	26365879		Used in tazemetostat/EZH2 preclinical work.
STS	HS-ES-1	HS-ES-1M; HEES	cell_line	Epithelioid sarcoma	SMARCB1-deficient	SMARCB1-deficient; SMARCB1 heterozygous deletion	Male	60Y		CVCL_8713	RIKEN BRC RCB2364	26365879		Available from RIKEN.
STS	HS-ES-2M	HSES2M	cell_line	Epithelioid sarcoma	SMARCB1-deficient	SMARCB1-deficient; SMARCB1 heterozygous deletion	Male		Lung (metastatic)	CVCL_8714	RIKEN BRC RCB2360	28945250		Has public H3K27ac/H3K27me3/H3K4me3 ChIP-seq; isogenic BAF47-restored derivative exists (HS-ES-2M BAF47, CVCL_QW56).
STS	FU-EPS-1	Fukuoka University-Epithelioid Sarcoma-1	cell_line	Epithelioid sarcoma	SMARCB1-deficient	SMARCB1-deficient	Male	21Y	Right axillary lymph node (metastatic)	CVCL_E311	Distributed by originator	16010416		AYA.
STS	YCUS-5	Yokohama City University Sarcoma-5	cell_line	Epithelioid sarcoma	SMARCB1-deficient (presumed)	SMARCB1-deficient (presumed)	Female	3Y		CVCL_N853	Distributed by originator	10398195		PEDIATRIC (3y) - the youngest epithelioid sarcoma line known. SMARCB1 status not annotated in Cellosaurus; confirm before use.
STS	CCLF-PEDS-0008-T	CCLF_PEDS_0008_T	cell_line	Epithelioid sarcoma	SMARCB1-deficient	SMARCB1-deficient	Female	17Y	Hypodermis (metastatic)	CVCL_B3PM	Broad Institute Cancer Cell Line Factory (CCLF) pediatric project			PEDIATRIC (17y). Modern, genomically annotated pediatric line.
STS	ES-OMC-MN		cell_line	Epithelioid sarcoma	SMARCB1-deficient	SMARCB1-deficient	Female	44Y		CVCL_5242	Distributed by originator			
STS	Asra-EPS		cell_line	Epithelioid sarcoma	SMARCB1-deficient	SMARCB1-deficient	Male	67Y		CVCL_W949	Distributed by originator			
STS	G-401	G401	cell_line	Rhabdoid tumor of the kidney	SMARCB1-deficient	SMARCB1-deficient; SMARCB1 homozygous deletion	Male	3M	Kidney	CVCL_0270	ATCC CRL-1441; ECACC 87042204; JCRB9065; BCRJ 0418; DepMap ACH-000096		Y	FLAG - Cellosaurus Problematic: MISCLASSIFIED. Originally distributed as a Wilms tumor line; it is a kidney rhabdoid tumor line (PMIDs 8382007, 30924592). The most-used rhabdoid model; has public H3K27ac/H3K27me3/H3K4me3 ChIP-seq and methylation data. An isogenic BAF47-restored derivative exists (G-401 BAF47, CVCL_QW55).
STS	A-204	A204	cell_line	Listed by Cellosaurus as embryonal rhabdomyosarcoma	SMARCB1 p.Q182Afs*28 heterozygous	SMARCB1 p.Q182Afs*28 heterozygous; SMARCB1 frameshift	Female	1Y	Muscle	CVCL_1058	ATCC HTB-82; DSMZ ACC-250; ICLC HTL99002; DepMap ACH-000201			FLAG - identity disputed. Cellosaurus now classifies A-204 as embryonal RHABDOMYOSARCOMA, not rhabdoid tumor, yet it is SMARCB1-mutant and is routinely used as a rhabdoid/SWI-SNF model. State the classification you are using explicitly. ATCC CRL-7900 lot is discontinued.
STS	TTC-549	TTC549	cell_line	Extrarenal rhabdoid tumor	SMARCB1-deficient	SMARCB1-deficient; SMARCB1 homozygous deletion	Female	6M	Liver	CVCL_8005	Distributed by originator (Triche, CHLA); DepMap ACH-001211			INFANT (6m). ENCODE tier-3 cell type.
STS	TTC-642	TTC642	cell_line	Extrarenal rhabdoid tumor	SMARCB1-deficient	SMARCB1-deficient; Karyotype 45,XX,-22	Female	5M	Neck (metastatic)	CVCL_8006	Distributed by originator (Triche, CHLA); DepMap ACH-001212		Y	INFANT (5m). FLAG - Cellosaurus Problematic: POSSIBLY MISIDENTIFIED (Y chromosome present in a line stated to be female by STR).
STS	TTC-1240	TTC1240	cell_line	Rhabdoid tumor of the kidney	SMARCB1-deficient	SMARCB1-deficient; SMARCB1 loss	Female	9M	Brain (metastatic)	CVCL_8002	Distributed by originator (Triche, CHLA); DepMap ACH-001210			INFANT (9m). Isogenic BAF47-restored derivative exists (TTC1240 BAF47, CVCL_QW57).
STS	Tm87-16	TM87-16; TM87	cell_line	Extrarenal rhabdoid tumor	SMARCB1-deficient	SMARCB1-deficient; SMARCB1 homozygous deletion; 46,XY,t(11;22)(p15.5;q11.23)	Male	1Y9M	Pleural effusion (metastatic)	CVCL_8001	Distributed by originator; DepMap ACH-000172	1747867		INFANT/TODDLER.
STS	TTC-709	TTC709	cell_line	Extrarenal rhabdoid tumor	SMARCB1-deficient	SMARCB1-deficient				CVCL_8007	Distributed by originator (Triche, CHLA)			
STS	KP-MRT-NS	Kyoto Pediatrics-MRT-NS	cell_line	Rhabdoid tumor of the kidney	SMARCB1-deficient	SMARCB1-deficient; SMARCB1 loss	Female	11M	Ascites (metastatic)	CVCL_7050	Distributed by originator (Kyoto)			INFANT (11m).
STS	KP-MRT-RY	KPMRTRY	cell_line	Rhabdoid tumor of the kidney	SMARCB1-deficient	SMARCB1-deficient; SMARCB1 loss	Male	1M	Kidney	CVCL_7051	Distributed by originator (Kyoto)			NEONATE (1 month) - the youngest rhabdoid model.
STS	KP-MRT-YM / KP-MRT-KS / KP-MRT-KSa / KP-MRT-HS		cell_line	Extrarenal rhabdoid tumor	SMARCB1-deficient	SMARCB1-deficient; SMARCB1 loss	M / F / F / unknown	5M / 7M / 7M / child	Chest wall / neck / ascites / unknown	CVCL_7052 / CVCL_A2FN / CVCL_A2FP / CVCL_A2FQ	Distributed by originator (Kyoto)			INFANTS. KP-MRT-KS and KP-MRT-KSa are matched primary/ascites pair.
STS	MP-MRT-AN	Miyazaki Pediatrics-MRT-AN	cell_line	Extrarenal rhabdoid tumor	SMARCB1-deficient	SMARCB1-deficient; SMARCB1 loss	Female	3M	Peripheral blood	CVCL_7049	Distributed by originator (Miyazaki)			INFANT (3m).
STS	STA-WT-1	STA-WT1; WT	cell_line	Listed as Wilms tumor; SMARCB1-deleted	SMARCB1 heterozygous deletion	SMARCB1 heterozygous deletion; SMARCB1 het deletion	Male	1Y9M	Kidney	CVCL_6D82	Children's Cancer Research Institute, Vienna			FLAG - annotated as Wilms tumor but carries SMARCB1 deletion and is frequently used as a rhabdoid model. Classification ambiguous; state your assumption.
STS	WT-CLS1	CLS1	cell_line	Rhabdoid tumor of the kidney	SMARCB1-deficient	SMARCB1-deficient; SMARCB1 loss	Female	5Y	Kidney	CVCL_5904	CLS 300379		Y	FLAG - Cellosaurus Problematic: MISCLASSIFIED. Sold as a Wilms tumor line but is a kidney rhabdoid tumor line.
STS	JMU-RTK-1 / JMU-RTK-2	JMURTK1 / JMURTK2	cell_line	Rhabdoid tumor of the kidney	SMARCB1-deficient	SMARCB1-deficient; SMARCB1 loss	Male / Female	4M / 4M	Kidney / CSF (metastatic)	CVCL_4W57 / CVCL_4W58	Distributed by originator (Japan)	19383826		INFANTS (4m).
STS	STM91-01	STM-91-01	cell_line	Rhabdoid tumor of the kidney	SMARCB1-deficient	SMARCB1-deficient; SMARCB1 loss	Male	8M	Lung (metastatic)	CVCL_8000	Distributed by originator			INFANT.
STS	NCI-H2004RT	NCIH2004RT	cell_line	Rhabdoid tumor of the kidney	SMARCB1-deficient	SMARCB1-deficient; SMARCB1 loss				CVCL_WS70	NCI			
STS	NCC-MRT1-C1		cell_line	Extrarenal rhabdoid tumor	SMARCB1-deficient	SMARCB1-deficient	Female	18Y	Left thigh hypodermis	CVCL_C4MW	NCC sarcoma cell line panel	35927606		AYA (18y) - unusually old for MRT; useful as an adolescent extrarenal rhabdoid model.
STS	BT-12	BT12	cell_line	ATRT	SMARCB1-deficient; subgroup not annotated in Cellosaurus	SMARCB1-deficient; subgroup not annotated in Cellosaurus; SMARCB1 loss	Female	2M	Brain, posterior fossa	CVCL_M155	Biegel lab (CHOP); NCI Pediatric Preclinical Testing Program (PPTP) panel; DepMap ACH-000160	17446062		INFANT (2m). PPTP panel member - drug-response data publicly available.
STS	BT-16	BT16	cell_line	ATRT	SMARCB1-deficient	SMARCB1-deficient; SMARCB1 loss	Male	2Y	Brain	CVCL_M156	Biegel lab (CHOP); DepMap ACH-001020	17446062		Commonly used with BT-12 as an ATRT pair.
STS	BT-37	BT37; BT37 AT/RT	PDX	ATRT	SMARCB1-deficient	SMARCB1-deficient; SMARCB1 loss			Brain	CVCL_JL57	Biegel lab (CHOP); PPTP/PPTC xenograft panel	25638158		One of the standard ATRT xenograft models in the PPTP/PPTC panel.
STS	CHLA-266	CHLA266	cell_line	ATRT	SMARCB1-deficient	SMARCB1-deficient; SMARCB1 loss	Female	2Y6M	Brain, posterior fossa	CVCL_M149	Children's Oncology Group (COG) cell line repository at CHLA; PPTP panel; DepMap ACH-001031			Available through the COG/CHLA repository - one of the few ATRT lines with a real distribution route.
STS	CHLA-05-ATRT		cell_line	ATRT	SMARCB1-deficient	SMARCB1-deficient; SMARCB1 loss	Male	2Y8M	Brain, frontal lobe	CVCL_AQ41	ATCC CRL-3037; COG/CHLA repository	24300787		Available from ATCC.
STS	CHLA-06-ATRT	CHLA-06	cell_line	ATRT	SMARCB1-deficient	SMARCB1-deficient; SMARCB1 loss	Female	4M	Brain, cerebellum	CVCL_AQ42	ATCC CRL-3038; COG/CHLA repository; DepMap ACH-001028	24300787		INFANT (4m). Available from ATCC.
STS	CHLA-02-ATRT / CHLA-04-ATRT	CHLA-02 / CHLA-04	cell_line	ATRT	SMARCB1-deficient	SMARCB1-deficient; SMARCB1 loss	Male / Male	1Y8M / 1Y8M	Brain / lateral+third ventricle	CVCL_B045 / CVCL_0F38	COG/CHLA repository			INFANTS.
STS	COG-AR-359 / COG-AR-382	COGAR359 / COGAR382	cell_line	ATRT	SMARCB1-deficient	SMARCB1-deficient; SMARCB1 loss	Male / Male	child / child	Brain	CVCL_RS25 / CVCL_RS26	Children's Oncology Group cell line repository; DepMap ACH-001289 (COG-AR-359)			PAEDIATRIC. COG repository lines.
STS	Atrt95		cell_line	ATRT	SMARCB1-deficient	SMARCB1-deficient; SMARCB1 loss	Female	3Y	Brain	CVCL_M154	Distributed by originator	9786246		
STS	KCCF1	Kids Cancer Care Foundation 1	cell_line	ATRT	SMARCB1-deficient	SMARCB1-deficient; SMARCB1 loss	Male	2M	CSF	CVCL_M157	Distributed by originator			INFANT (2m).
STS	MZ611ATRT		cell_line	ATRT	SMARCB1-deficient	SMARCB1-deficient; SMARCB1 loss	Female	5M	Brain, quadrigeminal cistern	CVCL_D4ZG	Distributed by originator			INFANT.
STS	Infantile fibrosarcoma - NO patient-derived cell line		none	Infantile fibrosarcoma	ETV6::NTRK3	ETV6::NTRK3				NONE	NONE			CRITICAL GAP - exhaustive Cellosaurus search returns NO human infantile-fibrosarcoma cell line or PDX with an accession. The field relies entirely on engineered surrogates (below) and on short-term primary cultures. This is one of the clearest model gaps in pediatric sarcoma.
STS	IMS-M2	IMSM2	cell_line	Acute myeloid leukaemia (NOT infantile fibrosarcoma)	ETV6::NTRK3 (in-frame)	ETV6::NTRK3 (in-frame); ETV6-NTRK3	Female	59Y	Bone marrow	CVCL_RL93	Distributed by originator	19854508		FLAG - IMS-M2 is an ADULT AML line that happens to carry ETV6::NTRK3. It is commonly used as an ETV6-NTRK3 surrogate for TRK-inhibitor pharmacology but is NOT an infantile fibrosarcoma model and carries none of the IFS lineage/epigenome.
STS	Ba/F3 ETV6-NTRK3	Ba/F3-ETV6-NTRK3	cell_line (engineered)	Engineered ETV6::NTRK3 model	ETV6::NTRK3	ETV6::NTRK3; ETV6-NTRK3 transduced into murine IL-3-dependent pro-B cells				CVCL_UE77	Distributed by originator; parental Ba/F3 CVCL_0161			The standard TRK-inhibitor resistance platform. Resistance-mutant derivatives exist: G623R (CVCL_UE78), G696A (CVCL_XZ10). Murine, non-mesenchymal - no chromatin relevance to IFS.
STS	Ba/F3 LMNA-NTRK1	Ba/F3-LMNA-NTRK1	cell_line (engineered)	Engineered LMNA::NTRK1 model	LMNA::NTRK1	LMNA::NTRK1; LMNA-NTRK1 transduced Ba/F3				CVCL_UE87	Distributed by originator			Resistance-mutant panel: F589L (CVCL_UE88), G595R (CVCL_UE89), G667A (CVCL_XZ27), G667C (CVCL_UE90).
STS	Inflammatory myofibroblastic tumor - NO model		none	Inflammatory myofibroblastic tumor	ALK / ROS1 / NTRK3 / RET / PDGFRB fusions	ALK / ROS1 / NTRK3 / RET / PDGFRB fusions				NONE	NONE			CRITICAL GAP - no IMT cell line, PDX or organoid exists in Cellosaurus under any IMT term or fusion search. 'SU-IMT' lines could not be verified. All published IMT pharmacology uses engineered ALK-fusion Ba/F3 or ALK+ lymphoma/NSCLC lines as surrogates.
STS	LI90	LI 90; LI-90	cell_line	Listed as epithelioid hemangioendothelioma (see notes)	no CAMTA1 or TFE3 fusion annotated	no CAMTA1 or TFE3 fusion annotated	Female	55Y	Liver	CVCL_0390	JCRB0160; TKG 0507 (NIHS0234 lot discontinued)	7540235		FLAG - LI90 is very widely used and cited in the literature as a HEPATIC STELLATE / myofibroblast-like line, and derivatives TWNT-1 and TWNT-4 are used as hepatic stellate cell models. No WWTR1::CAMTA1 is documented. Treat its EHE designation as unreliable.
STS	TWNT-1 / TWNT-4		cell_line	Listed as epithelioid hemangioendothelioma	no fusion annotated	no fusion annotated	Female	55Y	Liver	CVCL_J364 / CVCL_W296	Distributed by originator			Immortalised derivatives of LI90; same caveat - generally used as hepatic stellate cell lines.
STS	Epithelioid hemangioendothelioma - NO validated fusion-positive line		none	Epithelioid hemangioendothelioma	WWTR1::CAMTA1 / YAP1::TFE3	WWTR1::CAMTA1 / YAP1::TFE3				NONE with a verified fusion	NONE			CRITICAL GAP - Cellosaurus contains no cell line annotated with WWTR1::CAMTA1 or YAP1::TFE3. Reported 'NCI-EHE'/'VIVEK'/'HAE' models could not be verified in Cellosaurus and have no accession. Published EHE mechanism work uses HUVEC/SV40-immortalised endothelial cells engineered to express TAZ-CAMTA1 (PMID 33766984) plus PDX/GEMM.
STS	402-91	402/91; MLS-402	cell_line	Myxoid liposarcoma	FUS::DDIT3 (TLS-CHOP)	FUS::DDIT3 (TLS-CHOP); FUS-DDIT3	Male			CVCL_S813	Distributed by originator (Aman/Aman, Gothenburg)	1283316		The reference MLS line. A trabectedin/ET-743-resistant derivative exists (402-91/ET, CVCL_S814).
STS	1765-92	MLS 1765-92; MLS-1765	cell_line	Myxoid liposarcoma	FUS::DDIT3	FUS::DDIT3; FUS-DDIT3				CVCL_S817	Distributed by originator	16983332		
STS	2645-94	MLS 2645-94	cell_line	Myxoid liposarcoma	FUS::DDIT3	FUS::DDIT3; FUS-DDIT3	Male			CVCL_S816	Distributed by originator			
STS	1955-91	1955/91	cell_line	Myxoid liposarcoma	FUS::DDIT3	FUS::DDIT3; FUS-DDIT3	Male			CVCL_S815	Distributed by originator			
STS	DL-221		cell_line	Myxoid liposarcoma	FUS::DDIT3	FUS::DDIT3; FUS-DDIT3; loss of chrY	Male	42Y	Pleural effusion (metastatic)	CVCL_DQ91	Distributed by originator	27270875		Well-characterized modern MLS line.
STS	NCC-MLPS1-C1		cell_line	Myxoid liposarcoma	FUS::DDIT3	FUS::DDIT3	Male	47Y	Thigh	CVCL_A1VS	NCC sarcoma cell line panel	33146842		NCC panel; NCC-MLPS2-C1 (CVCL_C1GI, F 25Y) and NCC-MLPS3-C1 (CVCL_C1GJ, F 80Y) also exist.
STS	NCC-DFSP1-C1	NCCDFSP1C1	cell_line	Dermatofibrosarcoma protuberans	COL1A1::PDGFB	COL1A1::PDGFB; COL1A1-PDGFB	Male	46Y		CVCL_UR53	NCC sarcoma cell line panel; DepMap ACH-002797	30411273		The best-characterized DFSP line with a confirmed fusion.
STS	NCC-DFSP2-C1	NCCDFSP2C1	cell_line	Dermatofibrosarcoma protuberans	COL1A1::PDGFB	COL1A1::PDGFB; COL1A1-PDGFB	Female	18Y	Breast	CVCL_UR54	NCC sarcoma cell line panel	30411273		AYA (18y) - the most pediatric-relevant DFSP line.
STS	NCC-DFSP3-C1 / -4-C1 / -5-C1		cell_line	Dermatofibrosarcoma protuberans	COL1A1::PDGFB	COL1A1::PDGFB	F / M / M	53Y / 60Y / 73Y	Thigh / ilium / back	CVCL_ZE79 / CVCL_D1GH / CVCL_D4ZK	NCC sarcoma cell line panel			NCC panel.
STS	Hs 63.T / Hs 357.T / Hs 941.T		cell_line	Dermatofibrosarcoma protuberans			F / F / M	34Y / 56Y / 26Y	Skin	CVCL_0831 / CVCL_0729 / CVCL_1039	ATCC-derived Hs series			Old ATCC Hs-series lines; fusion never confirmed - identity unverified.
STS	NCC-DSM1-C1		cell_line	Desmoid fibromatosis	CTNNB1-mutant (presumed)	CTNNB1-mutant (presumed)	Male	27Y	Left thigh hypodermis	CVCL_C7G0	NCC sarcoma cell line panel	36629983		Only well-documented desmoid cell line; AF208 (CVCL_C7G1) is the only other Cellosaurus desmoid entry and is uncharacterised.
STS	GIST-T1	GISTT1; T1	cell_line	Gastrointestinal stromal tumor	KIT-mutant (NOT SDH-deficient)	KIT-mutant (NOT SDH-deficient); KIT p.V560_Y578del heterozygous	Female	47Y	Pleural effusion (metastatic)	CVCL_4976	Cosmo Bio (Japan); DepMap ACH-002332	12004007		Most used GIST line; has public H3K27ac ChIP-seq. Imatinib-sensitive. Large resistant-derivative panel: GIST-T1/670 (=GIST-5R, T670I, CVCL_A9M9), /816 (CVCL_A9N0), /829 (CVCL_S983), -R2/R8/R9/RA2, -117, /IM-R.
STS	GIST882	GIST-882	cell_line	Gastrointestinal stromal tumor	KIT-mutant	KIT-mutant; KIT p.K642E homozygous (exon 13)				CVCL_7044	Fletcher lab (BWH); no central repository	11526490		Imatinib-sensitive; public H3K27ac ChIP-seq. Imatinib-resistant derivative GIST882IMR (CVCL_A9N2).
STS	GIST48	GIST-48	cell_line	Gastrointestinal stromal tumor	KIT-mutant, imatinib-resistant	KIT-mutant, imatinib-resistant; KIT p.V560D homozygous + p.D820A heterozygous				CVCL_7041	Fletcher lab (BWH)	16954519		Secondary-resistance model; public H3K27ac ChIP-seq. KIT-low variant GIST48B (CVCL_M441).
STS	GIST430	GIST-430	cell_line	Gastrointestinal stromal tumor	KIT-mutant, imatinib-resistant	KIT-mutant, imatinib-resistant; KIT p.V560_L576del + p.V654A heterozygous				CVCL_7040	Fletcher lab (BWH)	16954519		Secondary-resistance model; public H3K27ac ChIP-seq. KIT-low variant GIST430B (CVCL_A9N1).
STS	GIST522 / GIST62 / GIST226 / GIST-M / ImGIST		cell_line	Gastrointestinal stromal tumor	KIT/PDGFRA-mutant	KIT/PDGFRA-mutant; KIT/PDGFRA-mutant	various	various	various	CVCL_7042 / CVCL_7043 / CVCL_A9M8 / CVCL_C1HV / CVCL_D1GJ	Fletcher lab / originators			All KIT-driven. ImGIST is an hTERT/CDK4-immortalised GIST line.
STS	SDH-deficient / pediatric wild-type GIST - NO cell line	'Ian GIST' PDX	PDX only	SDH-deficient GIST (pediatric/wild-type GIST)	SDHA/B/C/D loss or SDHC epimutation	SDHA/B/C/D loss or SDHC epimutation; SDH loss; global CpG-island hypermethylation; FGF4 enhancer hijacking				NONE for a cell line	Champions Oncology-derived PDX ('Ian GIST'); no repository deposit			CRITICAL GAP AND THE MOST IMPORTANT ONE FOR THIS PAPER - there is NO established human SDH-deficient GIST cell line. Every GIST line in Cellosaurus is KIT- or PDGFRA-mutant and SDH-intact. Attempts to immortalise SDH-deficient GIST have failed (cells die or are overgrown by murine stroma within ~2 weeks; only ~3-day primary cultures achievable). The only serially transplantable model is the 'Ian GIST' PDX. Consequence: the pediatric GIST population - the entity with the most striking epigenetic phenotype in this whole table - has essentially no in vitro model, and all SDH-GIST epigenomics rests on primary tumor tissue plus Sdhb-knockout surrogates.
STS	H-EMC-SS	HEMCSS	cell_line	Listed as extraskeletal myxoid chondrosarcoma	NO EWSR1 fusion	NO EWSR1 fusion; no NR4A3 fusion	Female	77Y	Muscle	CVCL_1238	ECACC 94042258; ICLC HTL99016; RIKEN RCB0508; DepMap ACH-001519		Y	FLAG - Cellosaurus Caution: does NOT harbour an EWSR1 fusion, the hallmark of EMC (PMID 34413129). Despite this it is the most-cited 'EMC' line. Results from H-EMC-SS should not be attributed to EWSR1::NR4A3 biology.
STS	USZ20-EMC1 / USZ22-EMC2		cell_line	Extraskeletal myxoid chondrosarcoma	NR4A3-rearranged	NR4A3-rearranged	Female / Male	54Y / 68Y	Leg / left thigh	CVCL_C6MX / CVCL_C6MY	University Hospital Zurich			The only modern, presumptively fusion-positive EMC lines.
STS	CH-3573 / L2975		cell_line	Chondrosarcoma (NOT extraskeletal myxoid chondrosarcoma)	none	none; various	Male / Male	25Y / 57Y		CVCL_A013 / CVCL_D706	Distributed by originator			FLAG - these are conventional central chondrosarcoma (CH-3573) and dedifferentiated chondrosarcoma (L2975) lines, NOT EMC. Do not use them as EMC models.
STS	NCC-LGFMS1-C1		cell_line	Low-grade fibromyxoid sarcoma	FUS::CREB3L2	FUS::CREB3L2; FUS-CREB3L2	Female	45Y	Rectus abdominis	CVCL_B0W9	NCC sarcoma cell line panel	34535876		The ONLY LGFMS cell line in existence. No SEF (sclerosing epithelioid fibrosarcoma) line exists at all.
STS	Sclerosing epithelioid fibrosarcoma - NO model		none	Sclerosing epithelioid fibrosarcoma	EWSR1::CREB3L1 / FUS::CREB3L2	EWSR1::CREB3L1 / FUS::CREB3L2				NONE	NONE			GAP - no SEF cell line, PDX or organoid in Cellosaurus.
STS	621-101		cell_line	Lymphangioleiomyomatosis / PEComa family	TSC2-null	TSC2-null; TSC2 loss; mTORC1 hyperactivation	Female		Lung (angiomyolipoma-derived)	CVCL_S879	Distributed by originator (Krymskaya/Henske labs)		Y	The standard TSC2-null PEComa-family model. An isogenic TSC2-re-expressing counterpart (referred to as 621-103 in the literature) has no Cellosaurus entry. 621NST (CVCL_S880) is the matched non-tumor line.
STS	UMB1949	UMBSVtel	cell_line	Kidney angiomyolipoma (PEComa family)	TSC2-altered, tuberous sclerosis	TSC2-altered, tuberous sclerosis; TSC2 loss	Male	36Y	Kidney	CVCL_C471	Distributed by originator			SV40/hTERT-immortalised TSC2-null angiomyolipoma line.
STS	SV7tert / SV6 / SV7	SPAML/SV6, SPAML/SV7	cell_line	Kidney angiomyolipoma (PEComa family)	TSC2-altered	TSC2-altered; TSC2 loss	Female	63Y	Kidney	CVCL_3602 / CVCL_0E03 / CVCL_J654	Distributed by originator			hTERT-immortalised angiomyolipoma lines; PDGF-transduced tumorigenic derivatives exist (SV7tert PDGF, CVCL_0F39).
STS	Malignant PEComa (TFE3-rearranged) - NO model		none	TFE3-rearranged PEComa	SFPQ::TFE3 etc.	SFPQ::TFE3 etc.				NONE	NONE			GAP - no TFE3-rearranged PEComa cell line or PDX in Cellosaurus. ASPS lines (ASPSCR1::TFE3) are the closest available MiT/TFE surrogate.
STS	NCC-UPS1-C1		cell_line	Undifferentiated pleomorphic sarcoma	no defining lesion; complex genome	no defining lesion; complex genome; complex karyotype	Male	83Y		CVCL_B3TP	NCC sarcoma cell line panel; DepMap			Xenograft-passaged derivative NCC-UPS1-X3-C1 (CVCL_VR16) also available.
STS	NCC-UPS2-C1 / -UPS3-C1 / -UPS4-C1		cell_line	Undifferentiated pleomorphic sarcoma	complex genome	complex genome; NCC-UPS4-C1 from a Li-Fraumeni patient (germline TP53)	F / F / F	84Y / 55Y / 32Y		CVCL_RP62 / CVCL_B3RN / CVCL_B6KI	NCC sarcoma cell line panel			NCC-UPS4-C1 is the only germline-TP53 (Li-Fraumeni) UPS line - relevant to pediatric predisposition.
STS	NCC-PS1-C1 / NCC-PS2-C1		cell_line	Undifferentiated pleomorphic sarcoma	complex genome	complex genome	Female / Male	72Y / 76Y		CVCL_C5Z2 / CVCL_E8VU	NCC sarcoma cell line panel			NCC panel.
STS	SK-UT-1	SKUT-1	cell_line	Uterine leiomyosarcoma	no defining fusion	no defining fusion; complex genome; TP53/RB1 aberrant	Female	75Y	Uterus	CVCL_0533	ATCC HTB-114; CLS 300455; DepMap ACH-000939			Most-used LMS line despite being an old adult uterine line. SK-UT-1B (CVCL_2250) is a subclone. Not pediatric-relevant except as a generic LMS comparator.
STS	SK-LMS-1	SKLMS-1	cell_line	Vulvar leiomyosarcoma	no defining fusion	no defining fusion; complex genome	Female	43Y	Vulva	CVCL_0628	ATCC HTB-88			Widely used soft-tissue LMS line.
STS	NCC-LMS1-C1 / -LMS2-C1 / -LMS3-C1		cell_line	Leiomyosarcoma	no defining fusion	no defining fusion; complex genome	F / F / M	42Y / 90Y / 37Y	Bone / soft tissue / soft tissue	CVCL_LK56 / CVCL_A4EE / CVCL_D4A9	NCC sarcoma cell line panel	28981730 (LMS1); 33001379 (LMS2)		NCC-LMS1-X3-C1 (CVCL_VM07) is a xenograft-passaged derivative.
STS	AS-M / AS-M.5	AS.M-5	cell_line	Cutaneous angiosarcoma	no defining lesion	no defining lesion	Male	80Y	Scalp skin	CVCL_8656 / CVCL_8657	Distributed by originator	14741847		AS-M.5 is a clonal derivative. Elderly scalp angiosarcoma - not pediatric.
STS	ISO-HAS / ISO-HAS-1 / ISO-HAS-B	ISO HAS	cell_line	Cutaneous angiosarcoma	no defining lesion	no defining lesion	Male	84Y	Ear skin (metastatic)	CVCL_C516 / CVCL_C518 / CVCL_AS11	JCRB IFO50514; RIKEN RCB3674			Available from JCRB and RIKEN.
STS	HAMON	Human Angiosarcoma Monoclonal	cell_line	Cutaneous angiosarcoma	no defining lesion	no defining lesion	Male	81Y	Scalp skin	CVCL_D3W8	Distributed by originator			
STS	KU-CAS3 / KU-CAS5		cell_line	Cutaneous angiosarcoma	no defining lesion	no defining lesion	Male / Female	73Y / 78Y	Scalp skin	CVCL_B7HY / CVCL_B7HZ	Korea University			
STS	HAEND	AG13420	cell_line	Angiosarcoma (annotated)			Male	61Y		CVCL_8690	Coriell-derived		Y	FLAG - Cellosaurus Problematic: CONTAMINATED, of unknown origin and not the stated umbilical vein endothelial derivation (PMID 12453433).
STS	BM 2.2.1	ASL-w17	cell_line	Hepatic angiosarcoma	no defining lesion	no defining lesion	Male	60Y	Liver	CVCL_W999	Distributed by originator			Vinyl-chloride-associated hepatic angiosarcoma.
STS	Kitra-SRS		cell_line	CIC-rearranged sarcoma	CIC::DUX4	CIC::DUX4; CIC-DUX4	Female	9Y		CVCL_YI69	Distributed by originator (Osaka)	31676869		PEDIATRIC (9y). Important non-Ewing round cell sarcoma model.
STS	NCC-CDS2-C1		cell_line	CIC-rearranged sarcoma	CIC::DUX4	CIC::DUX4; CIC-DUX4	Female	50Y		CVCL_YL70	NCC sarcoma cell line panel	31898195		NCC panel.
STS	NCC-CDS1-X1-C1 / NCC-CDS1-X3-C1		cell_line	CIC-rearranged sarcoma	CIC::DUX4	CIC::DUX4; CIC-DUX4	Female	29Y		CVCL_YL54 / CVCL_YL55	NCC sarcoma cell line panel	28680140	Y	Xenograft-derived lines from the same patient.
STS	BCOR-altered sarcoma - NO model		none	BCOR::CCNB3 / BCOR-ITD sarcoma	BCOR::CCNB3; BCOR internal tandem duplication	BCOR::CCNB3; BCOR internal tandem duplication				NONE	NONE			GAP - no BCOR::CCNB3 or BCOR-ITD sarcoma cell line, PDX or organoid found in Cellosaurus. Notable because BCOR sarcoma is a directly polycomb-driven pediatric entity and would be a high-value epigenomic model.
STS	NCC-SFT1-C1		cell_line	Solitary fibrous tumor	NAB2::STAT6 (presumed)	NAB2::STAT6 (presumed)	Female	49Y		CVCL_E6MC	NCC sarcoma cell line panel	39904835		Newest SFT line.
STS	SFT-S1 / SFT-T1 / SFT-T2		cell_line	Solitary fibrous tumor	NAB2::STAT6	NAB2::STAT6	F / M / F	39Y / 50Y / 45Y	Pleura	CVCL_D4AC / CVCL_C6JI / CVCL_C6JJ	Distributed by originators			
STS	NCC-TGCT1-C1		cell_line	Malignant tenosynovial giant cell tumor	CSF1-rearranged (presumed)	CSF1-rearranged (presumed)	Female	40Y		CVCL_A9YZ	NCC sarcoma cell line panel			Only TGCT line available.
STS	Pseudomyogenic hemangioendothelioma - NO model		none	Pseudomyogenic hemangioendothelioma	SERPINE1::FOSB	SERPINE1::FOSB				NONE	NONE			GAP - no PMHE model of any kind in Cellosaurus.
STS	Ossifying fibromyxoid tumor - NO model		none	Ossifying fibromyxoid tumor	PHF1 fusions (EP400/MEAF6/EPC1::PHF1)	PHF1 fusions (EP400/MEAF6/EPC1::PHF1)				NONE	NONE			GAP - no OFMT model. Notable because the PHF1 fusions physically join a PRC2 accessory reader to NuA4/TIP60 HAT subunits.
STS	Soft-tissue myoepithelial carcinoma - NO dedicated model		none	Myoepithelial carcinoma of soft tissue	EWSR1::POU5F1 / PLAG1 fusions / SMARCB1 loss	EWSR1::POU5F1 / PLAG1 fusions / SMARCB1 loss				NONE (only salivary epithelial-myoepithelial lines exist: CEM 2cl CVCL_Y484, UTSW-EMC23 CVCL_Y491)	NONE			GAP - the salivary lines are a different disease and should not be substituted. SMARCB1-deficient pediatric myoepithelial carcinoma has no model; rhabdoid lines are the closest surrogate.
adult	LPS141	LS141	cell_line	Liposarcoma	dedifferentiated (DDLPS)	MDM2 amp; CDK4 amp (12q13-15); JUN/HMGA2 co-amp reported	M	unknown	unknown	CVCL_M823	not banked; Fletcher lab (BWH); in DepMap ACH-001799	19449367		Most widely used DDLPS line; reference model for MDM2-inhibitor (nutlin/RG7112) studies. Age/site not recorded in Cellosaurus.
adult	LP6	LP-6	cell_line	Liposarcoma	dedifferentiated (DDLPS)	MDM2/CDK4 amp expected; not individually verified	M	unknown	retroperitoneum	CVCL_V413	not banked	19449367		Cellosaurus disambiguates from an unrelated murine hybridoma also called LP6 (CVCL_E2VC) - cite the CVCL, not the name.
adult	LPS853	LPS-853	cell_line	Liposarcoma	dedifferentiated (DDLPS)	unknown	unknown	unknown	unknown	CVCL_V415	not banked; Fletcher lab (BWH)	unknown		Minimal published characterisation; no origin paper indexed in Cellosaurus. Sex/age/site unrecorded.
adult	DDLS8817	DDLS 8817; DDLS-8817	cell_line	Liposarcoma	dedifferentiated (DDLPS)	MDM2 amp; CDK4 amp	unknown	unknown	unknown	CVCL_M814	not banked; MSKCC (Singer/Crago lab)	20713527		Core MSKCC DDLPS model used in CDK4- and MDM2-inhibitor work.
adult	FU-DDLS-1	FU-DDLS1	cell_line	Liposarcoma	dedifferentiated (DDLPS)	ring/giant marker chromosomes with 12q13-15 amplification (CGH)	M	61Y	retroperitoneum	CVCL_M815	not banked; Fukuoka University	12579306		First reported DDLPS-derived cell line; >90 passages, tumorigenic in SCID.
adult	NDDLS-1	NDDLS1	cell_line	Liposarcoma	dedifferentiated (DDLPS)	ring chromosomes; secretes IL6 and CSF3 (G-CSF)	M	84Y	pleural effusion (lung metastasis)	CVCL_M831	not banked	21790860		Parental tumor showed leukaemoid reaction; useful IL6/G-CSF paracrine model.
adult	Lipo-DUE1	LipoDUE1	cell_line	Liposarcoma	dedifferentiated (DDLPS)	unknown	F	36Y	ascites	CVCL_4U68	not banked	26373732		Unusually young for DDLPS.
adult	Lipo246	Lipo-246	cell_line	Liposarcoma	dedifferentiated (DDLPS)	MDM2 amp (FISH)	M	57Y	retroperitoneum	CVCL_4U73	not banked; MSKCC	21060307		MSKCC Lipo panel; most-used member of the series.
adult	Lipo863	Lipo-863	cell_line	Liposarcoma	dedifferentiated (DDLPS)	MDM2 amp (FISH)	M	73Y	retroperitoneum	CVCL_4U88	not banked; MSKCC	21060307		MSKCC Lipo panel.
adult	LPS1	LPSX1-derived	cell_line	Liposarcoma	dedifferentiated (DDLPS)	unknown	F	51Y	unknown	CVCL_SA54	not banked	23230188		Derived from the LPSX1 mouse xenograft rather than directly from patient tissue - xenograft passage precedes the in vitro line.
adult	LPS2	LPSX2-derived	cell_line	Liposarcoma	dedifferentiated (DDLPS)	unknown	M	90Y	unknown	CVCL_SA55	not banked	23230188		Derived from the LPSX2 xenograft.
adult	LPS3	LPSX3-derived	cell_line	Liposarcoma	dedifferentiated (DDLPS)	unknown	M	75Y	unknown	CVCL_SA56	not banked	23230188		Derived from the LPSX3 xenograft.
adult	NCC-DDLPS1-C1	NCC DDLPS1 C1	cell_line	Liposarcoma	dedifferentiated (DDLPS)	unknown	M	57Y	retroperitoneum (metastasis)	CVCL_A1BV	not banked; NCC Japan (Kondo lab)	32949334		STR-authenticated at establishment; part of the NCC patient-derived sarcoma cell line series.
adult	NCC-DDLPS4-C1	NCC DDLPS4 C1	cell_line	Liposarcoma	dedifferentiated (DDLPS)	unknown	M	77Y	retroperitoneum	CVCL_B3TQ	not banked; NCC Japan	34834427		NCC series; STR-authenticated.
adult	Shef-DDLPS 01	Shef DDLPS 01	cell_line	Liposarcoma	dedifferentiated (DDLPS)	unknown	F	68Y	retroperitoneum	CVCL_C8VC	not banked; University of Sheffield	27560552		Part of a 7-line UK soft-tissue sarcoma panel with molecular characterisation.
adult	93T449	T449 (probable synonym)	cell_line	Liposarcoma	well-differentiated / atypical lipomatous tumor (WDLPS/ALT)	MDM2 amp; CDK4 amp; HMGA2 amp on ring and giant marker chromosomes (ATCC CRL-3043)	F	68Y	retroperitoneum	CVCL_U614	ATCC CRL-3043	18823700	Y	NON-INDEPENDENT: Cellosaurus records 93T449 and 94T778 as from the SAME INDIVIDUAL (primary and recurrence). Almost certainly the same line as T449 (CVCL_M807) under a year-prefixed name from the same Pedeutour/Nice source; treat 93T449/T449 as one biological sample.
adult	94T778	T778 (probable synonym); 94T779 (misspelling)	cell_line	Liposarcoma	well-differentiated / atypical lipomatous tumor (WDLPS/ALT)	MDM2/CDK4 12q13-15 amplicon on ring/giant marker chromosome	F	69Y	retroperitoneum (recurrence)	CVCL_U613	ATCC CRL-3044	18823700	Y	NON-INDEPENDENT: same individual as 93T449 (recurrence of the same tumor). Cellosaurus also records the misspelling 94T779 used in its own releases 9-30.
adult	T449	93449; LPS449	cell_line	Liposarcoma	well-differentiated / atypical lipomatous tumor (WDLPS/ALT)	MDM2/CDK4 12q13-15 amplicon	F	68Y	primary WDLPS	CVCL_M807	not banked; Pedeutour lab (Nice)	17354236	Y	NON-INDEPENDENT: Cellosaurus records T449 and T778 as from the SAME INDIVIDUAL (primary and recurrence). Very likely identical to ATCC 93T449. The four canonical WDLPS lines T449/T778/93T449/94T778 therefore represent at most ONE patient.
adult	T778	94778; 778	cell_line	Liposarcoma	well-differentiated / atypical lipomatous tumor (WDLPS/ALT)	MDM2/CDK4 12q13-15 amplicon	F	69Y	recurrence of the T449 tumor	CVCL_M808	not banked; Pedeutour lab (Nice)	17354236	Y	NON-INDEPENDENT: same individual as T449; very likely identical to ATCC 94T778. Most tumorigenic of the WDLPS lines in NOD/SCID (PMID 22911243).
adult	95T1000	95 T1000	cell_line	Liposarcoma	well-differentiated / atypical lipomatous tumor (WDLPS/ALT)	giant marker chromosome, 12q amplicon	M	48Y	thigh, skeletal muscle	CVCL_WU67	not banked	22678079		Likely the same line as T1000 under a year-prefixed name; verify STR before treating as independent.
adult	GOT3	GOT-3	cell_line	Liposarcoma	well-differentiated (myxoid variant) WDLPS	MDM2 amp (highest level), CDK4, HMGA2 (5' part), YEATS4, TSPAN8 amp; also 1q23.3-q44 and 13q32 amplicons	F	76Y	retroperitoneum (recurrence)	CVCL_M819	not banked; Gothenburg (Aman lab)	18160213		Best array-CGH-resolved 12q amplicon of any WDLPS line; giant marker derived from chr 12, 1 and X.
adult	402-91/ET	402-91 ET; MLS402-ET	cell_line	Liposarcoma	myxoid/round cell (FUS::DDIT3)	FUS::DDIT3; trabectedin(ET-743)-resistant derivative of 402-91	M	unknown	unknown	CVCL_S814	not banked	21805478	Y	Derivative of SV40-immortalised 402-91; NOT independent of its parent.
adult	LIS-3/SV40	LIS3-SV40	cell_line	Liposarcoma	myxoid/round cell (FUS::DDIT3)	SV40-transformed	M	unknown	unknown	CVCL_V301	not banked	8020967	Y	SV40-transformed - same epigenomic caveat as the 402-91/1765-92 series.
adult	NCC-MLPS2-C1	NCC MLPS2 C1	cell_line	Liposarcoma	myxoid/round cell (FUS::DDIT3)	FUS::DDIT3	F	25Y	right thigh	CVCL_C1GI	not banked; NCC Japan	35637403		STR-authenticated.
adult	LiSa-2	LISA-2; LiSa2	cell_line	Liposarcoma	pleomorphic	TP53 p.Leu348Ser; no MDM2 amplification reported	M	53Y	retroperitoneum (metastasis)	CVCL_M821	not banked; Moller lab	11093810		Differentiates terminally into adipocytes in defined serum-free medium; leptin expression is DNA-methylation-dependent (5-azacytidine-inducible) - directly relevant to epigenomics.
adult	LS2	LS-2	cell_line	Liposarcoma	pleomorphic	ALT (alternative lengthening of telomeres) positive; doxorubicin-resistant	F	68Y	forearm, hypodermis	CVCL_D3X8	not banked	20197395		One of very few ALT-positive liposarcoma models; genome-wide copy number and transcript data published.
adult	NCC-PLPS1-C1	NCC PLPS1 C1	cell_line	Liposarcoma	pleomorphic	unknown	M	71Y	adipose tissue, hypodermis	CVCL_A2BR	not banked; NCC Japan	33205363		STR-authenticated.
adult	NCC-PLPS2-C1	NCC PLPS2 C1	cell_line	Liposarcoma	pleomorphic	RB1 deletion; TP53 p.Tyr126Ter; PTCH1 p.Glu44Gly	M	84Y	foot, hypodermis	CVCL_C5Z1	not banked; NCC Japan	36436139		RB1-null pleomorphic LPS - matches the RB1-loss-dominant genomics of PLPS.
adult	SW872	SW-872	cell_line	Liposarcoma	undifferentiated/NOS (subtype not resolvable)	BRAF p.Val600Glu; CDKN2A p.Arg80Ter hom; TP53 p.Ile251Asn hom; PTEN homozygous deletion; NO MDM2/CDK4 amplification	M	36Y	unknown	CVCL_1730	ATCC HTB-92; CLS 300405; IZSLER BS TCL 119	833871	Y	The only commercially available 'liposarcoma' line, and the most over-used. Its genotype (BRAF V600E, PTEN-null, CDKN2A/TP53 mutant, no 12q amplicon) matches NO WHO liposarcoma subtype; it should not be used as a WDLPS/DDLPS/MLS surrogate. Cellosaurus records the misspelling SW672.
adult	SA-4	SA4; TxS-HuSa1; SA4TXS1	cell_line	Liposarcoma (claimed)	none - line is not a liposarcoma	HPV18-positive; HeLa genotype	F	30Y6M	uterine cervix (actual)	CVCL_8910	ATCC CRL-7938 (DISCONTINUED)	1246601	Y	MISIDENTIFIED: Cellosaurus flags SA-4 as a HeLa derivative (PMID 1246601, 4469665, 20143388). Originally cataloged as being from a MALE liposarcoma patient; it is in fact female HeLa. It was nonetheless included and reported as a tumorigenic liposarcoma model as recently as PMID 22911243. Do not use.
adult	ISO-HAS	ISO HAS	cell_line	Angiosarcoma	cutaneous scalp angiosarcoma (UV/actinic)	TP53 p.Ser240Arg; high tumour mutation burden (>7 mutations/coding Mb) reported; MYC amplification NOT reported	M	84Y	metastasis to ear skin from primary parietal scalp AS	CVCL_C516	JCRB IFO50514 (DISCONTINUED); RIKEN RCB3674 (DISCONTINUED); TKG 0593	10188735		One of only ~5 human angiosarcoma cell lines worldwide (explicit statement in PMID 36788310). Both Japanese bank stocks are now discontinued - practical availability is via TKG only.
adult	ISO-HAS-B	ISO HAS B	cell_line	Angiosarcoma	cutaneous scalp angiosarcoma	TP53 p.Ser240Arg (inherited from parent)	M	84Y	metastasis to ear skin	CVCL_AS11	TKG 0715	12453433	Y	Subline of ISO-HAS - NOT independent.
adult	AS-M	ASM; AS M	cell_line	Angiosarcoma	cutaneous scalp angiosarcoma (UV/actinic)	TP53, ARID1A and FLT4 mutations reported; high TMB	M	80Y	scalp skin	CVCL_8656	not banked	14741847		Does not form xenografts. One of the ~5 authenticated human AS lines.
adult	MO-LAS	MOLAS; MO LAS	cell_line	Angiosarcoma	lymphangiosarcoma	POT1 mutation reported; high TMB	M	77Y	pleural effusion (metastatic scalp lymphangiosarcoma)	CVCL_K236	not banked	23342252		Rare lymphatic-lineage angiosarcoma model; POT1-mutant, which links it to the cardiac/familial AS biology.
adult	MO-LAS-B	MO LAS B	cell_line	Angiosarcoma	lymphangiosarcoma	as parent	M	77Y	pleural effusion	CVCL_AS12	TKG 0714	23342252	Y	Subline of MO-LAS - NOT independent.
adult	KU-CAS3	KUCAS3	cell_line	Angiosarcoma	cutaneous scalp angiosarcoma	endothelial phenotype (CD31+, vWF+, acLDL uptake); high ADRB2, KDR, FLT1	M	73Y	scalp (regional metastasis)	CVCL_B7HY	not banked; Kyorin University	34693591		Tumorigenic in vivo - one of the few human AS lines that xenografts.
adult	KU-CAS5	KUCAS5	cell_line	Angiosarcoma	cutaneous scalp angiosarcoma	endothelial phenotype; high ADRB2, KDR, FLT1	F	78Y	scalp skin	CVCL_B7HZ	not banked; Kyorin University	34693591	Y	STR CAUTION: the originally published supplementary STR profile for KU-CAS5 was IDENTICAL to KU-CAS3; the file was corrected on 13 Jan 2023. Any work using the pre-2023 profile must be re-checked.
adult	ISOS-1	ISOS 1	cell_line(murine)	Angiosarcoma	murine angiosarcoma arising in a human-AS xenograft host	unknown	F	20-22 weeks (mouse)	SCID mouse tumor arising after implantation of human ISO-HAS tissue	CVCL_C517	JCRB IFO50515 (DISCONTINUED); RIKEN RCB3670 (DISCONTINUED); TKG 0590	9459120	Y	CRITICAL CAVEAT: ISOS-1 is a MOUSE line that arose in the host after implantation of a human angiosarcoma - it is not the human tumor. It is frequently cited alongside ISO-HAS as if it were a human model.
adult	SVR	SVEN 1 ras	cell_line(murine)	Angiosarcoma	murine H-Ras-transformed endothelial model	H-RasV12 (Harvey MSV), SV40 large-T (tsA58) transformed MS1/SVEN-1 pancreatic-islet endothelium	unknown	adult (mouse)	pancreatic islet endothelium	CVCL_6455	not banked (parent)	unknown	Y	ENGINEERED, not a spontaneous angiosarcoma: SV40 T-antigen plus oncogenic HRAS in normal mouse endothelium. Widely used as an 'angiosarcoma' line; its epigenome reflects viral/oncogene transformation, not human AS.
adult	RT-AS5	RTAS5	PDX	Angiosarcoma	radiation-induced secondary breast angiosarcoma	MYC amplification; FLT4 amplification; likely pathogenic FANCI deletion	F	unknown	breast (post-radiotherapy)	unknown	not banked; Radboud UMC	36788310		THE key radiation-associated / MYC-amplified angiosarcoma model. Established 2023; the source paper states that only ~5 human AS cell lines exist worldwide, all from UV-exposed scalp - so RT-AS5 is currently the only model of the MYC/FLT4-amplified secondary AS subtype. No Cellosaurus/RRID entry located.
adult	AS-02	AS02	cell_line	Angiosarcoma	radiation-induced secondary breast angiosarcoma	unknown	F	71Y	breast (post-radiotherapy)	unknown	not banked	unknown		Short-term primary culture rather than an immortal line; reported by Azzariti/Porcelli. No Cellosaurus entry located - treat availability and authentication as unverified.
adult	TWNT-1	TWNT1	cell_line	Epithelioid hemangioendothelioma (claimed)	none documented	hTERT + eGFP transduced (loxP-flanked, Cre-excisable)	F	55Y	liver	CVCL_J364	JCRB JCRB1582	12811248	Y	hTERT-IMMORTALISED DERIVATIVE OF LI90 - not independent, and inherits LI90's unverified EHE status. Used almost exclusively as a hepatic stellate cell model. Patented cell line.
adult	TWNT-4	TWNT4	cell_line	Epithelioid hemangioendothelioma (claimed)	none documented	hTERT + GFP transduced (loxP-flanked)	F	55Y	liver	CVCL_W296	not banked	12953924	Y	Second hTERT-immortalised LI90 derivative - not independent.
adult	[NO AUTHENTICATED EHE MODEL]	-	none	Epithelioid hemangioendothelioma	WWTR1::CAMTA1 (~90%) or YAP1::TFE3 (~10%)	-	-	-	-	none	none	-	Y	KEY NEGATIVE FINDING: after searching Cellosaurus (disease term 'Epithelioid hemangioendothelioma'), ATCC, DSMZ, JCRB, RIKEN, ECACC, NCI PDMR and the primary literature, NO authenticated WWTR1::CAMTA1 or YAP1::TFE3 cell line, PDX or organoid could be identified. The only three Cellosaurus entries (LI90, TWNT-1, TWNT-4) are one hepatic stellate cell line and its two hTERT derivatives, all from the same 55-year-old woman, none fusion-confirmed. EHE research relies on engineered TAZ-CAMTA1 knock-in systems (e.g. inducible fusion expression in HUVEC/SW872/NIH3T3) and GEMMs, not on patient-derived models.
adult	HT-1080	HT 1080; HT1080; HT 1080.T	cell_line	Fibrosarcoma (used as UPS surrogate)	fibrosarcoma; IDH1-mutant	IDH1 p.Arg132Cys het; NRAS p.Gln61Lys; CDKN2A homozygous deletion	M	35Y	bone, pelvis, acetabulum	CVCL_0317	ATCC CCL-121; DSMZ ACC-315; ECACC 85111505; JCRB IFO50354/JCRB9113; RIKEN RCB1956 (DISC.); KCLB 10121; and 8 others	4132053	Y	THE MOST MISUSED LINE IN THE FIELD. (i) It is a FIBROSARCOMA, not a UPS/MFH, yet is routinely used as the generic 'soft tissue sarcoma' or 'UPS' line. (ii) Cellosaurus carries an explicit Caution that some investigators consider it a DEDIFFERENTIATED CHONDROSARCOMA because of its IDH1 R132C mutation (PMID 26368816) - it is in fact used as an IDH1-mutant chondrosarcoma model in that paper alongside JJ012. (iii) It arose in bone (acetabulum), not soft tissue. Near-diploid, hypermutation-free, CDKN2A-null - it does not model the chaotic UPS genome at all.
adult	GCT	Giant Cell Tumor; UR-HCL-1	cell_line	Undifferentiated pleomorphic sarcoma (label)	UPS/MFH label; historical 'giant cell tumor' diagnosis	BRAF p.Val600Glu; CDKN2A p.Leu32Arg hom; TP53 p.Arg248Trp and p.Gln317Ter	M	29Y	lung (metastasis)	CVCL_1229	ATCC TIB-223; CLS 300155; IZSLER BS TCL 94	304748		DIAGNOSTIC AMBIGUITY (no formal Cellosaurus flag): named for a 'giant cell tumor' but curated as UPS. A BRAF V600E-mutant, MSS, CDKN2A-null genotype in a 29-year-old is atypical for UPS; treat the histological assignment as unresolved. In DepMap (ACH-000835) with methylome data.
adult	U-2197	U2197	cell_line	Undifferentiated pleomorphic sarcoma	UPS/MFH	unknown	M	79Y	unknown	CVCL_0043	DSMZ ACC-406	2556928	Y	NON-INDEPENDENT: Cellosaurus records U-2197 and U-2149 as from the SAME INDIVIDUAL. Very slow growing (doubling ~100-120 h). In the Human Protein Atlas Cell Atlas panel.
adult	U-2149	U2149	cell_line	Undifferentiated pleomorphic sarcoma	UPS/MFH	unknown	M	79Y	unknown	CVCL_W019	not banked	2556928	Y	Same individual as U-2197 - do not treat the pair as two biological replicates.
adult	MUG-Myx1	Medical University of Graz-Myxofibrosarcoma 1	cell_line	Myxofibrosarcoma	myxofibrosarcoma	unknown	M	66Y	unknown	CVCL_T030	not banked; Medical University of Graz	24289252		Doubling time 24 h - one of the faster-growing MFS lines.
adult	MUG-Myx2a	MUG Myx2a	cell_line	Myxofibrosarcoma	myxofibrosarcoma	TP53 p.Arg213Gln; PTEN p.Arg173His; FGFR3 p.Phe386Leu; KDR p.Gln472His; KIT p.Met541Leu	F	94Y	unknown	CVCL_VJ87	not banked; Medical University of Graz	28304377	Y	NON-INDEPENDENT: MUG-Myx2a and MUG-Myx2b are from the SAME INDIVIDUAL (paired lines). Identical reported variant set.
adult	MUG-Myx2b	MUG Myx2b	cell_line	Myxofibrosarcoma	myxofibrosarcoma	TP53 p.Arg213Gln; PTEN p.Arg173His; FGFR3 p.Phe386Leu; KDR p.Gln472His; KIT p.Met541Leu	F	94Y	unknown	CVCL_VJ88	not banked; Medical University of Graz	28304377	Y	Same individual as MUG-Myx2a.
adult	NMFH-1 [RCB]	NMFH1 (Niigata)	cell_line	Myxofibrosarcoma	myxofibrosarcoma (MFH)	unknown	M	89Y	knee, hypodermis	CVCL_4661	RIKEN RCB2346	16080955	Y	NAME COLLISION: two entirely different cell lines are called NMFH-1, with very different STR profiles - this one (Niigata University, Kawashima et al., 89-year-old male, RIKEN RCB2346) and a second one (Shimada, 43-year-old male, JCRB JCRB1507). Papers citing 'NMFH-1' without a bank number are ambiguous.
adult	NMFH-1 [JCRB]	NMFH1 (Shimada)	cell_line	Myxofibrosarcoma	myxofibrosarcoma (MFH)	unknown	M	43Y	unknown	CVCL_AT70	JCRB JCRB1507	unknown	Y	Second, unrelated 'NMFH-1' - see the RCB entry above. Verify by STR/bank number before use.
adult	NMFH-2	NMFH2	cell_line	Myxofibrosarcoma	myxofibrosarcoma	unknown	M	79Y	arm, hypodermis	CVCL_4W18	not banked	19335880		Extremely slow growing (doubling time reported as 455 h) - impractical for most functional epigenomics.
adult	TNMY1	TNMY-1	cell_line	Undifferentiated pleomorphic sarcoma	UPS/MFH	unknown	F	60Y	unknown	CVCL_M836	not banked	11564213		Doubling time 62.7 h.
adult	FU-MFH-1	Fukuoka University-MFH-1	cell_line	Undifferentiated pleomorphic sarcoma	UPS/MFH	unknown	F	61Y	unknown	CVCL_M816	not banked; Fukuoka University	12810255		Doubling time ~72 h.
adult	MFH-ino	MFHino	cell_line	Undifferentiated pleomorphic sarcoma	UPS/MFH	NRAS p.Gln61Lys; TP53 wild-type	F	45Y	unknown	CVCL_1407	RIKEN RCB0749	1653597		One of the few UPS lines that is TP53 wild-type - useful contrast for p53-pathway epigenomics.
adult	SMU-MFS	SMU MFS	cell_line	Myxofibrosarcoma	myxofibrosarcoma	unknown	M	56Y	left forearm, hypodermis	CVCL_E6MG	not banked; Southern Medical University	39625530		Tumorigenic; STR-authenticated at establishment.
adult	NCC-MFS1-C1	NCC MFS1 C1	cell_line	Myxofibrosarcoma	myxofibrosarcoma	unknown	M	82Y	forearm, hypodermis	CVCL_VT41	not banked; NCC Japan	30737712		NCC series; STR-authenticated.
adult	NCC-MFS3-C1	NCC MFS3 C1	cell_line	Myxofibrosarcoma	myxofibrosarcoma	CDKN2A and CDKN2B homozygous deletion	F	74Y	thigh, hypodermis	CVCL_B3RM	not banked; NCC Japan	33990915		NCC series; CDKN2A/B-null.
adult	NCC-MFS5-C1	NCC MFS5 C1	cell_line	Myxofibrosarcoma	myxofibrosarcoma	CDKN2A, CDKN2B and TP53 deletion	M	60Y	right elbow, hypodermis	CVCL_B5YX	not banked; NCC Japan	35053323		NCC series; CDKN2A/B- and TP53-deleted.
adult	NCC-UPS2-C1	NCC UPS2 C1	cell_line	Undifferentiated pleomorphic sarcoma	UPS	unknown	F	84Y	unknown	CVCL_RP62	not banked; NCC Japan	29359268		Proteomically characterized at establishment.
adult	NCC-UPS3-C1	NCC UPS3 C1	cell_line	Undifferentiated pleomorphic sarcoma	UPS	CDKN2A and CDKN2B homozygous deletion	F	55Y	left buttock, hypodermis (metastasis)	CVCL_B3RN	not banked; NCC Japan	34665443		NCC series.
adult	NCC-PS1-C1	NCC PS1 C1; NCC-PS-C1 (misspelling)	cell_line	Undifferentiated pleomorphic sarcoma	pleomorphic sarcoma	CDKN2A p.Cys72Ter; TP53 p.Arg175His; NOTCH3 p.Arg1873Cys	F	72Y	popliteal fossa, hypodermis	CVCL_C5Z2	not banked; NCC Japan	36103079		Cellosaurus records the misspelling NCC-PS-C1 in its own releases 44-47.
adult	Shef-UPS 01	Shef UPS 01	cell_line	Undifferentiated pleomorphic sarcoma	UPS	unknown	F	53Y	lower limb, hypodermis	CVCL_C8V9	not banked; University of Sheffield	27560552		Sheffield 7-line STS panel; array-based molecular characterisation available.
adult	Shef-UPS 02	Shef UPS 02	cell_line	Undifferentiated pleomorphic sarcoma	UPS	unknown	M	76Y	lower limb, hypodermis	CVCL_C8VA	not banked; University of Sheffield	27560552		Sheffield panel.
adult	UACC-SARC1	UACC SARC1	cell_line	Undifferentiated pleomorphic sarcoma	radiation-induced UPS	unknown	F	52Y	unknown	CVCL_A7NG	not banked; University of Arizona	25644184		One of very few explicitly RADIATION-INDUCED sarcoma cell lines - valuable for therapy-related sarcoma epigenomics.
adult	RSAR004	RSAR-004	cell_line	Myxofibrosarcoma	myxofibrosarcoma	unknown	F	52Y	unknown	CVCL_E3NQ	Fukushima F-PDO project	unknown		Cellosaurus caution: labeled under the F-PDO organoid project but is a 2D cell line.
adult	Hs 913.T	HS 913T; Hs913T	cell_line	Fibrosarcoma	fibrosarcoma (used as UPS surrogate)	unknown	M	51Y	lung (metastasis)	CVCL_1017	ATCC HTB-152; ICLC HTL99012	3335022	Y	NON-INDEPENDENT: Cellosaurus records six sibling lines Hs 913(A-F).T from the same individual. Fibrosarcoma, not UPS.
adult	SW684	SW-684	cell_line	Fibrosarcoma	fibrosarcoma (used as UPS surrogate)	TP53 p.Arg213Ter hom; ERBB4 p.Glu452Lys	M	68Y	unknown	CVCL_1726	ATCC HTB-91; CLS 300422	833871		Fibrosarcoma, not UPS - commonly mis-slotted into UPS panels alongside HT-1080.
adult	SFT-T1	SFT T1	cell_line	Solitary fibrous tumor	NAB2::STAT6 (pleural SFT)	characteristic NAB2::STAT6 fusion present	M	50Y	lung, pleura	CVCL_C6JI	not banked; Medical University of Vienna	36428694		One of only 2 of 14 attempted SFT primo-cultures that achieved stable in vitro growth - illustrates how hard SFT is to model. Trabectedin-sensitive; synergy with ponatinib.
adult	SFT-T2	SFT T2	cell_line	Solitary fibrous tumor	NAB2::STAT6 (pleural SFT)	characteristic NAB2::STAT6 fusion present	F	45Y	lung, pleura	CVCL_C6JJ	not banked; Medical University of Vienna	36428694		Paired with SFT-T1 (different patients).
adult	SFT-S1	SFT S1	cell_line	Solitary fibrous tumor	NAB2 exon 3::STAT6 exon 18	fusion confirmed by RNA-seq + Sanger in both PDC and matched tumour; EGR1/EMT/FGF/TGFB programmes enriched	F	39Y	nose, nasal cavity	CVCL_D4AC	not banked	38070062		Only extra-pleural SFT model. Whole-genome sequenced. The source paper states explicitly that mechanistic study of SFT is 'impeded by scarcity and lack of system models'.
adult	SK-UT-1B	SKUT1B	cell_line	Leiomyosarcoma	uterine corpus leiomyosarcoma (label)	identical variant set inherited from SK-UT-1	F	75Y	uterus	CVCL_2250	ATCC HTB-115; CLS 300406; IZSLER BS TCL 210	2372783	Y	SUBLINE of SK-UT-1 - NOT an independent model; inherits the same diagnostic ambiguity.
adult	MES-SA	MESSA	cell_line	Leiomyosarcoma (label)	uterine corpus sarcoma NOS - LMS not confirmed	CDKN2A homozygous deletion; ARID1A 2 frameshifts; PTEN p.His272Thrfs*4; MSS	F	56Y	uterus	CVCL_1404	ATCC CRL-1976; ECACC 95051030; CLS 305827; ICLC HTL96008	6883344		Curated by Cellosaurus/NCIt as 'uterine corpus SARCOMA', NOT leiomyosarcoma. Widely used as an LMS line; the ARID1A/PTEN-mutant genotype again suggests endometrial rather than smooth-muscle lineage. Best known for its MDR derivative MES-SA/Dx5.
adult	SKN	SK-N (uterine)	cell_line	Leiomyosarcoma	uterine corpus leiomyosarcoma	unknown	F	52Y	uterus	CVCL_3167	JCRB JCRB0173; JCRB IFO50314; JCRB FDSC0031 (DISC.); RIKEN RCB0513	556976		One of the few genuinely uterine LMS lines with a bank deposit; oestrogen/progesterone receptor biology characterized in older literature.
adult	RKN	RKN (ovarian LMS)	cell_line	Leiomyosarcoma	ovarian leiomyosarcoma	KRAS p.Gly12Val; TP53 p.Arg175His; TERT alteration	F	45Y	ovary	CVCL_3156	JCRB JCRB0176; JCRB IFO50317; JCRB FDSC0033 (DISC.)	6512337		KRAS G12V is highly unusual for LMS - regard the lineage assignment with caution.
adult	TYLMS-1	TYLMS1	cell_line	Leiomyosarcoma	retroperitoneal leiomyosarcoma	unknown	F	41Y	retroperitoneum	CVCL_4W83	JCRB JCRB1521	unknown		Bank-deposited retroperitoneal LMS line; no indexed origin publication in Cellosaurus.
adult	NCC-LMS1-C1	NCC LMS1 C1	cell_line	Leiomyosarcoma	leiomyosarcoma of bone	unknown	F	42Y	rib (metastasis)	CVCL_LK56	not banked; NCC Japan	28981730	Y	NON-INDEPENDENT: same individual as NCC-LMS1-X3-C1 (CVCL_VM07), which was derived from the third xenograft passage. The two lines respond differently to drugs - a useful demonstration of xenograft-induced drift.
adult	NCC-LMS1-X3-C1	NCC LMS1 X3 C1	cell_line	Leiomyosarcoma	leiomyosarcoma of bone	unknown	F	42Y	rib (metastasis, via PDX passage 3)	CVCL_VM07	not banked; NCC Japan	29845452	Y	Same individual as NCC-LMS1-C1; derived after three murine passages.
adult	NCC-LMS2-C1	NCC LMS2 C1	cell_line	Leiomyosarcoma	leiomyosarcoma	unknown	F	90Y	thigh (metastasis)	CVCL_A4EE	not banked; NCC Japan	33001379		STR-authenticated.
adult	LMS04	LMS-04	cell_line	Leiomyosarcoma	leiomyosarcoma	unknown	F	unknown	unknown	CVCL_5H99	not banked; Institut Bergonie / Broad sarcoma panel	22919280		Part of a small LMS panel used in sarcoma kinase-dependency screens.
adult	Shef-LMS 01	Shef LMS 01 (w1/ws variants)	cell_line	Leiomyosarcoma	leiomyosarcoma	unknown	F	62Y	pelvis, hypodermis	CVCL_C8VE	not banked; University of Sheffield	27560552		Cellosaurus splits this into 'w1' and 'ws' morphological variants - cite the variant explicitly.
adult	ICLZ	-	unknown	Leiomyosarcoma (claimed)	unknown	unknown	unknown	unknown	unknown	unknown	none located	unknown	Y	NOT VERIFIABLE: 'ICLZ' returns no record in Cellosaurus, ATCC, DSMZ, JCRB, RIKEN, ECACC or the NCI PDMR, and no primary establishment paper could be located. Included here as an explicit negative so that it is not propagated further; do not cite as an LMS model without a primary reference.
adult	CH-2879	ch-2879; CH2879	cell_line	Chondrosarcoma	conventional central chondrosarcoma, grade 3	IDH1 and IDH2 WILD-TYPE; CDKN2A homozygous deletion; TP53 wild-type	F	35Y	rib / chest wall (recurrence)	CVCL_9921	not banked; Leiden / Bovee lab	12808123		Key IDH-WILD-TYPE comparator to the IDH-mutant lines (JJ012, L835, CDS17, SMU-DDCS). Continuous line from a recurrent grade 3 chondrosarcoma.
adult	L835	L-835	cell_line	Chondrosarcoma	secondary (peripheral) chondrosarcoma, grade III conventional central	IDH1 p.Arg132Cys heterozygous; CDKN2A homozygous deletion	M	54Y	left distal radius (metastasis)	CVCL_D708	not banked; Leiden / Cleton-Jansen lab	22928481		IDH1-mutant; STR profile available by personal communication only (Cellosaurus note).
adult	L2975	L-2975	cell_line	Chondrosarcoma	DEDIFFERENTIATED chondrosarcoma	IDH2 p.Arg172Trp heterozygous; CDKN2A homozygous deletion	M	57Y	spine (metastasis)	CVCL_D706	not banked; Leiden	22928481		One of the very few IDH2-mutant dedifferentiated chondrosarcoma lines; highest migration rate in the Leiden panel.
adult	L3252	L-3252	cell_line	Chondrosarcoma	DEDIFFERENTIATED chondrosarcoma	IDH1/IDH2 status not reported (presumed wild-type); CDKN2A homozygous deletion	F	52Y	rib	CVCL_D707	not banked; Leiden	22928481		IDH-wild-type dedifferentiated comparator.
adult	NDCS-1	NDCS1	cell_line	Chondrosarcoma	DEDIFFERENTIATED chondrosarcoma with osteoblastic differentiation	IDH1 and IDH2 WILD-TYPE; TP53 p.Cys242Ser	M	38Y	pleural effusion (lung metastasis); primary in distal femur	CVCL_EJ23	not banked; Japan	17653762		IDH-wild-type DDCS; doubling time 30 h - the fastest-growing DDCS line.
adult	CDS17	CDS-17	cell_line	Chondrosarcoma	DEDIFFERENTIATED chondrosarcoma	IDH2 p.Arg172Gly; TP53 p.Ser215Arg	M	49Y	cartilage	CVCL_WJ31	not banked; Spain	30987403		Retains cancer-stem-cell-like and invasive features; establishes subcutaneous and orthotopic models.
adult	T-CDS17	T CDS17	cell_line	Chondrosarcoma	DEDIFFERENTIATED chondrosarcoma (xenograft-derived)	IDH2 p.Arg172Gly; TP53 p.Ser215Arg	M	49Y	cartilage (via subcutaneous xenograft)	CVCL_WJ32	not banked	30987403	Y	Xenograft-passaged derivative of CDS17 - NOT independent. The paired CDS17/T-CDS17 comparison was designed to measure genomic drift during in vitro/in vivo growth.
adult	CDS11	CDS-11	cell_line	Chondrosarcoma	secondary (peripheral) chondrosarcoma	IDH mutation reported in the CDS series; status per line not resolved here	M	61Y	cartilage	CVCL_WJ30	not banked; Spain	30987403		Companion line to CDS06 and CDS17.
adult	SMU-DDCS	SMU DDCS	cell_line	Chondrosarcoma	DEDIFFERENTIATED chondrosarcoma	IDH1 p.Arg132Cys (IDH2 wild-type)	F	75Y	proximal femur, cartilage	CVCL_D1GI	not banked; Southern Medical University	37454032		IDH1 R132C dedifferentiated chondrosarcoma; tumorigenic in 3/4 mice; STR-authenticated.
adult	NCC-dCS1-C1	NCC dCS1 C1	cell_line	Chondrosarcoma	DEDIFFERENTIATED chondrosarcoma	CDKN2A and CREBBP deletion	F	65Y	rib	CVCL_UZ21	not banked; NCC Japan	30737713		CREBBP deletion is directly relevant to chromatin/epigenomic work.
adult	CH03	CH-03	cell_line	Chondrosarcoma	conventional central chondrosarcoma, high grade	TP53 p.Tyr107Thrfs*15	F	74Y	femur	CVCL_V562	not banked; France	23958880		Only 1 of 10 attempted biopsies yielded a stable line in the source study - illustrates chondrosarcoma model scarcity.
adult	GIST48B	GIST-48B	cell_line	Gastrointestinal stromal tumor	KIT exon 11 + exon 17, KIT-protein-negative	same KIT genotype as GIST48 but KIT transcript and protein essentially UNDETECTABLE	unknown	unknown	unknown	CVCL_M441	not banked; Fletcher lab	19706776	Y	Subline of GIST48 - NOT independent. Its value is as a KIT-independent counterpart; the KIT silencing is epigenetic and it is therefore a directly relevant model for the epigenomics white paper.
adult	GIST430B	GIST-430B	cell_line	Gastrointestinal stromal tumor	KIT exon 11 + exon 13, KIT-protein-negative	same genotype as GIST430; has LOST KIT protein expression	unknown	unknown	unknown	CVCL_A9N1	not banked	30488756	Y	Imatinib-selected subline of GIST430 - NOT independent. KIT-expression loss again looks epigenetic.
adult	GIST226	GIST-226	cell_line	Gastrointestinal stromal tumor	KIT exon 11 + secondary exon 17	KIT p.Lys550_Trp557del (exon 11) + p.Tyr823Asp (exon 17)	unknown	unknown	unknown	CVCL_A9M8	not banked	29866822		Second activation-loop resistance model (Y823D).
adult	GIST882IMR	GIST882 IMR	cell_line	Gastrointestinal stromal tumor	KIT exon 13, KIT-protein-negative	KIT p.Lys642Glu retained; KIT protein expression LOST; imatinib-resistant	unknown	unknown	unknown	CVCL_A9N2	not banked	30488756	Y	Imatinib-selected subline of GIST882 - NOT independent.
adult	GIST-T1/670	GIST-T1 T670I; GIST-5R	cell_line	Gastrointestinal stromal tumor	KIT exon 11 + gatekeeper exon 14	KIT p.Val560_Tyr578del + p.Thr670Ile (gatekeeper)	F	47Y	pleural effusion	CVCL_A9M9	not banked	25239608	Y	Imatinib-selected GIST-T1 subline - not independent.
adult	GIST-M	GIST M	cell_line	Gastrointestinal stromal tumor	KIT exon 11 insertion	KIT p.Pro573_Thr574insSerPro	F	62Y	duodenum	CVCL_C1HV	not banked	unknown		Rare duodenal GIST line with an insertion rather than deletion in exon 11.
adult	GK1C	GK-1C	cell_line	Gastrointestinal stromal tumor	KIT exon 11	KIT p.Lys550_Lys558del	unknown	unknown	unknown	CVCL_M442	not banked	23619463		unknown
adult	GK3C	GK-3C	cell_line	Gastrointestinal stromal tumor	KIT exon 11	KIT p.Phe590_Gly591del	unknown	unknown	unknown	CVCL_M443	not banked	23619463		unknown
adult	ImGIST	Im-GIST	cell_line	Gastrointestinal stromal tumor	KIT exon 11, SV40-immortalised	KIT p.Val560del; SV40 large-T + puromycin resistance transduced	F	64Y	stomach	CVCL_D1GJ	not banked	37686448	Y	SV40 large-T IMMORTALISED - the transformation itself remodels p53/RB-dependent chromatin, so this line is a poor substrate for GIST epigenomics despite its convenient growth.
adult	SD-437A	SD437A	cell_line	Gastrointestinal stromal tumor	SDH-DEFICIENT GIST (SDHA)	SDHA splice-site c.1432_1432+1delGG	unknown	unknown	unknown	unknown	not banked; NCI/NIH	34426440		FIRST patient-derived SDH-deficient GIST models. No Cellosaurus/RRID entry yet located. These are the only SDH-deficient GIST cellular models in existence; all classical GIST lines above are KIT-mutant, so the entire SDH-deficient (Carney/Carney-Stratakis, pediatric-and-young-adult, DNA-hypermethylated) arm of GIST is otherwise unmodelled.
adult	SD-424B	SD424B	cell_line	Gastrointestinal stromal tumor	SDH-DEFICIENT GIST (SDHB)	SDHB p.Arg90Ter	unknown	unknown	unknown	unknown	not banked; NCI/NIH	34426440		See SD-437A. SDH-deficient GIST is defined by genome-wide DNA HYPERMETHYLATION driven by succinate accumulation - directly central to a sarcoma epigenomics white paper.
adult	SD-435C	SD435C	cell_line	Gastrointestinal stromal tumor	SDH-DEFICIENT GIST (SDHC)	SDHC p.Arg133Ter	unknown	unknown	unknown	unknown	not banked; NCI/NIH	34426440		See SD-437A.
adult	UZLX-GIST1	UZLX GIST1	PDX	Gastrointestinal stromal tumor	KIT exon 11	KIT p.Val560Asp (exon 11); imatinib/sunitinib sensitive in vivo	unknown	unknown	unknown	unknown	KU Leuven / UZ Leuven GIST PDX platform	39853155		12-model GIST PDX platform; human origin re-confirmed by HLA-A IHC at every passage and mutations stable across passaging.
adult	UZLX-GIST2B	UZLX GIST2B	PDX	Gastrointestinal stromal tumor	KIT exon 9 + secondary	KIT p.Ala502_Tyr503dup (exon 9) plus secondary mutation; imatinib dose-dependent sensitivity	unknown	unknown	unknown	unknown	KU Leuven GIST PDX platform	39853155		Exon-9 GIST is clinically imatinib-dose-dependent; this model reproduces that.
adult	UZLX-GIST9	UZLX GIST9	PDX	Gastrointestinal stromal tumor	KIT exon 11 (triple mutant) + exon 17	KIT p.Pro577del + p.Trp557LeufsX5 (exon 11) + p.Asp820Gly (exon 17); imatinib/sunitinib RESISTANT, regorafenib sensitive	unknown	unknown	unknown	unknown	KU Leuven GIST PDX platform	39853155		Best available multi-TKI-resistant GIST model.
adult	UZLX-GIST70	UZLX GIST70	PDX	Gastrointestinal stromal tumor	PDGFRA exon 18 D842V	PDGFRA p.Asp842Val (exon 18); imatinib-resistant, avapritinib-sensitive clinically	unknown	unknown	unknown	unknown	KU Leuven GIST PDX platform	39853155		THE ONLY PDGFRA D842V GIST MODEL IDENTIFIED. No PDGFRA-mutant GIST CELL LINE exists in Cellosaurus - every banked/immortal GIST line is KIT-mutant, so PDGFRA-mutant GIST (~5-10% of GIST, imatinib-refractory) is modeled only in vivo.
adult	UZLX-GIST76	UZLX GIST76	PDX	Gastrointestinal stromal tumor	KIT exon 11 + exon 17	KIT p.Trp557_Lys558del + p.Tyr823Asp	unknown	unknown	unknown	unknown	KU Leuven GIST PDX platform	39853155	Y	GENOTYPE DISCORDANCE: the clinical NGS report for the donor recorded KIT exon 11 + exon 13, whereas the received and passaged material carried exon 11 + exon 17. Documented in the source paper.
adult	UZLX-GIST4	UZLX GIST4	PDX	Gastrointestinal stromal tumor	KIT exon 11	KIT p.Lys558_Gly565delinsArg (exon 11); imatinib/sunitinib sensitive in vivo	unknown	unknown	unknown	unknown	KU Leuven GIST PDX platform	39853155		unknown
adult	[NO AUTHENTICATED MALIGNANT PEComa MODEL]	-	none	Malignant PEComa	TSC1/TSC2 loss, or TFE3 (ASPSCR1::TFE3 / RBM10::TFE3) rearrangement	-	-	-	-	none	none	-	Y	KEY NEGATIVE FINDING: Cellosaurus returns ZERO cell lines for the disease term 'Perivascular epithelioid cell tumor', and no malignant PEComa cell line, PDX or organoid could be found in ATCC, DSMZ, JCRB, RIKEN, ECACC, the NCI PDMR or EuroPDX. Work on malignant PEComa uses BENIGN/related TSC-pathway surrogates instead (see next four rows). No TFE3-rearranged PEComa model of any kind was identified.
adult	SV7tert	SV7-tert	cell_line	Renal angiomyolipoma (PEComa-family surrogate)	TSC2-associated angiomyolipoma, hTERT-immortalised	TSC2-deficient; hTERT- and SV40-based immortalisation	unknown	unknown	kidney	CVCL_3602	not banked	unknown	Y	Engineered/immortalised - transformation artefacts make it unsuitable for epigenomic inference. Related entries SV6 (CVCL_0E03), SV7 (CVCL_J654) and SV7tert-PDGF sublines exist.
adult	JHU-ESS1	JHUESS1	cell_line	Endometrial stromal sarcoma	JAZF1::PHF1 fusion	JAZF1::PHF1 chimera confirmed	F	27Y	endometrium	CVCL_S824	not banked; Johns Hopkins	1591708		THE ONLY FUSION-AUTHENTICATED ESS LINE identified. JAZF1::PHF1 (a PRC2-related fusion, PMID 18722875) makes it directly relevant to a sarcoma epigenomics white paper - PHF1 is a Polycomb-like PRC2 component.
adult	ESS-1	ESS1	cell_line	Endometrial stromal sarcoma (label)	no JAZF1::SUZ12 or JAZF1::PHF1 fusion reported	PIK3CA p.Glu545Lys; PTEN p.Arg142Trp; TP53 p.Arg213Ter hom; FBXW7 p.Arg465Cys + p.Glu694Ter; MSS	F	76Y	endometrium	CVCL_1205	DSMZ ACC-461	9663606	Y	LINEAGE DOUBT (no formal Cellosaurus flag): the ESS-1 genotype (PIK3CA E545K, PTEN, TP53, FBXW7) is an ENDOMETRIAL CARCINOMA signature; low-grade ESS is fusion-driven with a quiet genome and no such mutation burden. No JAZF1 fusion has ever been reported in ESS-1. It is nonetheless the only bank-available 'ESS' line and is in DepMap (ACH-000913) with methylome data.
adult	OMC-9	OMC9	cell_line	Endometrial stromal sarcoma	fusion status unknown	unknown	F	55Y	endometrium	CVCL_3355	RIKEN RCB2832	18397474		Bank-available; fusion status not reported.
adult	RSAR003	RSAR-003	cell_line	Endometrial stromal sarcoma	fusion status unknown	unknown	F	52Y	endometrium	CVCL_E3NP	Fukushima F-PDO project	unknown		Cellosaurus caution: 2D cell line despite the organoid-project label.
adult	PIS-1	PIS1	cell_line	Intimal sarcoma	pulmonary artery intimal sarcoma	MDM2 PROTEIN POSITIVE by immunocytochemistry (consistent with the defining 12q13-15/MDM2 amplification of intimal sarcoma); vimentin+, CD44+; SMA-, CD31-, vWF-, desmin-	F	unknown	pulmonary artery / lung	CVCL_ZY04	JCRB JCRB1806	30925179		THE ONLY INTIMAL SARCOMA CELL LINE IN EXISTENCE (Cellosaurus disease term 'Intimal sarcoma' returns exactly one entry). Bank-available via JCRB. Characterized at passage 8-9 only, so its long-term stability is unproven. Note that intimal sarcoma shares the MDM2/CDK4 12q amplicon with WD/DDLPS - PIS-1 is a useful cross-entity comparator.
adult	[NO SOFT-TISSUE MYOEPITHELIAL CARCINOMA MODEL]	-	none	Myoepithelial carcinoma of soft tissue	EWSR1::POU5F1, EWSR1::PBX1, EWSR1::ZNF444, FUS::KLF17; or SMARCB1/INI1 loss	-	-	-	-	none	none	-	Y	KEY NEGATIVE FINDING: no cell line, PDX or organoid of soft-tissue myoepithelial carcinoma exists in Cellosaurus, ATCC, DSMZ, JCRB, RIKEN, ECACC or the NCI PDMR. Searching Cellosaurus for 'myoepithelial' returns only SALIVARY GLAND epithelial-myoepithelial carcinoma lines (e.g. CEM 2cl CVCL_Y484, UTSW-EMC23 CVCL_Y491) and breast myoepithelial lines (HMS-4) - none is a soft-tissue myoepithelial carcinoma and none carries an EWSR1 rearrangement. Given that many of these tumors are SMARCB1-deficient, this is a conspicuous gap for chromatin-remodeller-driven sarcoma biology.
adult	NF90-8	NF90.8; 90-8TL	cell_line	Malignant peripheral nerve sheath tumor	NF1-associated MPNST	NF1-associated	F	17Y	left forearm	CVCL_1B47	not banked	1568246		Also circulates as '90-8TL'; a naming hazard.
adult	HS-SY-2	HS-SY-II; HSSY2	cell_line	Synovial sarcoma	monophasic; SS18::SSX1	SS18::SSX1 fusion (PubMed=1331610)	M	adult	pleural effusion (metastasis)	CVCL_8719	RIKEN RCB2231	1331610		NAME HAZARD: universally written 'HS-SY-II' in papers but indexed as 'HS-SY-2' in Cellosaurus.
